# 048_hammer with the handle shortened to 0.105 m (a third of its
# original length plus 2 cm), so the tool fits the tabletop scenes.
# Decimated by vertex clustering to the ~16k-face density of the
# other assets, yawed 158 deg so the handle runs along +y (the
# mesh's own frame puts it diagonal, where an axis-aligned box
# cover reaches only 46%), clipped and capped, then centred on its
# plan bounding box with the underside at z = 0.
# Vertices: 5338
# Faces: 10502
v 0.065690 -0.034405 0.004722
v 0.065737 -0.034332 0.006962
v 0.065850 -0.034167 0.009548
v 0.065795 -0.034171 0.011338
v 0.065639 -0.034226 0.020788
v 0.065983 -0.034017 0.022267
v 0.065980 -0.033975 0.024725
v 0.065712 -0.034174 0.027323
v 0.065436 -0.034288 0.029444
v 0.064433 -0.036524 0.000538
v 0.065417 -0.035715 0.001849
v 0.065743 -0.035783 0.004303
v 0.065748 -0.035819 0.006890
v 0.065747 -0.035810 0.009401
v 0.065402 -0.035816 0.012175
v 0.065156 -0.035708 0.020499
v 0.065418 -0.035766 0.022118
v 0.065346 -0.035740 0.024827
v 0.065279 -0.035678 0.027305
v 0.065135 -0.035521 0.029893
v 0.064942 -0.035742 0.031831
v 0.064112 -0.036992 0.000540
v 0.064321 -0.038003 0.001673
v 0.064451 -0.038126 0.004386
v 0.064486 -0.038103 0.006949
v 0.064393 -0.038177 0.009523
v 0.064283 -0.038066 0.012154
v 0.063824 -0.038114 0.013417
v 0.064058 -0.037950 0.020476
v 0.064185 -0.037972 0.022243
v 0.064048 -0.038101 0.024856
v 0.064018 -0.037976 0.027360
v 0.063971 -0.037717 0.029766
v 0.064116 -0.037228 0.031678
v 0.063047 -0.040275 0.002008
v 0.063127 -0.040273 0.004380
v 0.063107 -0.040377 0.006882
v 0.063041 -0.040335 0.009469
v 0.062997 -0.040224 0.012006
v 0.063136 -0.039608 0.020511
v 0.063133 -0.039660 0.022206
v 0.063117 -0.039690 0.024750
v 0.063168 -0.039387 0.027125
v 0.063282 -0.039044 0.028966
v 0.062245 -0.041657 0.002353
v 0.062250 -0.041643 0.004416
v 0.062255 -0.041694 0.007053
v 0.062222 -0.041732 0.008627
v 0.065075 -0.034206 0.004310
v 0.064957 -0.034065 0.007142
v 0.064991 -0.033896 0.009478
v 0.064892 -0.033927 0.011380
v 0.064848 -0.033915 0.020771
v 0.064497 -0.033410 0.022298
v 0.064480 -0.033194 0.024776
v 0.064445 -0.033404 0.027230
v 0.064559 -0.033701 0.029970
v 0.064309 -0.033861 0.031324
v 0.063866 -0.035907 0.000531
v 0.063572 -0.034981 0.001497
v 0.063643 -0.034451 0.004302
v 0.063362 -0.034203 0.006948
v 0.063050 -0.034460 0.009623
v 0.063579 -0.035105 0.012005
v 0.064328 -0.036253 0.013307
v 0.064004 -0.035292 0.020480
v 0.062869 -0.034631 0.021997
v 0.062788 -0.034026 0.024819
v 0.062903 -0.033878 0.027234
v 0.063011 -0.033831 0.029876
v 0.063636 -0.034854 0.032315
v 0.063410 -0.036637 0.000528
v 0.062446 -0.037409 0.000711
v 0.062326 -0.037090 0.012274
v 0.063093 -0.037956 0.013522
v 0.062772 -0.037584 0.020361
v 0.061725 -0.036865 0.021465
v 0.063382 -0.038536 0.030586
v 0.062827 -0.037566 0.032494
v 0.061642 -0.039778 0.000921
v 0.061263 -0.039631 0.012744
v 0.062013 -0.039947 0.013638
v 0.061668 -0.039810 0.020232
v 0.062246 -0.040474 0.022112
v 0.062418 -0.040761 0.024891
v 0.062523 -0.040448 0.027377
v 0.062492 -0.040095 0.029905
v 0.061699 -0.039762 0.032286
v 0.060955 -0.042193 0.001654
v 0.061541 -0.042728 0.004360
v 0.061490 -0.042759 0.006938
v 0.061538 -0.042617 0.009603
v 0.061496 -0.042383 0.012040
v 0.060455 -0.042073 0.013785
v 0.060678 -0.042108 0.020031
v 0.061400 -0.042395 0.022220
v 0.061352 -0.042393 0.024826
v 0.061319 -0.042324 0.027342
v 0.061072 -0.042256 0.029852
v 0.060499 -0.041954 0.032140
v 0.059769 -0.044379 0.002009
v 0.060306 -0.044650 0.004389
v 0.060271 -0.044691 0.006910
v 0.060213 -0.044670 0.009455
v 0.060115 -0.044618 0.012086
v 0.059290 -0.044383 0.013944
v 0.059518 -0.044381 0.019940
v 0.059965 -0.044529 0.022182
v 0.059910 -0.044577 0.024695
v 0.059856 -0.044440 0.027292
v 0.059594 -0.044476 0.029789
v 0.059210 -0.044209 0.031838
v 0.058442 -0.046621 0.002232
v 0.058870 -0.046813 0.004346
v 0.058788 -0.046832 0.006944
v 0.058729 -0.046817 0.009502
v 0.058670 -0.046771 0.012025
v 0.058225 -0.046552 0.014142
v 0.058296 -0.046615 0.019959
v 0.058451 -0.046698 0.022280
v 0.058415 -0.046665 0.024767
v 0.058321 -0.046636 0.027355
v 0.058129 -0.046584 0.029927
v 0.057921 -0.046239 0.031686
v 0.057065 -0.048886 0.002517
v 0.057310 -0.049005 0.004365
v 0.057316 -0.048928 0.006944
v 0.057230 -0.048959 0.009498
v 0.057108 -0.048979 0.012042
v 0.057038 -0.048731 0.014078
v 0.056934 -0.048718 0.019982
v 0.056915 -0.048829 0.022256
v 0.056892 -0.048783 0.024817
v 0.056937 -0.048620 0.027316
v 0.056927 -0.048359 0.029619
v 0.057025 -0.047804 0.031442
v 0.056011 -0.050611 0.002818
v 0.055947 -0.050952 0.004363
v 0.055964 -0.050897 0.006822
v 0.055995 -0.050708 0.009365
v 0.056046 -0.050387 0.011821
v 0.056064 -0.050209 0.013791
v 0.056103 -0.049985 0.020322
v 0.056104 -0.050010 0.022271
v 0.061682 -0.035278 0.002118
v 0.061791 -0.035052 0.004447
v 0.061864 -0.035035 0.006907
v 0.061878 -0.035345 0.009028
v 0.061842 -0.035056 0.022990
v 0.061806 -0.034946 0.024714
v 0.061721 -0.034766 0.027399
v 0.061745 -0.034661 0.029816
v 0.061717 -0.034880 0.031948
v 0.060687 -0.036688 0.001826
v 0.060582 -0.036577 0.004423
v 0.060705 -0.036626 0.006922
v 0.060875 -0.036645 0.009465
v 0.060985 -0.037103 0.011097
v 0.060756 -0.036738 0.022560
v 0.060463 -0.036614 0.024756
v 0.060080 -0.036395 0.027343
v 0.060164 -0.036365 0.029889
v 0.060434 -0.036568 0.032218
v 0.059292 -0.038863 0.001650
v 0.058874 -0.038660 0.004449
v 0.058992 -0.038669 0.006841
v 0.059038 -0.038737 0.009530
v 0.059618 -0.039109 0.011473
v 0.060005 -0.039910 0.020782
v 0.059260 -0.038779 0.022278
v 0.058659 -0.038517 0.024722
v 0.058501 -0.038540 0.027340
v 0.058482 -0.038366 0.029808
v 0.059067 -0.038710 0.032201
v 0.058043 -0.040941 0.001654
v 0.057604 -0.040070 0.004240
v 0.057575 -0.040152 0.006979
v 0.057512 -0.040386 0.009526
v 0.058425 -0.041207 0.012070
v 0.059092 -0.042355 0.013436
v 0.058989 -0.041592 0.020494
v 0.057968 -0.040757 0.021842
v 0.057581 -0.039893 0.024356
v 0.057577 -0.039537 0.027801
v 0.058333 -0.041063 0.032472
v 0.057263 -0.043463 0.001503
v 0.057056 -0.043334 0.012385
v 0.057978 -0.043914 0.013761
v 0.057488 -0.043691 0.020207
v 0.056516 -0.043012 0.021276
v 0.057382 -0.043580 0.032309
v 0.056365 -0.045878 0.001687
v 0.055735 -0.045305 0.012708
v 0.056574 -0.045973 0.014105
v 0.056294 -0.045878 0.019869
v 0.056418 -0.045896 0.032126
v 0.055396 -0.048204 0.001876
v 0.054535 -0.047058 0.013151
v 0.055384 -0.048117 0.014402
v 0.055430 -0.048251 0.019384
v 0.056080 -0.049869 0.026015
v 0.056126 -0.049729 0.027646
v 0.056142 -0.049305 0.030134
v 0.055554 -0.048226 0.031823
v 0.054463 -0.050715 0.002270
v 0.055202 -0.052003 0.004339
v 0.055204 -0.051945 0.007185
v 0.055227 -0.051777 0.009660
v 0.055317 -0.051437 0.012092
v 0.054644 -0.050692 0.014537
v 0.054742 -0.050735 0.019537
v 0.055275 -0.051101 0.022261
v 0.055365 -0.050937 0.024716
v 0.055251 -0.050959 0.027301
v 0.055069 -0.050847 0.029958
v 0.054189 -0.050438 0.031652
v 0.053473 -0.052907 0.002594
v 0.054277 -0.053310 0.004376
v 0.054244 -0.053324 0.006951
v 0.054129 -0.053323 0.009420
v 0.054058 -0.053150 0.012061
v 0.053484 -0.052842 0.014543
v 0.053487 -0.052937 0.019527
v 0.053806 -0.053102 0.022334
v 0.053826 -0.053020 0.024830
v 0.053727 -0.053041 0.027312
v 0.053516 -0.052974 0.029867
v 0.052923 -0.052565 0.031504
v 0.052037 -0.054880 0.002780
v 0.052693 -0.055443 0.004279
v 0.052724 -0.055390 0.006886
v 0.052584 -0.055417 0.009533
v 0.052498 -0.055254 0.012040
v 0.052152 -0.055066 0.014618
v 0.052135 -0.055111 0.019570
v 0.052221 -0.055210 0.022302
v 0.052216 -0.055150 0.024831
v 0.052171 -0.055098 0.027328
v 0.051836 -0.055071 0.029961
v 0.051673 -0.054519 0.031258
v 0.050950 -0.056558 0.002982
v 0.051043 -0.057450 0.004209
v 0.051174 -0.057452 0.006929
v 0.051007 -0.057473 0.009454
v 0.050907 -0.057344 0.012088
v 0.050787 -0.057202 0.014491
v 0.050826 -0.056975 0.019677
v 0.050837 -0.056968 0.022260
v 0.050841 -0.056925 0.024802
v 0.050830 -0.056826 0.027155
v 0.050831 -0.056419 0.029584
v 0.049871 -0.059045 0.004564
v 0.049866 -0.059099 0.006872
v 0.049926 -0.058893 0.009298
v 0.049944 -0.058582 0.011869
v 0.049940 -0.058487 0.013361
v 0.057553 -0.039360 0.025760
v 0.057584 -0.039293 0.030334
v 0.057526 -0.039276 0.031635
v 0.056675 -0.041212 0.002518
v 0.056618 -0.041011 0.004486
v 0.056597 -0.041131 0.006929
v 0.056576 -0.041359 0.009591
v 0.056614 -0.041512 0.011048
v 0.056450 -0.041056 0.022798
v 0.056493 -0.040704 0.024910
v 0.056551 -0.040443 0.027306
v 0.056572 -0.040420 0.029921
v 0.056671 -0.040577 0.031798
v 0.055513 -0.042828 0.002295
v 0.055100 -0.042565 0.004466
v 0.055164 -0.042639 0.006837
v 0.055144 -0.042556 0.009459
v 0.055467 -0.042936 0.011237
v 0.055041 -0.042766 0.022415
v 0.054639 -0.042372 0.024790
v 0.054779 -0.042477 0.027285
v 0.054700 -0.042521 0.029838
v 0.055226 -0.042732 0.031864
v 0.053951 -0.044887 0.002198
v 0.053283 -0.044426 0.004570
v 0.053343 -0.044394 0.006940
v 0.053283 -0.044458 0.009531
v 0.054067 -0.045091 0.011519
v 0.054746 -0.045967 0.020633
v 0.053849 -0.044773 0.021954
v 0.053342 -0.043852 0.024812
v 0.053384 -0.043842 0.027216
v 0.053291 -0.043726 0.029721
v 0.054009 -0.044817 0.032000
v 0.053039 -0.047238 0.001959
v 0.053126 -0.047186 0.012220
v 0.053804 -0.048353 0.013685
v 0.053495 -0.047616 0.020348
v 0.052490 -0.046886 0.021359
v 0.053052 -0.047280 0.031991
v 0.052100 -0.049552 0.002004
v 0.051761 -0.049384 0.012628
v 0.052627 -0.050030 0.014005
v 0.052153 -0.049721 0.019986
v 0.051409 -0.048475 0.021086
v 0.052090 -0.049677 0.031835
v 0.051165 -0.052047 0.002133
v 0.050453 -0.051345 0.012979
v 0.051306 -0.052204 0.014367
v 0.051176 -0.051946 0.019408
v 0.051095 -0.051993 0.031702
v 0.050168 -0.054359 0.002387
v 0.050028 -0.054303 0.014894
v 0.050115 -0.054296 0.018949
v 0.050227 -0.054332 0.031497
v 0.049226 -0.056597 0.002715
v 0.049753 -0.057883 0.003176
v 0.049245 -0.056683 0.015477
v 0.049375 -0.056899 0.018813
v 0.050023 -0.057987 0.022227
v 0.050001 -0.057964 0.024831
v 0.050026 -0.057776 0.027459
v 0.050074 -0.057319 0.030100
v 0.049054 -0.056479 0.031344
v 0.047744 -0.058608 0.002928
v 0.048799 -0.059650 0.003835
v 0.049048 -0.060128 0.006961
v 0.049060 -0.059908 0.009604
v 0.049127 -0.059640 0.012090
v 0.048871 -0.059182 0.014858
v 0.047580 -0.059136 0.017132
v 0.048818 -0.059159 0.019358
v 0.048901 -0.059373 0.022235
v 0.048914 -0.059275 0.024772
v 0.048812 -0.059320 0.027292
v 0.048401 -0.059211 0.030136
v 0.047716 -0.058376 0.031201
v 0.047400 -0.061437 0.004132
v 0.047775 -0.061666 0.006879
v 0.047722 -0.061577 0.009523
v 0.047519 -0.061555 0.012090
v 0.047394 -0.061437 0.014638
v 0.046625 -0.061167 0.017138
v 0.047205 -0.061390 0.019510
v 0.047189 -0.061461 0.022189
v 0.047146 -0.061397 0.024691
v 0.047169 -0.061322 0.027400
v 0.046753 -0.061228 0.029972
v 0.045947 -0.063561 0.004490
v 0.046095 -0.063688 0.007006
v 0.046001 -0.063636 0.009545
v 0.045794 -0.063631 0.011948
v 0.045641 -0.063568 0.014602
v 0.045611 -0.063002 0.016706
v 0.045553 -0.063379 0.019639
v 0.045659 -0.063244 0.022213
v 0.045610 -0.063238 0.024734
v 0.045645 -0.063077 0.027287
v 0.045647 -0.062677 0.029500
v 0.044702 -0.065237 0.004890
v 0.044689 -0.065315 0.006880
v 0.044670 -0.065206 0.009371
v 0.044690 -0.064964 0.011685
v 0.044687 -0.064727 0.014225
v 0.052417 -0.045209 0.003032
v 0.052362 -0.045328 0.004137
v 0.052297 -0.045425 0.007088
v 0.052310 -0.045429 0.009600
v 0.052081 -0.045028 0.022890
v 0.052265 -0.044749 0.024716
v 0.052214 -0.044716 0.027425
v 0.052232 -0.044548 0.030010
v 0.052346 -0.044974 0.031530
v 0.051337 -0.046782 0.002721
v 0.051134 -0.046576 0.004429
v 0.051120 -0.046535 0.006931
v 0.051088 -0.046506 0.009534
v 0.051232 -0.046850 0.011267
v 0.050898 -0.046573 0.022463
v 0.050551 -0.046348 0.024729
v 0.050651 -0.046298 0.027289
v 0.050646 -0.046277 0.029882
v 0.051149 -0.046699 0.031639
v 0.049855 -0.048770 0.002488
v 0.049086 -0.048295 0.004387
v 0.049158 -0.048294 0.006904
v 0.049128 -0.048222 0.009538
v 0.049904 -0.048859 0.011502
v 0.050579 -0.049694 0.020899
v 0.049674 -0.048615 0.021918
v 0.049205 -0.047568 0.024881
v 0.049135 -0.047511 0.027466
v 0.049041 -0.047783 0.030163
v 0.049791 -0.048824 0.031629
v 0.048766 -0.050975 0.002365
v 0.048736 -0.051103 0.012034
v 0.049299 -0.051439 0.020490
v 0.048352 -0.050668 0.021422
v 0.048818 -0.051069 0.031671
v 0.047797 -0.053365 0.002399
v 0.047588 -0.053153 0.012520
v 0.048525 -0.053961 0.013614
v 0.047874 -0.053540 0.020117
v 0.047144 -0.052295 0.021131
v 0.047819 -0.053437 0.031639
v 0.046893 -0.055704 0.002487
v 0.046304 -0.055199 0.012905
v 0.047212 -0.056098 0.014475
v 0.047581 -0.057250 0.015904
v 0.046795 -0.055656 0.019389
v 0.046836 -0.055800 0.031487
v 0.046015 -0.058260 0.002704
v 0.045517 -0.057900 0.014572
v 0.046420 -0.058627 0.016966
v 0.045418 -0.057360 0.019109
v 0.046475 -0.059722 0.031125
v 0.045951 -0.058111 0.031320
v 0.044771 -0.060221 0.002898
v 0.045492 -0.061356 0.003233
v 0.044264 -0.059389 0.015299
v 0.045198 -0.060457 0.016963
v 0.045535 -0.061040 0.031069
v 0.044558 -0.060156 0.031220
v 0.043572 -0.061694 0.003061
v 0.044048 -0.063043 0.003410
v 0.044698 -0.063137 0.017232
v 0.044690 -0.064403 0.019613
v 0.044735 -0.064291 0.022065
v 0.044723 -0.064222 0.024699
v 0.044723 -0.064093 0.027509
v 0.044269 -0.063180 0.030504
v 0.043688 -0.061743 0.031165
v 0.043288 -0.065489 0.004125
v 0.043776 -0.066322 0.006909
v 0.043777 -0.066196 0.009516
v 0.043784 -0.065947 0.012004
v 0.043838 -0.065677 0.014621
v 0.043479 -0.065431 0.017100
v 0.043747 -0.065521 0.019641
v 0.043700 -0.065486 0.022258
v 0.043710 -0.065433 0.024839
v 0.043616 -0.065354 0.027270
v 0.042954 -0.065219 0.030052
v 0.042038 -0.067500 0.004589
v 0.042459 -0.067759 0.006885
v 0.042436 -0.067674 0.009486
v 0.042229 -0.067679 0.012034
v 0.042096 -0.067607 0.014575
v 0.041899 -0.067496 0.017119
v 0.041959 -0.067491 0.019687
v 0.041923 -0.067493 0.022196
v 0.041879 -0.067502 0.024804
v 0.041796 -0.067455 0.027406
v 0.041471 -0.067283 0.029774
v 0.040579 -0.069480 0.004950
v 0.040603 -0.069730 0.006943
v 0.040516 -0.069739 0.009542
v 0.040425 -0.069657 0.012026
v 0.040448 -0.069421 0.014588
v 0.040400 -0.069242 0.017211
v 0.040437 -0.069203 0.019535
v 0.040421 -0.069177 0.022188
v 0.040381 -0.069134 0.024692
v 0.040458 -0.068910 0.027311
v 0.040505 -0.068559 0.029474
v 0.039509 -0.070871 0.005310
v 0.039462 -0.070943 0.006665
v 0.039475 -0.070833 0.009543
v 0.039502 -0.070692 0.011319
v 0.048075 -0.049328 0.004541
v 0.048087 -0.049189 0.007442
v 0.048068 -0.049186 0.009538
v 0.047957 -0.048808 0.023001
v 0.048095 -0.048460 0.024802
v 0.048130 -0.048538 0.027362
v 0.048175 -0.048581 0.029840
v 0.047054 -0.050665 0.002766
v 0.046969 -0.050321 0.004349
v 0.047080 -0.050322 0.006914
v 0.046881 -0.050308 0.009566
v 0.047047 -0.050722 0.011181
v 0.046630 -0.050393 0.022591
v 0.046290 -0.049988 0.024797
v 0.046448 -0.050065 0.027315
v 0.046616 -0.050167 0.029883
v 0.047105 -0.050765 0.031392
v 0.045815 -0.052736 0.002741
v 0.044954 -0.052241 0.004347
v 0.045030 -0.052234 0.006975
v 0.044901 -0.051990 0.009495
v 0.045424 -0.052593 0.011397
v 0.046143 -0.053718 0.020886
v 0.045339 -0.052308 0.021955
v 0.044730 -0.051472 0.024887
v 0.044842 -0.051623 0.027310
v 0.044930 -0.051746 0.030075
v 0.045630 -0.052703 0.031419
v 0.044521 -0.054821 0.002782
v 0.043832 -0.053405 0.004439
v 0.043861 -0.053306 0.006091
v 0.044520 -0.054827 0.012047
v 0.045067 -0.055392 0.020561
v 0.044169 -0.054547 0.021331
v 0.044511 -0.054819 0.031421
v 0.043562 -0.057145 0.002751
v 0.043418 -0.057022 0.012567
v 0.044072 -0.058073 0.013590
v 0.043627 -0.057444 0.020037
v 0.043060 -0.056308 0.021111
v 0.043612 -0.057189 0.031412
v 0.042545 -0.059532 0.002830
v 0.042080 -0.058784 0.013006
v 0.042889 -0.059827 0.014332
v 0.043245 -0.060443 0.017055
v 0.042366 -0.059167 0.019441
v 0.042685 -0.059583 0.031319
v 0.041727 -0.061869 0.002978
v 0.042185 -0.063060 0.003108
v 0.041347 -0.061635 0.014804
v 0.042044 -0.062120 0.017062
v 0.040936 -0.061184 0.018919
v 0.041968 -0.062420 0.031085
v 0.041310 -0.061482 0.031236
v 0.040437 -0.062890 0.003102
v 0.040824 -0.064290 0.003236
v 0.040089 -0.063160 0.015375
v 0.040305 -0.063518 0.016699
v 0.040751 -0.064365 0.031005
v 0.039967 -0.062842 0.031148
v 0.039706 -0.066702 0.003649
v 0.039749 -0.066640 0.030758
v 0.038804 -0.069160 0.004244
v 0.039453 -0.070463 0.014649
v 0.039514 -0.070199 0.017291
v 0.039437 -0.070237 0.019699
v 0.039474 -0.070162 0.022166
v 0.039499 -0.070121 0.024871
v 0.039486 -0.069941 0.027471
v 0.038987 -0.069141 0.030130
v 0.037970 -0.071404 0.004847
v 0.038478 -0.071944 0.006945
v 0.038503 -0.071839 0.009461
v 0.038511 -0.071653 0.012039
v 0.038357 -0.071638 0.014498
v 0.038242 -0.071560 0.017184
v 0.038235 -0.071505 0.019624
v 0.038134 -0.071578 0.022143
v 0.038210 -0.071452 0.024766
v 0.038060 -0.071450 0.027296
v 0.037591 -0.071224 0.029751
v 0.036475 -0.073255 0.005235
v 0.036712 -0.073655 0.006909
v 0.036617 -0.073692 0.009455
v 0.036522 -0.073642 0.012054
v 0.036456 -0.073535 0.014539
v 0.036273 -0.073544 0.017147
v 0.036311 -0.073464 0.019633
v 0.036228 -0.073494 0.022268
v 0.036200 -0.073421 0.024838
v 0.036183 -0.073353 0.027245
v 0.036209 -0.073015 0.029359
v 0.035235 -0.074540 0.005536
v 0.035212 -0.075033 0.006886
v 0.035242 -0.074976 0.009549
v 0.035251 -0.074848 0.012021
v 0.035225 -0.074726 0.014392
v 0.035213 -0.074559 0.016899
v 0.035223 -0.074473 0.020256
v 0.043720 -0.052893 0.009478
v 0.043835 -0.052866 0.010920
v 0.043730 -0.052471 0.022967
v 0.043688 -0.052359 0.024635
v 0.043714 -0.052588 0.027285
v 0.043748 -0.052550 0.029599
v 0.042764 -0.054905 0.003055
v 0.042592 -0.054213 0.004362
v 0.042608 -0.054114 0.007005
v 0.042398 -0.053963 0.009543
v 0.042737 -0.054292 0.011141
v 0.042224 -0.054131 0.022490
v 0.041874 -0.053851 0.024763
v 0.042007 -0.053821 0.027298
v 0.042207 -0.053946 0.030037
v 0.043226 -0.054121 0.031193
v 0.042104 -0.056771 0.003024
v 0.040831 -0.056166 0.004072
v 0.040655 -0.055664 0.006915
v 0.040664 -0.055354 0.009462
v 0.041164 -0.056188 0.011437
v 0.041921 -0.057585 0.020901
v 0.041189 -0.056129 0.021786
v 0.040500 -0.054902 0.024695
v 0.040658 -0.054861 0.027505
v 0.040579 -0.055634 0.030394
v 0.041787 -0.056511 0.031260
v 0.040643 -0.058888 0.002969
v 0.039720 -0.058187 0.003274
v 0.040266 -0.058656 0.012208
v 0.040573 -0.059189 0.020477
v 0.039902 -0.058190 0.021460
v 0.039512 -0.058001 0.031096
v 0.040432 -0.058816 0.031244
v 0.039366 -0.061032 0.003005
v 0.038529 -0.059861 0.003172
v 0.039107 -0.060664 0.012779
v 0.039742 -0.061708 0.013715
v 0.039275 -0.060982 0.019993
v 0.038606 -0.059618 0.021038
v 0.038341 -0.059958 0.031129
v 0.039254 -0.060989 0.031220
v 0.038440 -0.062663 0.003078
v 0.038192 -0.063657 0.003158
v 0.037685 -0.062071 0.013034
v 0.038372 -0.063421 0.014445
v 0.038869 -0.064422 0.017150
v 0.038004 -0.063007 0.019517
v 0.038287 -0.063684 0.031098
v 0.038260 -0.062736 0.031172
v 0.037354 -0.065676 0.003376
v 0.036883 -0.065208 0.015124
v 0.037449 -0.065660 0.017057
v 0.036716 -0.065075 0.018971
v 0.037385 -0.065698 0.030962
v 0.036300 -0.068046 0.003721
v 0.035739 -0.066691 0.015619
v 0.035810 -0.067028 0.016989
v 0.035913 -0.066473 0.018561
v 0.036451 -0.068098 0.030771
v 0.035370 -0.070412 0.004146
v 0.035451 -0.070426 0.030546
v 0.034385 -0.072816 0.004684
v 0.035191 -0.074393 0.023897
v 0.035224 -0.074257 0.027636
v 0.034554 -0.072893 0.030167
v 0.033427 -0.075012 0.005280
v 0.034158 -0.075903 0.006844
v 0.034171 -0.075926 0.009522
v 0.034205 -0.075799 0.012036
v 0.034196 -0.075632 0.014608
v 0.034157 -0.075533 0.017171
v 0.034239 -0.075408 0.019743
v 0.034262 -0.075305 0.022230
v 0.034148 -0.075340 0.024839
v 0.034089 -0.075332 0.027334
v 0.033486 -0.075024 0.029636
v 0.031979 -0.076366 0.005504
v 0.032382 -0.077281 0.006788
v 0.032333 -0.077478 0.009528
v 0.032302 -0.077399 0.012016
v 0.032126 -0.077398 0.014616
v 0.032126 -0.077311 0.017098
v 0.032136 -0.077283 0.019692
v 0.032001 -0.077311 0.022217
v 0.032032 -0.077209 0.024799
v 0.031989 -0.077182 0.027348
v 0.032011 -0.076812 0.029303
v 0.031000 -0.078485 0.007239
v 0.030961 -0.078586 0.009378
v 0.030949 -0.078472 0.011870
v 0.030954 -0.078388 0.014437
v 0.030947 -0.078315 0.016583
v 0.030955 -0.078277 0.019108
v 0.030932 -0.078231 0.021593
v 0.039476 -0.056758 0.004934
v 0.039450 -0.056432 0.007104
v 0.039379 -0.056162 0.009536
v 0.039572 -0.056264 0.011041
v 0.039194 -0.055819 0.022770
v 0.039294 -0.055711 0.024799
v 0.039300 -0.055668 0.027287
v 0.039219 -0.055956 0.029692
v 0.038111 -0.057910 0.004345
v 0.037877 -0.057589 0.006873
v 0.037548 -0.057508 0.009505
v 0.038128 -0.057920 0.011218
v 0.037801 -0.057670 0.022300
v 0.037445 -0.057080 0.024657
v 0.037540 -0.057068 0.027305
v 0.037668 -0.057623 0.030239
v 0.037571 -0.061341 0.003069
v 0.036849 -0.059791 0.003711
v 0.036265 -0.058716 0.006704
v 0.036220 -0.058463 0.009514
v 0.036854 -0.060049 0.011754
v 0.037631 -0.060979 0.020783
v 0.036882 -0.059878 0.021589
v 0.036774 -0.059808 0.030981
v 0.037568 -0.061035 0.031165
v 0.036985 -0.062239 0.003067
v 0.035672 -0.062287 0.003232
v 0.035939 -0.062391 0.012655
v 0.036492 -0.063597 0.013583
v 0.036204 -0.062743 0.020394
v 0.035491 -0.061692 0.021245
v 0.035820 -0.062347 0.031046
v 0.037007 -0.062034 0.031173
v 0.035079 -0.064735 0.003277
v 0.034320 -0.063940 0.013005
v 0.035096 -0.065043 0.014032
v 0.034930 -0.064727 0.019890
v 0.034976 -0.064742 0.031020
v 0.034023 -0.067037 0.003501
v 0.034001 -0.066881 0.014853
v 0.034535 -0.067826 0.016948
v 0.033725 -0.066812 0.019245
v 0.034018 -0.067105 0.030937
v 0.033084 -0.069512 0.003808
v 0.032544 -0.068624 0.015457
v 0.033002 -0.068967 0.016779
v 0.032417 -0.068261 0.018818
v 0.033093 -0.069435 0.030839
v 0.032099 -0.071754 0.004171
v 0.032141 -0.071849 0.030648
v 0.031128 -0.074196 0.004677
v 0.031220 -0.074259 0.030334
v 0.030136 -0.076462 0.005215
v 0.030705 -0.077953 0.005913
v 0.030938 -0.078122 0.024727
v 0.030948 -0.078071 0.027838
v 0.030276 -0.076553 0.029859
v 0.028967 -0.077785 0.005474
v 0.029651 -0.079173 0.006696
v 0.029767 -0.079479 0.009467
v 0.029830 -0.079353 0.012016
v 0.029820 -0.079263 0.014625
v 0.029780 -0.079223 0.017205
v 0.029755 -0.079208 0.019682
v 0.029787 -0.079110 0.022228
v 0.029704 -0.079137 0.024779
v 0.029707 -0.079075 0.027318
v 0.029159 -0.078689 0.029359
v 0.027876 -0.080633 0.007045
v 0.027916 -0.080793 0.009506
v 0.027811 -0.080832 0.012007
v 0.027890 -0.080701 0.014533
v 0.027826 -0.080702 0.017086
v 0.027822 -0.080680 0.019741
v 0.027830 -0.080605 0.022186
v 0.027796 -0.080614 0.024822
v 0.027853 -0.080506 0.027282
v 0.027662 -0.080328 0.028927
v 0.036172 -0.057852 0.023039
v 0.036070 -0.057914 0.024842
v 0.036243 -0.057892 0.027361
v 0.036195 -0.058167 0.029360
v 0.035057 -0.059815 0.004557
v 0.034896 -0.059482 0.007077
v 0.034796 -0.059300 0.009499
v 0.034843 -0.059705 0.011125
v 0.034625 -0.059289 0.022617
v 0.034499 -0.059055 0.024779
v 0.034655 -0.059108 0.027363
v 0.034794 -0.059326 0.029821
v 0.033487 -0.061250 0.004150
v 0.033155 -0.060472 0.006804
v 0.033030 -0.060422 0.009524
v 0.033624 -0.061385 0.011571
v 0.033615 -0.061416 0.021963
v 0.032998 -0.059944 0.024734
v 0.032968 -0.060122 0.027480
v 0.033471 -0.061137 0.030502
v 0.032654 -0.063704 0.003463
v 0.032563 -0.063925 0.012517
v 0.033119 -0.065336 0.013489
v 0.033234 -0.064624 0.020724
v 0.032484 -0.063549 0.021436
v 0.032611 -0.063747 0.030910
v 0.031702 -0.066143 0.003497
v 0.031524 -0.065319 0.012943
v 0.031756 -0.066502 0.013820
v 0.031760 -0.066265 0.020329
v 0.031202 -0.065069 0.021107
v 0.031801 -0.066066 0.030922
v 0.030712 -0.068543 0.003663
v 0.030693 -0.068386 0.014923
v 0.030522 -0.069391 0.016913
v 0.030798 -0.068171 0.019337
v 0.030647 -0.068441 0.030901
v 0.029727 -0.070892 0.003918
v 0.029404 -0.069387 0.016761
v 0.029804 -0.070951 0.030803
v 0.028771 -0.073250 0.004300
v 0.028838 -0.073255 0.030589
v 0.027818 -0.075597 0.004741
v 0.027897 -0.075536 0.030373
v 0.026804 -0.077782 0.005203
v 0.027499 -0.079191 0.005764
v 0.026884 -0.077974 0.030095
v 0.025668 -0.079359 0.005530
v 0.026172 -0.080763 0.006314
v 0.026627 -0.081673 0.009377
v 0.026575 -0.081661 0.011966
v 0.026608 -0.081563 0.014499
v 0.026560 -0.081558 0.017216
v 0.026590 -0.081544 0.019722
v 0.026592 -0.081512 0.022355
v 0.026569 -0.081505 0.024752
v 0.026557 -0.081417 0.027329
v 0.025989 -0.080342 0.029487
v 0.024843 -0.082418 0.007066
v 0.025017 -0.082672 0.009500
v 0.024943 -0.082656 0.012013
v 0.024962 -0.082625 0.014600
v 0.024863 -0.082644 0.017154
v 0.024916 -0.082631 0.019678
v 0.024796 -0.082677 0.022276
v 0.024885 -0.082606 0.024825
v 0.024811 -0.082612 0.027436
v 0.024538 -0.082098 0.029114
v 0.023499 -0.083461 0.007876
v 0.023469 -0.083606 0.009468
v 0.023419 -0.083558 0.012059
v 0.023428 -0.083553 0.014745
v 0.023386 -0.083522 0.017018
v 0.023408 -0.083570 0.019670
v 0.023400 -0.083530 0.022300
v 0.023359 -0.083546 0.024790
v 0.023349 -0.083483 0.027272
v 0.031578 -0.061554 0.004732
v 0.031515 -0.061182 0.007168
v 0.031404 -0.061154 0.009518
v 0.031651 -0.061599 0.011171
v 0.031739 -0.060921 0.022828
v 0.031595 -0.060744 0.024736
v 0.031552 -0.060899 0.027190
v 0.031653 -0.061074 0.029617
v 0.030326 -0.062872 0.004249
v 0.029966 -0.062090 0.006754
v 0.029776 -0.061815 0.009529
v 0.030350 -0.062824 0.011570
v 0.030228 -0.062762 0.022259
v 0.029783 -0.061725 0.024854
v 0.029764 -0.061872 0.027318
v 0.030181 -0.062643 0.030158
v 0.029375 -0.065089 0.003681
v 0.029203 -0.065165 0.012546
v 0.029700 -0.066459 0.013384
v 0.029812 -0.066257 0.020773
v 0.029214 -0.065062 0.021546
v 0.029309 -0.065181 0.030706
v 0.028411 -0.067562 0.003668
v 0.027802 -0.066300 0.013007
v 0.028222 -0.067830 0.014597
v 0.027680 -0.068525 0.016941
v 0.028343 -0.067732 0.019697
v 0.027970 -0.066347 0.021099
v 0.028415 -0.067594 0.030781
v 0.027401 -0.069926 0.003822
v 0.027878 -0.068799 0.017137
v 0.027484 -0.069896 0.030768
v 0.026349 -0.072243 0.004039
v 0.026401 -0.072264 0.030687
v 0.025521 -0.074538 0.004419
v 0.025516 -0.074661 0.030557
v 0.024559 -0.077020 0.004855
v 0.024446 -0.077028 0.030386
v 0.023558 -0.079332 0.005333
v 0.024083 -0.080644 0.005757
v 0.023593 -0.079431 0.030130
v 0.022274 -0.080677 0.005540
v 0.022705 -0.082024 0.006091
v 0.022656 -0.081716 0.029654
v 0.021714 -0.083963 0.007088
v 0.021925 -0.084399 0.009476
v 0.022038 -0.084340 0.011984
v 0.021970 -0.084370 0.014581
v 0.021944 -0.084366 0.017225
v 0.021919 -0.084365 0.019800
v 0.021988 -0.084327 0.022338
v 0.021943 -0.084381 0.024786
v 0.021849 -0.084359 0.027331
v 0.021555 -0.083681 0.029110
v 0.020178 -0.085182 0.007607
v 0.020189 -0.085294 0.009512
v 0.020222 -0.085300 0.011965
v 0.020171 -0.085328 0.014533
v 0.020220 -0.085286 0.017078
v 0.020154 -0.085313 0.019654
v 0.020162 -0.085342 0.022083
v 0.020168 -0.085298 0.024727
v 0.020234 -0.085243 0.027302
v 0.020073 -0.085133 0.028866
v 0.028515 -0.063132 0.005042
v 0.028272 -0.062784 0.007217
v 0.028319 -0.062602 0.009454
v 0.028290 -0.062839 0.011158
v 0.028516 -0.062628 0.022996
v 0.028397 -0.062596 0.024796
v 0.028262 -0.062636 0.027191
v 0.028427 -0.062854 0.029359
v 0.027061 -0.064311 0.004532
v 0.026637 -0.063564 0.006899
v 0.026518 -0.063424 0.009546
v 0.026971 -0.064315 0.011875
v 0.026921 -0.064263 0.022433
v 0.026626 -0.063483 0.024601
v 0.026589 -0.063526 0.027427
v 0.026964 -0.064338 0.029732
v 0.026019 -0.066559 0.003972
v 0.026347 -0.065816 0.013007
v 0.025890 -0.066696 0.014529
v 0.025833 -0.067178 0.017196
v 0.026096 -0.066534 0.019667
v 0.026560 -0.065732 0.021308
v 0.025954 -0.066528 0.030331
v 0.024989 -0.068907 0.003929
v 0.024990 -0.068934 0.030509
v 0.024051 -0.071276 0.004031
v 0.024066 -0.071281 0.030595
v 0.023203 -0.073667 0.004209
v 0.023200 -0.073708 0.030578
v 0.022169 -0.076121 0.004536
v 0.022188 -0.075986 0.030490
v 0.021262 -0.078331 0.004911
v 0.021191 -0.078465 0.030307
v 0.020281 -0.080588 0.005395
v 0.020481 -0.081920 0.005729
v 0.020247 -0.080796 0.030054
v 0.018719 -0.081848 0.005600
v 0.019277 -0.083135 0.006045
v 0.019316 -0.083158 0.029688
v 0.018449 -0.085432 0.007208
v 0.018651 -0.086046 0.009464
v 0.018746 -0.086058 0.012002
v 0.018656 -0.086127 0.014550
v 0.018790 -0.086068 0.017114
v 0.018789 -0.086078 0.019703
v 0.018624 -0.086157 0.022346
v 0.018709 -0.086075 0.024819
v 0.018671 -0.086042 0.027361
v 0.018268 -0.085352 0.029145
v 0.016847 -0.086573 0.007647
v 0.017039 -0.086711 0.009531
v 0.017128 -0.086838 0.011987
v 0.017074 -0.086858 0.014645
v 0.017146 -0.086852 0.017160
v 0.017053 -0.086792 0.019745
v 0.017174 -0.086734 0.022272
v 0.017094 -0.086745 0.024893
v 0.016975 -0.086731 0.027267
v 0.016885 -0.086501 0.028915
v 0.025040 -0.064620 0.005275
v 0.024886 -0.064277 0.006883
v 0.025007 -0.064166 0.009367
v 0.024750 -0.064320 0.011778
v 0.024972 -0.064415 0.022571
v 0.024959 -0.064170 0.024620
v 0.024962 -0.064271 0.027300
v 0.025063 -0.064536 0.029091
v 0.023689 -0.065780 0.004776
v 0.023266 -0.064762 0.006933
v 0.023452 -0.064654 0.009479
v 0.023384 -0.064664 0.012289
v 0.023875 -0.065088 0.014551
v 0.023756 -0.065500 0.017130
v 0.023925 -0.065077 0.019695
v 0.023590 -0.064729 0.022101
v 0.023344 -0.064867 0.024722
v 0.023384 -0.064901 0.027195
v 0.023771 -0.065725 0.029584
v 0.022666 -0.067992 0.004258
v 0.022637 -0.067978 0.030185
v 0.021684 -0.070295 0.004195
v 0.021696 -0.070375 0.030426
v 0.020821 -0.072752 0.004228
v 0.020793 -0.072730 0.030500
v 0.019756 -0.075105 0.004314
v 0.019793 -0.075116 0.030508
v 0.018870 -0.077495 0.004652
v 0.018888 -0.077507 0.030449
v 0.017950 -0.079845 0.005057
v 0.017910 -0.079805 0.030282
v 0.016836 -0.081782 0.005424
v 0.017095 -0.082949 0.005771
v 0.016987 -0.082211 0.030069
v 0.015424 -0.082988 0.005632
v 0.015967 -0.084544 0.006239
v 0.016007 -0.084508 0.029538
v 0.015026 -0.086636 0.007301
v 0.014936 -0.087214 0.009408
v 0.014872 -0.087346 0.012109
v 0.014989 -0.087314 0.014606
v 0.015058 -0.087304 0.017117
v 0.014939 -0.087277 0.019707
v 0.014986 -0.087255 0.022294
v 0.015019 -0.087285 0.024677
v 0.014912 -0.087255 0.027513
v 0.014982 -0.086457 0.029105
v 0.013410 -0.087660 0.027196
v 0.021624 -0.065789 0.005254
v 0.021422 -0.065400 0.007100
v 0.021079 -0.065266 0.009475
v 0.021257 -0.065236 0.012038
v 0.021337 -0.065124 0.014616
v 0.021284 -0.065198 0.017102
v 0.021343 -0.065226 0.019729
v 0.021429 -0.065312 0.022074
v 0.021475 -0.065505 0.024788
v 0.021545 -0.065468 0.027383
v 0.021433 -0.065612 0.029090
v 0.020387 -0.067059 0.004815
v 0.019875 -0.065788 0.006685
v 0.019683 -0.065535 0.009193
v 0.019646 -0.065519 0.012944
v 0.019716 -0.065556 0.014093
v 0.019790 -0.065543 0.017153
v 0.019726 -0.065561 0.019627
v 0.019732 -0.065706 0.022324
v 0.019945 -0.065791 0.024964
v 0.019967 -0.065787 0.027257
v 0.020317 -0.066927 0.029677
v 0.019377 -0.069449 0.004438
v 0.019349 -0.069333 0.030216
v 0.018390 -0.071729 0.004332
v 0.018391 -0.071734 0.030408
v 0.017542 -0.074098 0.004292
v 0.017472 -0.074156 0.030446
v 0.016534 -0.076425 0.004414
v 0.016426 -0.076489 0.030416
v 0.015539 -0.078885 0.004739
v 0.015518 -0.078837 0.030350
v 0.014599 -0.081145 0.005129
v 0.014553 -0.081240 0.030211
v 0.013542 -0.082892 0.005490
v 0.013822 -0.084020 0.005840
v 0.013629 -0.083553 0.029842
v 0.012747 -0.086013 0.006566
v 0.013400 -0.087548 0.010301
v 0.013382 -0.087548 0.011056
v 0.013360 -0.087600 0.014928
v 0.013126 -0.087446 0.017113
v 0.013251 -0.087470 0.019601
v 0.013261 -0.087501 0.022102
v 0.012705 -0.085999 0.029357
v 0.011584 -0.087747 0.007393
v 0.011876 -0.087880 0.009480
v 0.011946 -0.087624 0.012111
v 0.012029 -0.087741 0.014578
v 0.011894 -0.087622 0.017163
v 0.011885 -0.087643 0.019706
v 0.011858 -0.087799 0.022256
v 0.011783 -0.087836 0.024785
v 0.011917 -0.087970 0.027387
v 0.011565 -0.087529 0.028915
v 0.017849 -0.066592 0.005248
v 0.018081 -0.065956 0.006891
v 0.018168 -0.065753 0.009461
v 0.018164 -0.065641 0.011984
v 0.018176 -0.065593 0.014466
v 0.018140 -0.065602 0.017197
v 0.018124 -0.065796 0.019603
v 0.018084 -0.065954 0.022236
v 0.018010 -0.065957 0.024879
v 0.018017 -0.065950 0.027362
v 0.017897 -0.066612 0.029440
v 0.016974 -0.068410 0.004715
v 0.016928 -0.068426 0.029985
v 0.016042 -0.070858 0.004429
v 0.016157 -0.070872 0.030296
v 0.015188 -0.073240 0.004325
v 0.015119 -0.073155 0.030383
v 0.014185 -0.075552 0.004271
v 0.014192 -0.075535 0.030401
v 0.013124 -0.077928 0.004434
v 0.013254 -0.077887 0.030340
v 0.012282 -0.080200 0.004790
v 0.012197 -0.080244 0.030257
v 0.011171 -0.082571 0.005246
v 0.011854 -0.084028 0.005686
v 0.011241 -0.082631 0.029970
v 0.009964 -0.084052 0.005561
v 0.010383 -0.085220 0.005963
v 0.010326 -0.085014 0.029556
v 0.009433 -0.087476 0.006826
v 0.009537 -0.088334 0.009459
v 0.009449 -0.088233 0.012101
v 0.009535 -0.088208 0.014550
v 0.009414 -0.088144 0.017250
v 0.009511 -0.088138 0.019627
v 0.009487 -0.088192 0.022163
v 0.009533 -0.088252 0.024690
v 0.009618 -0.088352 0.027323
v 0.009375 -0.087256 0.029021
v 0.008074 -0.088517 0.007597
v 0.007993 -0.088624 0.009389
v 0.008079 -0.088523 0.011640
v 0.008003 -0.088454 0.014411
v 0.008003 -0.088412 0.016923
v 0.008026 -0.088413 0.019689
v 0.007976 -0.088426 0.022429
v 0.008046 -0.088450 0.024960
v 0.008169 -0.088593 0.027068
v 0.007844 -0.088220 0.028754
v 0.015241 -0.066112 0.005402
v 0.015293 -0.065870 0.006925
v 0.015266 -0.065874 0.009451
v 0.015348 -0.065732 0.012038
v 0.015276 -0.065710 0.014589
v 0.015300 -0.065739 0.017203
v 0.015370 -0.065802 0.019600
v 0.015298 -0.065769 0.022176
v 0.015320 -0.065806 0.024792
v 0.015275 -0.065782 0.027324
v 0.015339 -0.065937 0.029032
v 0.014637 -0.067506 0.004891
v 0.014638 -0.067425 0.029782
v 0.013719 -0.069904 0.004524
v 0.013703 -0.069795 0.030176
v 0.012828 -0.072287 0.004341
v 0.012768 -0.072233 0.030343
v 0.011753 -0.074623 0.004231
v 0.011779 -0.074623 0.030391
v 0.010876 -0.076894 0.004227
v 0.010823 -0.076923 0.030324
v 0.009904 -0.079365 0.004507
v 0.009811 -0.079313 0.030288
v 0.008945 -0.081733 0.004934
v 0.008925 -0.081750 0.030083
v 0.007805 -0.083896 0.005394
v 0.008460 -0.085118 0.005714
v 0.007941 -0.084086 0.029792
v 0.006584 -0.085328 0.005627
v 0.007108 -0.086512 0.006067
v 0.006972 -0.086421 0.029345
v 0.005893 -0.088559 0.007094
v 0.005896 -0.088931 0.009564
v 0.005922 -0.088770 0.012029
v 0.006012 -0.088787 0.014543
v 0.006109 -0.088757 0.017066
v 0.006085 -0.088703 0.019633
v 0.006146 -0.088653 0.022136
v 0.005982 -0.088715 0.024714
v 0.006099 -0.088833 0.027345
v 0.006032 -0.088078 0.028890
v 0.013061 -0.061931 0.007006
v 0.012958 -0.062117 0.009305
v 0.012754 -0.062221 0.011942
v 0.012678 -0.062329 0.013616
v 0.012637 -0.062357 0.020079
v 0.012766 -0.062277 0.022446
v 0.012808 -0.062249 0.024769
v 0.012797 -0.062296 0.027225
v 0.012786 -0.064619 0.005345
v 0.013237 -0.064169 0.006835
v 0.013298 -0.064322 0.009446
v 0.013132 -0.064403 0.011983
v 0.012958 -0.064350 0.014527
v 0.012951 -0.064399 0.017086
v 0.013042 -0.064374 0.019738
v 0.013119 -0.064198 0.022182
v 0.013300 -0.064303 0.024700
v 0.013286 -0.064182 0.027459
v 0.012859 -0.064670 0.029157
v 0.012323 -0.066530 0.004838
v 0.012328 -0.066574 0.029793
v 0.011284 -0.068863 0.004509
v 0.011365 -0.068897 0.030111
v 0.010390 -0.071241 0.004320
v 0.010442 -0.071300 0.030272
v 0.009381 -0.073691 0.004235
v 0.009375 -0.073668 0.030355
v 0.008433 -0.075975 0.004081
v 0.008542 -0.076016 0.030344
v 0.007559 -0.078325 0.004275
v 0.007454 -0.078325 0.030261
v 0.006535 -0.080706 0.004588
v 0.006579 -0.080665 0.030157
v 0.005513 -0.083059 0.004980
v 0.005511 -0.083127 0.029972
v 0.004508 -0.085187 0.005434
v 0.005200 -0.086299 0.005785
v 0.004589 -0.085445 0.029602
v 0.003066 -0.086351 0.005591
v 0.003585 -0.088051 0.006474
v 0.004082 -0.089128 0.009637
v 0.004067 -0.089081 0.012365
v 0.003987 -0.089055 0.014488
v 0.004023 -0.089070 0.017113
v 0.003976 -0.089026 0.019789
v 0.003943 -0.088913 0.022066
v 0.004063 -0.088969 0.024694
v 0.004063 -0.089108 0.027207
v 0.003666 -0.087820 0.029067
v 0.002430 -0.089226 0.007455
v 0.002673 -0.089296 0.009530
v 0.002704 -0.089193 0.012078
v 0.002668 -0.089064 0.014530
v 0.002687 -0.089229 0.016883
v 0.002557 -0.089180 0.019650
v 0.002513 -0.089113 0.022026
v 0.002624 -0.089160 0.024850
v 0.002757 -0.089251 0.027301
v 0.002179 -0.088815 0.028764
v 0.012882 -0.055994 0.007198
v 0.012937 -0.056036 0.009556
v 0.012752 -0.056134 0.011986
v 0.012660 -0.056254 0.014507
v 0.012663 -0.056182 0.016997
v 0.012600 -0.056198 0.019718
v 0.012597 -0.056439 0.022197
v 0.012627 -0.056252 0.024760
v 0.012586 -0.056219 0.026815
v 0.012705 -0.058535 0.006767
v 0.012957 -0.058688 0.009529
v 0.012766 -0.058422 0.012137
v 0.012628 -0.058645 0.014583
v 0.012601 -0.058395 0.017112
v 0.012618 -0.058343 0.019747
v 0.012597 -0.058426 0.022227
v 0.012674 -0.058485 0.024832
v 0.012385 -0.058473 0.027420
v 0.011318 -0.058991 0.028644
v 0.011454 -0.060845 0.005499
v 0.012866 -0.060685 0.006595
v 0.012982 -0.060722 0.009582
v 0.012766 -0.060852 0.012117
v 0.012596 -0.061166 0.014628
v 0.012553 -0.061190 0.017094
v 0.012617 -0.061039 0.019629
v 0.012652 -0.060840 0.022206
v 0.012762 -0.060901 0.024727
v 0.012568 -0.060906 0.027544
v 0.011455 -0.060978 0.028895
v 0.010879 -0.063256 0.005120
v 0.012443 -0.062647 0.016678
v 0.010902 -0.063131 0.029336
v 0.009931 -0.065651 0.004749
v 0.009956 -0.065532 0.029730
v 0.008951 -0.067964 0.004503
v 0.008922 -0.067940 0.030027
v 0.008005 -0.070308 0.004288
v 0.008064 -0.070306 0.030188
v 0.007081 -0.072681 0.004163
v 0.007143 -0.072702 0.030290
v 0.006097 -0.075031 0.004064
v 0.006084 -0.075079 0.030366
v 0.005188 -0.077376 0.004086
v 0.005122 -0.077463 0.030269
v 0.004197 -0.079765 0.004327
v 0.004142 -0.079775 0.030229
v 0.003170 -0.082133 0.004657
v 0.003231 -0.082097 0.030060
v 0.002274 -0.084535 0.005099
v 0.002273 -0.084508 0.029788
v 0.001151 -0.086318 0.005502
v 0.001498 -0.087523 0.005938
v 0.001281 -0.086828 0.029373
v 0.000258 -0.089059 0.006914
v 0.000277 -0.089512 0.009406
v 0.000410 -0.089433 0.012059
v 0.000393 -0.089386 0.014619
v 0.000400 -0.089305 0.017153
v 0.000158 -0.089307 0.019582
v 0.000363 -0.089326 0.022228
v 0.000315 -0.089350 0.024723
v 0.000301 -0.089413 0.027412
v 0.000395 -0.088570 0.028909
v 0.012602 -0.048767 0.008831
v 0.012607 -0.048720 0.011373
v 0.012529 -0.050501 0.007549
v 0.012702 -0.050281 0.009459
v 0.012653 -0.050088 0.011984
v 0.012583 -0.050207 0.014598
v 0.012492 -0.050226 0.017122
v 0.012458 -0.050242 0.019757
v 0.012422 -0.050394 0.022232
v 0.012405 -0.050601 0.024702
v 0.012133 -0.050722 0.026539
v 0.012251 -0.052831 0.006998
v 0.012831 -0.052996 0.009486
v 0.012736 -0.053032 0.012008
v 0.012647 -0.052865 0.014678
v 0.012552 -0.052904 0.017089
v 0.012555 -0.052861 0.019696
v 0.012488 -0.052959 0.022255
v 0.012518 -0.052854 0.024811
v 0.012052 -0.052771 0.027048
v 0.011551 -0.055143 0.006285
v 0.012902 -0.054530 0.009703
v 0.012779 -0.054737 0.011947
v 0.012657 -0.054834 0.014529
v 0.012623 -0.054883 0.017232
v 0.012635 -0.054926 0.019589
v 0.012572 -0.054928 0.022190
v 0.012599 -0.054911 0.024894
v 0.011452 -0.055137 0.027807
v 0.009989 -0.058402 0.005579
v 0.010574 -0.057315 0.005800
v 0.010808 -0.057160 0.028411
v 0.009937 -0.058072 0.028686
v 0.009494 -0.059901 0.005401
v 0.009504 -0.059961 0.028982
v 0.008512 -0.062314 0.005031
v 0.008553 -0.062285 0.029337
v 0.007561 -0.064710 0.004747
v 0.007597 -0.064619 0.029625
v 0.006546 -0.067062 0.004510
v 0.006588 -0.066985 0.029876
v 0.005674 -0.069346 0.004294
v 0.005619 -0.069334 0.030056
v 0.004627 -0.071764 0.004105
v 0.004693 -0.071695 0.030197
v 0.003675 -0.074208 0.004011
v 0.003716 -0.074094 0.030261
v 0.002805 -0.076450 0.003924
v 0.002733 -0.076422 0.030267
v 0.001800 -0.078828 0.004147
v 0.001829 -0.078822 0.030226
v 0.000841 -0.081210 0.004471
v 0.000841 -0.081174 0.030097
v -0.000083 -0.083559 0.004805
v -0.000127 -0.083600 0.029902
v -0.001085 -0.085855 0.005301
v -0.000359 -0.087266 0.005667
v -0.001048 -0.085933 0.029552
v -0.002190 -0.087262 0.005560
v -0.001849 -0.088625 0.006248
v -0.001508 -0.089606 0.009506
v -0.001676 -0.089588 0.011932
v -0.001692 -0.089558 0.014391
v -0.001657 -0.089517 0.017132
v -0.001734 -0.089419 0.019708
v -0.001678 -0.089451 0.022356
v -0.001727 -0.089496 0.024803
v -0.001672 -0.089553 0.027359
v -0.002048 -0.088201 0.029004
v -0.003030 -0.089690 0.007264
v -0.002927 -0.089744 0.009473
v -0.003003 -0.089648 0.012083
v -0.003051 -0.089634 0.014630
v -0.003051 -0.089581 0.017306
v -0.003134 -0.089520 0.019635
v -0.003202 -0.089512 0.022124
v -0.003060 -0.089529 0.024792
v -0.003046 -0.089617 0.027440
v -0.003394 -0.089139 0.028699
v 0.012184 -0.043026 0.010292
v 0.012168 -0.043044 0.011571
v 0.012177 -0.043093 0.013767
v 0.012180 -0.043107 0.016760
v 0.012179 -0.043057 0.020585
v 0.011649 -0.045038 0.007982
v 0.012205 -0.044705 0.009506
v 0.012314 -0.044539 0.012079
v 0.012298 -0.044471 0.014489
v 0.012252 -0.044373 0.017108
v 0.012198 -0.044444 0.019764
v 0.012119 -0.044640 0.022166
v 0.011942 -0.044873 0.024738
v 0.011491 -0.045216 0.026174
v 0.011647 -0.047351 0.007479
v 0.012457 -0.047357 0.009460
v 0.012493 -0.047353 0.011946
v 0.012422 -0.047288 0.014580
v 0.012394 -0.047233 0.017065
v 0.012306 -0.047299 0.019728
v 0.012264 -0.047306 0.022235
v 0.012117 -0.047204 0.024819
v 0.011298 -0.047021 0.026637
v 0.011000 -0.049460 0.006847
v 0.012528 -0.048794 0.015242
v 0.012450 -0.048856 0.017672
v 0.012398 -0.048998 0.019562
v 0.012372 -0.049007 0.022184
v 0.012243 -0.049109 0.025007
v 0.010981 -0.049508 0.027127
v 0.009974 -0.051883 0.006341
v 0.009927 -0.051906 0.027818
v 0.008999 -0.054173 0.006006
v 0.008971 -0.054181 0.028202
v 0.007980 -0.057390 0.005595
v 0.008214 -0.056104 0.005758
v 0.008208 -0.056009 0.028486
v 0.007830 -0.057214 0.028686
v 0.007111 -0.058968 0.005381
v 0.007132 -0.058921 0.028883
v 0.006103 -0.061388 0.005057
v 0.006202 -0.061250 0.029177
v 0.005188 -0.063684 0.004787
v 0.005270 -0.063726 0.029484
v 0.004250 -0.066064 0.004525
v 0.004206 -0.066024 0.029704
v 0.003277 -0.068431 0.004290
v 0.003209 -0.068420 0.029898
v 0.002344 -0.070748 0.004092
v 0.002293 -0.070836 0.030090
v 0.001341 -0.073188 0.003958
v 0.001286 -0.073105 0.030191
v 0.000410 -0.075474 0.003882
v 0.000336 -0.075490 0.030240
v -0.000568 -0.077823 0.003993
v -0.000576 -0.077783 0.030181
v -0.001492 -0.080252 0.004279
v -0.001520 -0.080208 0.030148
v -0.002452 -0.082648 0.004589
v -0.002438 -0.082579 0.029997
v -0.003341 -0.084956 0.004954
v -0.003375 -0.085002 0.029716
v -0.004332 -0.086982 0.005416
v -0.004288 -0.088283 0.005836
v -0.004390 -0.087332 0.029247
v -0.005367 -0.089496 0.006725
v -0.005375 -0.089856 0.009518
v -0.005386 -0.089800 0.012087
v -0.005424 -0.089800 0.014454
v -0.005295 -0.089710 0.017087
v -0.005363 -0.089606 0.019745
v -0.005376 -0.089553 0.022180
v -0.005322 -0.089570 0.024765
v -0.005314 -0.089609 0.027437
v -0.005259 -0.088852 0.028804
v 0.010488 -0.042104 0.007961
v 0.011259 -0.041615 0.009546
v 0.011425 -0.041490 0.012079
v 0.011431 -0.041508 0.014624
v 0.011488 -0.041489 0.017116
v 0.011453 -0.041393 0.019633
v 0.011464 -0.041534 0.022224
v 0.011064 -0.041695 0.024618
v 0.010368 -0.043860 0.007549
v 0.011619 -0.043374 0.008525
v 0.011980 -0.043207 0.022899
v 0.011452 -0.043360 0.025182
v 0.010271 -0.044003 0.026433
v 0.009515 -0.046181 0.006970
v 0.009568 -0.046186 0.026978
v 0.008500 -0.048516 0.006593
v 0.008546 -0.048499 0.027457
v 0.007588 -0.050913 0.006271
v 0.007546 -0.050828 0.027825
v 0.006602 -0.053276 0.005979
v 0.006638 -0.053289 0.028148
v 0.005460 -0.056509 0.005620
v 0.005825 -0.055370 0.005744
v 0.005585 -0.055550 0.028448
v 0.005998 -0.056787 0.028629
v 0.004728 -0.057983 0.005413
v 0.004641 -0.056590 0.028580
v 0.004766 -0.058012 0.028753
v 0.003779 -0.060424 0.005085
v 0.003785 -0.060414 0.029028
v 0.002829 -0.062736 0.004811
v 0.002840 -0.062704 0.029306
v 0.001821 -0.065038 0.004564
v 0.001930 -0.065106 0.029546
v 0.000890 -0.067466 0.004314
v 0.000870 -0.067414 0.029756
v 0.000057 -0.069819 0.004125
v -0.000067 -0.069802 0.029922
v -0.000954 -0.072159 0.003915
v -0.000991 -0.072205 0.030081
v -0.001920 -0.074600 0.003839
v -0.001948 -0.074555 0.030187
v -0.002902 -0.076803 0.003802
v -0.003023 -0.076864 0.030182
v -0.003766 -0.079243 0.004066
v -0.003792 -0.079328 0.030102
v -0.004757 -0.081575 0.004381
v -0.004884 -0.081687 0.030032
v -0.005786 -0.084005 0.004697
v -0.005721 -0.083980 0.029860
v -0.006824 -0.086358 0.005153
v -0.006720 -0.086393 0.029466
v -0.007524 -0.087849 0.005538
v -0.007614 -0.089281 0.006277
v -0.007255 -0.089972 0.009414
v -0.007371 -0.089946 0.011995
v -0.007436 -0.089915 0.014445
v -0.007458 -0.089839 0.017034
v -0.007580 -0.089725 0.019649
v -0.007741 -0.089657 0.022252
v -0.007720 -0.089626 0.024763
v -0.007763 -0.089619 0.027540
v -0.007653 -0.088411 0.028970
v -0.008882 -0.089884 0.007117
v -0.008756 -0.090052 0.009530
v -0.008721 -0.089975 0.012167
v -0.008909 -0.089924 0.014659
v -0.008880 -0.089898 0.017089
v -0.009089 -0.089794 0.019591
v -0.009043 -0.089714 0.021995
v -0.009156 -0.089643 0.025017
v -0.009104 -0.089682 0.027248
v 0.011521 -0.031313 0.010385
v 0.011715 -0.031026 0.012023
v 0.011721 -0.030928 0.014600
v 0.011722 -0.030932 0.017213
v 0.011793 -0.030864 0.019745
v 0.011725 -0.030980 0.022136
v 0.011549 -0.031339 0.023935
v 0.011155 -0.033266 0.009884
v 0.011334 -0.033141 0.012065
v 0.011322 -0.033180 0.014562
v 0.011329 -0.033135 0.017187
v 0.011362 -0.033193 0.019734
v 0.011395 -0.033239 0.022212
v 0.011116 -0.033372 0.024712
v 0.010670 -0.035597 0.009499
v 0.010916 -0.035898 0.012112
v 0.010902 -0.035855 0.014571
v 0.010926 -0.035784 0.017141
v 0.010973 -0.035788 0.019749
v 0.011009 -0.035733 0.022244
v 0.010633 -0.035746 0.024992
v 0.010204 -0.038240 0.009386
v 0.010650 -0.038202 0.012055
v 0.010587 -0.038425 0.014605
v 0.010596 -0.038348 0.017197
v 0.010636 -0.038448 0.019632
v 0.010631 -0.038413 0.022294
v 0.010096 -0.038239 0.025019
v 0.008654 -0.041435 0.007946
v 0.009150 -0.040293 0.008838
v 0.010612 -0.039839 0.011927
v 0.010500 -0.040004 0.014654
v 0.010493 -0.039946 0.016754
v 0.010586 -0.039862 0.019684
v 0.010544 -0.039927 0.022675
v 0.009199 -0.040429 0.025413
v 0.008050 -0.042877 0.007350
v 0.008592 -0.041710 0.026028
v 0.008131 -0.042969 0.026503
v 0.007143 -0.045208 0.006842
v 0.007152 -0.045267 0.027051
v 0.006129 -0.047592 0.006528
v 0.006226 -0.047540 0.027390
v 0.005145 -0.049924 0.006261
v 0.005269 -0.049915 0.027698
v 0.004296 -0.052326 0.005988
v 0.004262 -0.052353 0.027998
v 0.003089 -0.055585 0.005606
v 0.003424 -0.054258 0.005769
v 0.003329 -0.054666 0.028275
v 0.002397 -0.057108 0.005429
v 0.002243 -0.056568 0.028501
v 0.002584 -0.057773 0.028693
v 0.001419 -0.059384 0.005142
v 0.001394 -0.059370 0.028858
v 0.000448 -0.061800 0.004858
v 0.000439 -0.061780 0.029118
v -0.000534 -0.064108 0.004593
v -0.000446 -0.064107 0.029343
v -0.001456 -0.066480 0.004336
v -0.001461 -0.066467 0.029594
v -0.002345 -0.068868 0.004108
v -0.002398 -0.068902 0.029779
v -0.003302 -0.071157 0.003911
v -0.003418 -0.071206 0.029989
v -0.004244 -0.073591 0.003813
v -0.004249 -0.073625 0.030103
v -0.005266 -0.076026 0.003717
v -0.005363 -0.075980 0.030105
v -0.006277 -0.078311 0.003899
v -0.006155 -0.078281 0.030070
v -0.007170 -0.080690 0.004208
v -0.007188 -0.080655 0.029997
v -0.008117 -0.083034 0.004499
v -0.008171 -0.083032 0.029929
v -0.009111 -0.085390 0.004815
v -0.009097 -0.085405 0.029617
v -0.010194 -0.087621 0.005363
v -0.009729 -0.088822 0.005697
v -0.010041 -0.087747 0.029107
v -0.010936 -0.089740 0.006575
v -0.010926 -0.090082 0.009521
v -0.011002 -0.089937 0.012017
v -0.010866 -0.089946 0.014546
v -0.010918 -0.089869 0.017201
v -0.010957 -0.089787 0.019569
v -0.010858 -0.089696 0.022252
v -0.010892 -0.089674 0.024733
v -0.010874 -0.089665 0.027509
v -0.011165 -0.089163 0.028746
v 0.011951 -0.023417 0.012924
v 0.012409 -0.023152 0.014784
v 0.012598 -0.023077 0.017226
v 0.012475 -0.023082 0.019520
v 0.012060 -0.023436 0.021383
v 0.011059 -0.025904 0.010555
v 0.011813 -0.025260 0.012120
v 0.012495 -0.025443 0.014583
v 0.012689 -0.025489 0.017044
v 0.012594 -0.025512 0.019591
v 0.011911 -0.025291 0.022162
v 0.011206 -0.025695 0.023791
v 0.010882 -0.027643 0.010030
v 0.011965 -0.027938 0.012025
v 0.012264 -0.028104 0.014517
v 0.012328 -0.028020 0.017171
v 0.012340 -0.028007 0.019635
v 0.012028 -0.027912 0.022192
v 0.011067 -0.027752 0.024318
v 0.009302 -0.030405 0.008099
v 0.010580 -0.030036 0.009314
v 0.011899 -0.029650 0.011912
v 0.011942 -0.029712 0.014537
v 0.011944 -0.029694 0.016886
v 0.012020 -0.029599 0.019775
v 0.011918 -0.029677 0.022233
v 0.010840 -0.030051 0.024990
v 0.009555 -0.030221 0.026291
v 0.008920 -0.032215 0.008040
v 0.010267 -0.032540 0.008758
v 0.010532 -0.032394 0.025732
v 0.009291 -0.032472 0.026373
v 0.008262 -0.033653 0.008159
v 0.008688 -0.034945 0.008393
v 0.008663 -0.035634 0.025986
v 0.008559 -0.034432 0.026158
v 0.007606 -0.037168 0.008650
v 0.007688 -0.037237 0.025758
v 0.006178 -0.040604 0.008078
v 0.006696 -0.039510 0.008672
v 0.006662 -0.039654 0.025602
v 0.005752 -0.041841 0.007407
v 0.006247 -0.041020 0.025857
v 0.005824 -0.042234 0.026418
v 0.004858 -0.044218 0.006846
v 0.004788 -0.044279 0.026870
v 0.003801 -0.046660 0.006507
v 0.003773 -0.046624 0.027214
v 0.002794 -0.048969 0.006254
v 0.002883 -0.049001 0.027509
v 0.001941 -0.051348 0.005999
v 0.001935 -0.051320 0.027826
v 0.000791 -0.054695 0.005621
v 0.001016 -0.053481 0.005769
v 0.000952 -0.053735 0.028118
v -0.000018 -0.056111 0.005478
v -0.000037 -0.055996 0.028392
v 0.000440 -0.057330 0.028633
v -0.000997 -0.058405 0.005200
v -0.001395 -0.057645 0.028553
v -0.000838 -0.058759 0.028708
v -0.001871 -0.060791 0.004928
v -0.001880 -0.060798 0.028908
v -0.002886 -0.063095 0.004663
v -0.002904 -0.063217 0.029144
v -0.003816 -0.065521 0.004408
v -0.003848 -0.065552 0.029394
v -0.004678 -0.067936 0.004180
v -0.004714 -0.067877 0.029624
v -0.005653 -0.070240 0.003957
v -0.005754 -0.070242 0.029832
v -0.006709 -0.072588 0.003798
v -0.006655 -0.072616 0.030024
v -0.007620 -0.074989 0.003734
v -0.007692 -0.075029 0.030051
v -0.008648 -0.077383 0.003734
v -0.008589 -0.077334 0.030027
v -0.009568 -0.079750 0.004038
v -0.009559 -0.079681 0.029985
v -0.010548 -0.082143 0.004354
v -0.010537 -0.082033 0.029900
v -0.011486 -0.084387 0.004652
v -0.011460 -0.084416 0.029724
v -0.012328 -0.086802 0.005052
v -0.012422 -0.086798 0.029354
v -0.013155 -0.088308 0.005491
v -0.013527 -0.089640 0.006457
v -0.013360 -0.090066 0.009409
v -0.013533 -0.090041 0.012122
v -0.013429 -0.090048 0.014683
v -0.013611 -0.089876 0.017263
v -0.013659 -0.089800 0.019761
v -0.013616 -0.089712 0.022231
v -0.013614 -0.089692 0.024806
v -0.013506 -0.089677 0.027503
v -0.013300 -0.088685 0.028850
v -0.014811 -0.090030 0.007366
v -0.014758 -0.090173 0.009322
v -0.014861 -0.090007 0.011945
v -0.014791 -0.090132 0.014435
v -0.014929 -0.089954 0.016484
v 0.011454 -0.017841 0.013159
v 0.011895 -0.017456 0.014976
v 0.012088 -0.017286 0.017137
v 0.011917 -0.017401 0.019634
v 0.011487 -0.017733 0.021290
v 0.010373 -0.020242 0.010628
v 0.011235 -0.019571 0.012255
v 0.011943 -0.019477 0.014407
v 0.012301 -0.019689 0.017091
v 0.012110 -0.019707 0.019771
v 0.011355 -0.019710 0.022116
v 0.010602 -0.020339 0.023667
v 0.010212 -0.022135 0.010150
v 0.011337 -0.022081 0.011911
v 0.012125 -0.021755 0.014118
v 0.012461 -0.021481 0.017325
v 0.012301 -0.021662 0.019782
v 0.011515 -0.022105 0.022403
v 0.010357 -0.021972 0.024242
v 0.008429 -0.025027 0.008151
v 0.010045 -0.024442 0.009654
v 0.011192 -0.024153 0.011185
v 0.011320 -0.023891 0.023229
v 0.010110 -0.024323 0.024888
v 0.008934 -0.024890 0.026190
v 0.008377 -0.026897 0.007951
v 0.009612 -0.026686 0.008856
v 0.009898 -0.026680 0.025529
v 0.008710 -0.026862 0.026509
v 0.008055 -0.029233 0.007692
v 0.009329 -0.028595 0.008337
v 0.009745 -0.028484 0.025957
v 0.008153 -0.029109 0.026790
v 0.007122 -0.031528 0.007795
v 0.007136 -0.031563 0.026600
v 0.006055 -0.033360 0.008121
v 0.006346 -0.034467 0.008286
v 0.006492 -0.035190 0.026046
v 0.006289 -0.033815 0.026237
v 0.005332 -0.036224 0.008432
v 0.005253 -0.036282 0.025867
v 0.005034 -0.034900 0.026062
v 0.004340 -0.038678 0.008649
v 0.004313 -0.038546 0.025535
v 0.003366 -0.041078 0.007615
v 0.003356 -0.039899 0.008409
v 0.003441 -0.040492 0.025686
v 0.003276 -0.041722 0.026226
v 0.002465 -0.043274 0.006903
v 0.002350 -0.043339 0.026603
v 0.001419 -0.045671 0.006508
v 0.001454 -0.045719 0.026996
v 0.000423 -0.048020 0.006240
v 0.000510 -0.048036 0.027303
v -0.000436 -0.050422 0.006023
v -0.000378 -0.050485 0.027632
v -0.001630 -0.053649 0.005621
v -0.001331 -0.052609 0.005776
v -0.001406 -0.052663 0.027897
v -0.002335 -0.055187 0.005524
v -0.002888 -0.053863 0.005658
v -0.002388 -0.055043 0.028172
v -0.003347 -0.057542 0.005256
v -0.003427 -0.057344 0.028434
v -0.002922 -0.058736 0.028634
v -0.004206 -0.059976 0.004958
v -0.004806 -0.058593 0.028551
v -0.004199 -0.059986 0.028756
v -0.005262 -0.062206 0.004713
v -0.005232 -0.062237 0.028962
v -0.006209 -0.064511 0.004494
v -0.006199 -0.064586 0.029189
v -0.007114 -0.066956 0.004221
v -0.007144 -0.066956 0.029454
v -0.008086 -0.069280 0.003988
v -0.008074 -0.069222 0.029677
v -0.009065 -0.071666 0.003787
v -0.009055 -0.071625 0.029907
v -0.009989 -0.074049 0.003736
v -0.010004 -0.074103 0.029974
v -0.010922 -0.076366 0.003663
v -0.010943 -0.076451 0.029964
v -0.011982 -0.078707 0.003874
v -0.011902 -0.078814 0.029941
v -0.012816 -0.081142 0.004210
v -0.012819 -0.081189 0.029878
v -0.013773 -0.083543 0.004526
v -0.013855 -0.083504 0.029738
v -0.014727 -0.086085 0.004910
v -0.014735 -0.085841 0.029512
v -0.015646 -0.087734 0.005297
v -0.015682 -0.089006 0.005792
v -0.015032 -0.089832 0.018257
v -0.015127 -0.089795 0.020403
v -0.015275 -0.089702 0.022316
v -0.015251 -0.089667 0.024878
v -0.015310 -0.089606 0.028070
v -0.015723 -0.088174 0.028949
v -0.016576 -0.089927 0.006893
v -0.016669 -0.090144 0.009440
v -0.016384 -0.090040 0.011996
v -0.016498 -0.090086 0.014635
v -0.016507 -0.089975 0.017040
v -0.016436 -0.089886 0.019671
v -0.016581 -0.089805 0.022223
v -0.016616 -0.089704 0.024715
v -0.016574 -0.089701 0.027390
v -0.017035 -0.089174 0.028616
v 0.010955 -0.012189 0.013032
v 0.011418 -0.011675 0.014790
v 0.011640 -0.011556 0.017090
v 0.011481 -0.011661 0.019587
v 0.011073 -0.011980 0.021211
v 0.010733 -0.013941 0.012349
v 0.011492 -0.014011 0.014486
v 0.011836 -0.014275 0.017062
v 0.011651 -0.013990 0.019596
v 0.010833 -0.013954 0.022020
v 0.010013 -0.014739 0.023538
v 0.009680 -0.016331 0.010339
v 0.010755 -0.016422 0.011995
v 0.011638 -0.016218 0.014380
v 0.011962 -0.015893 0.016989
v 0.011732 -0.016048 0.019987
v 0.010894 -0.016407 0.022314
v 0.009762 -0.016507 0.024159
v 0.009328 -0.018672 0.009756
v 0.010643 -0.018607 0.011350
v 0.010777 -0.018351 0.022976
v 0.009494 -0.018784 0.024739
v 0.008112 -0.019347 0.026054
v 0.007518 -0.021476 0.008055
v 0.008846 -0.020999 0.009035
v 0.009173 -0.021031 0.025423
v 0.007925 -0.021237 0.026388
v 0.007437 -0.023649 0.007789
v 0.008548 -0.023210 0.008459
v 0.008992 -0.022914 0.025866
v 0.007686 -0.023529 0.026762
v 0.006858 -0.025882 0.007356
v 0.006640 -0.025787 0.027318
v 0.005878 -0.028169 0.007151
v 0.005838 -0.028201 0.027159
v 0.004830 -0.030466 0.007504
v 0.004818 -0.030562 0.026705
v 0.003905 -0.032793 0.007887
v 0.003870 -0.032888 0.026302
v 0.002920 -0.034447 0.008118
v 0.003044 -0.035686 0.008307
v 0.002815 -0.035519 0.025881
v 0.003098 -0.034168 0.026093
v 0.001942 -0.037660 0.008571
v 0.001946 -0.037623 0.025579
v 0.000825 -0.040488 0.007609
v 0.001084 -0.039330 0.008527
v 0.000994 -0.039948 0.025657
v 0.001580 -0.041411 0.026170
v 0.000030 -0.042451 0.006943
v 0.000117 -0.042364 0.026369
v -0.000907 -0.044808 0.006552
v -0.001015 -0.044694 0.026742
v -0.001860 -0.047145 0.006280
v -0.001763 -0.047049 0.027066
v -0.002781 -0.049461 0.006049
v -0.002748 -0.049476 0.027400
v -0.003763 -0.051783 0.005807
v -0.003694 -0.051824 0.027700
v -0.004839 -0.054371 0.005534
v -0.004242 -0.053318 0.005674
v -0.004741 -0.054211 0.027979
v -0.005640 -0.056535 0.005305
v -0.005696 -0.056458 0.028268
v -0.006649 -0.058915 0.005037
v -0.006812 -0.058572 0.028481
v -0.006298 -0.059702 0.028668
v -0.007591 -0.061286 0.004803
v -0.007953 -0.060002 0.028569
v -0.007551 -0.061359 0.028793
v -0.008608 -0.063582 0.004536
v -0.008596 -0.063568 0.029028
v -0.009501 -0.065985 0.004314
v -0.009500 -0.066039 0.029272
v -0.010405 -0.068347 0.004063
v -0.010475 -0.068363 0.029505
v -0.011428 -0.070743 0.003829
v -0.011371 -0.070675 0.029754
v -0.012348 -0.073110 0.003741
v -0.012336 -0.073065 0.029877
v -0.013368 -0.075424 0.003685
v -0.013380 -0.075427 0.029876
v -0.014337 -0.077789 0.003788
v -0.014237 -0.077732 0.029823
v -0.015300 -0.080214 0.004073
v -0.015177 -0.080162 0.029789
v -0.016154 -0.082551 0.004379
v -0.016175 -0.082586 0.029686
v -0.017043 -0.084915 0.004674
v -0.017110 -0.084953 0.029524
v -0.018125 -0.087094 0.005178
v -0.018021 -0.088524 0.005727
v -0.018129 -0.087280 0.029024
v -0.019659 -0.088027 0.005654
v -0.018993 -0.089586 0.006763
v -0.019200 -0.089981 0.009463
v -0.019224 -0.090012 0.012009
v -0.019222 -0.090010 0.014541
v -0.019222 -0.089933 0.017056
v -0.019190 -0.089921 0.019725
v -0.019145 -0.089816 0.022132
v -0.019095 -0.089745 0.024631
v -0.019067 -0.089536 0.027652
v -0.018688 -0.088603 0.028650
v 0.010568 -0.006576 0.012929
v 0.011051 -0.005994 0.014733
v 0.011250 -0.005899 0.017149
v 0.011106 -0.005923 0.019422
v 0.010657 -0.006329 0.021214
v 0.010347 -0.008265 0.012350
v 0.011132 -0.008326 0.014448
v 0.011417 -0.008347 0.017132
v 0.011220 -0.008380 0.019670
v 0.010412 -0.008196 0.021963
v 0.009511 -0.009048 0.023548
v 0.009065 -0.010753 0.010295
v 0.010247 -0.010742 0.011911
v 0.011225 -0.010415 0.014267
v 0.011544 -0.010134 0.017228
v 0.011315 -0.010296 0.019913
v 0.010444 -0.010764 0.022271
v 0.009239 -0.010770 0.024073
v 0.008823 -0.013015 0.009897
v 0.010123 -0.012994 0.011395
v 0.010220 -0.012880 0.022968
v 0.008853 -0.013051 0.024706
v 0.006601 -0.016095 0.008118
v 0.008206 -0.015409 0.009191
v 0.008525 -0.015335 0.025268
v 0.007206 -0.015654 0.026215
v 0.006547 -0.017799 0.007929
v 0.007725 -0.017672 0.008596
v 0.008245 -0.017647 0.025785
v 0.006939 -0.017878 0.026540
v 0.006239 -0.020228 0.007554
v 0.007652 -0.019453 0.008340
v 0.006341 -0.020105 0.027030
v 0.005275 -0.022524 0.006900
v 0.005380 -0.022449 0.027562
v 0.004338 -0.024944 0.006514
v 0.004324 -0.024898 0.027731
v 0.003494 -0.027307 0.006810
v 0.003399 -0.027185 0.027304
v 0.002368 -0.029553 0.007273
v 0.002477 -0.029667 0.026796
v 0.001465 -0.031999 0.007700
v 0.001569 -0.032021 0.026387
v 0.000506 -0.034169 0.008042
v 0.000808 -0.035523 0.008254
v 0.000424 -0.034900 0.025936
v 0.000530 -0.033583 0.026133
v -0.000892 -0.035442 0.008187
v -0.000379 -0.036725 0.008396
v -0.000348 -0.036650 0.025695
v -0.001094 -0.040145 0.007833
v -0.001345 -0.038927 0.008505
v -0.001376 -0.039011 0.025600
v -0.002295 -0.041376 0.007248
v -0.002627 -0.040040 0.008230
v -0.001968 -0.040568 0.025904
v -0.002351 -0.041811 0.026315
v -0.003273 -0.043751 0.006681
v -0.003331 -0.043735 0.026529
v -0.004278 -0.046065 0.006317
v -0.004284 -0.046096 0.026857
v -0.005169 -0.048489 0.006081
v -0.005150 -0.048461 0.027177
v -0.006178 -0.050806 0.005873
v -0.006025 -0.050788 0.027483
v -0.007191 -0.053541 0.005568
v -0.006910 -0.052272 0.005704
v -0.007065 -0.053205 0.027768
v -0.007998 -0.055533 0.005371
v -0.008011 -0.055603 0.028065
v -0.009003 -0.057908 0.005131
v -0.009030 -0.057926 0.028343
v -0.009902 -0.060244 0.004879
v -0.010055 -0.059823 0.028514
v -0.009799 -0.061076 0.028690
v -0.010844 -0.062657 0.004637
v -0.010898 -0.062731 0.028854
v -0.011902 -0.065009 0.004395
v -0.011909 -0.065074 0.029107
v -0.012805 -0.067380 0.004150
v -0.012786 -0.067362 0.029303
v -0.013798 -0.069767 0.003910
v -0.013681 -0.069768 0.029598
v -0.014743 -0.072122 0.003750
v -0.014716 -0.072176 0.029746
v -0.015655 -0.074475 0.003674
v -0.015682 -0.074430 0.029790
v -0.016614 -0.076900 0.003680
v -0.016546 -0.076954 0.029752
v -0.017576 -0.079226 0.003911
v -0.017627 -0.079196 0.029688
v -0.018534 -0.081541 0.004238
v -0.018529 -0.081597 0.029647
v -0.019500 -0.083968 0.004556
v -0.019492 -0.083953 0.029469
v -0.020472 -0.086273 0.005070
v -0.020514 -0.086318 0.029059
v -0.021081 -0.087618 0.005601
v -0.021655 -0.088988 0.006852
v -0.021758 -0.089664 0.009355
v -0.021647 -0.089784 0.012199
v -0.021895 -0.089695 0.014561
v -0.021759 -0.089689 0.016916
v -0.021570 -0.089747 0.019830
v -0.021857 -0.089628 0.022232
v -0.021883 -0.089567 0.024869
v -0.021587 -0.089118 0.027450
v -0.020714 -0.087923 0.028705
v -0.022343 -0.089724 0.010391
v -0.022554 -0.089654 0.011507
v -0.022307 -0.089748 0.017973
v -0.022556 -0.089632 0.019466
v -0.022369 -0.089666 0.021100
v 0.010871 0.001394 0.016715
v 0.010220 -0.000699 0.012992
v 0.010678 -0.000348 0.014565
v 0.010928 0.000043 0.017129
v 0.010711 -0.000148 0.019567
v 0.010217 -0.000701 0.021269
v 0.009992 -0.002681 0.012366
v 0.010778 -0.002696 0.014467
v 0.011062 -0.002810 0.017029
v 0.010816 -0.002647 0.019754
v 0.009996 -0.002629 0.022009
v 0.008748 -0.005070 0.010406
v 0.009944 -0.005010 0.012037
v 0.010852 -0.004675 0.014183
v 0.011161 -0.004450 0.017675
v 0.010891 -0.004593 0.020023
v 0.009891 -0.004936 0.022419
v 0.008713 -0.004845 0.024010
v 0.008410 -0.007390 0.009953
v 0.009686 -0.007352 0.011355
v 0.009806 -0.007108 0.022835
v 0.008524 -0.007443 0.024425
v 0.007703 -0.009703 0.009289
v 0.007739 -0.009646 0.025255
v 0.006317 -0.010382 0.026118
v 0.005732 -0.012211 0.007987
v 0.007080 -0.012066 0.008709
v 0.007467 -0.012065 0.025719
v 0.006211 -0.012115 0.026335
v 0.005491 -0.014341 0.007758
v 0.006800 -0.014166 0.008383
v 0.007378 -0.013975 0.025948
v 0.005797 -0.014511 0.026690
v 0.004772 -0.016901 0.007272
v 0.004911 -0.016862 0.027164
v 0.003935 -0.019303 0.006768
v 0.003975 -0.019092 0.027591
v 0.002994 -0.021608 0.006265
v 0.002968 -0.021520 0.027934
v 0.002056 -0.023947 0.006070
v 0.001958 -0.023971 0.027957
v 0.001071 -0.026195 0.006504
v 0.001104 -0.026241 0.027485
v 0.000157 -0.028588 0.007038
v 0.000168 -0.028626 0.026946
v -0.000801 -0.031013 0.007473
v -0.000872 -0.030994 0.026509
v -0.001827 -0.033377 0.007832
v -0.001999 -0.034214 0.025984
v -0.001667 -0.033016 0.026175
v -0.002731 -0.035323 0.008104
v -0.002782 -0.036602 0.008292
v -0.002805 -0.035701 0.025751
v -0.003708 -0.038140 0.008466
v -0.003693 -0.038062 0.025497
v -0.004738 -0.040887 0.007560
v -0.004476 -0.039760 0.008406
v -0.004780 -0.040148 0.025646
v -0.004330 -0.041348 0.026225
v -0.005625 -0.042829 0.006794
v -0.006172 -0.041641 0.025983
v -0.005537 -0.042897 0.026320
v -0.006652 -0.045113 0.006381
v -0.006623 -0.045149 0.026662
v -0.007581 -0.047532 0.006121
v -0.007570 -0.047514 0.026981
v -0.008472 -0.049915 0.005889
v -0.008536 -0.049848 0.027281
v -0.009654 -0.052808 0.005586
v -0.009195 -0.051640 0.005707
v -0.009423 -0.052273 0.027581
v -0.010417 -0.054652 0.005419
v -0.010382 -0.054633 0.027840
v -0.011368 -0.056981 0.005193
v -0.011293 -0.056987 0.028149
v -0.012305 -0.059395 0.004947
v -0.012372 -0.059286 0.028394
v -0.013271 -0.061750 0.004701
v -0.013590 -0.060974 0.028533
v -0.013104 -0.062156 0.028709
v -0.014241 -0.064052 0.004466
v -0.014253 -0.064096 0.028898
v -0.015130 -0.066458 0.004219
v -0.015211 -0.066463 0.029141
v -0.016170 -0.068797 0.004009
v -0.016096 -0.068795 0.029403
v -0.017072 -0.071155 0.003772
v -0.017071 -0.071219 0.029594
v -0.018051 -0.073475 0.003642
v -0.018060 -0.073529 0.029682
v -0.019031 -0.075913 0.003629
v -0.018983 -0.075874 0.029669
v -0.019897 -0.078266 0.003806
v -0.019963 -0.078248 0.029612
v -0.020837 -0.080602 0.004102
v -0.020953 -0.080622 0.029551
v -0.021796 -0.083089 0.004476
v -0.021852 -0.083012 0.029401
v -0.022698 -0.085204 0.005117
v -0.023617 -0.085911 0.006255
v -0.023474 -0.085990 0.027963
v -0.022551 -0.085227 0.029009
v -0.022282 -0.087107 0.005594
v -0.023309 -0.087197 0.007194
v -0.023818 -0.088024 0.009448
v -0.024003 -0.088354 0.012071
v -0.024015 -0.088266 0.014647
v -0.024027 -0.088399 0.017120
v -0.023990 -0.088400 0.019619
v -0.024015 -0.088308 0.022174
v -0.023853 -0.087873 0.024878
v -0.023185 -0.087306 0.027032
v 0.010533 0.007182 0.015448
v 0.010630 0.007295 0.017092
v 0.010518 0.007209 0.019045
v 0.009881 0.005105 0.012889
v 0.010410 0.005453 0.014585
v 0.010689 0.005495 0.017169
v 0.010455 0.005527 0.019576
v 0.009917 0.005046 0.021287
v 0.009630 0.003124 0.012272
v 0.010529 0.002885 0.014609
v 0.010791 0.002838 0.017299
v 0.010510 0.002998 0.019709
v 0.009596 0.003045 0.022094
v 0.008313 0.000625 0.010399
v 0.009508 0.000678 0.011921
v 0.010529 0.001010 0.014207
v 0.010837 0.001384 0.016113
v 0.010510 0.001145 0.020114
v 0.009551 0.000672 0.022380
v 0.008402 0.000573 0.023871
v 0.008025 -0.001680 0.010016
v 0.009210 -0.001555 0.011247
v 0.009266 -0.001440 0.023032
v 0.008010 -0.001699 0.024368
v 0.007272 -0.004115 0.009334
v 0.007276 -0.004037 0.025063
v 0.005178 -0.006817 0.008069
v 0.006472 -0.006365 0.008716
v 0.006576 -0.006274 0.025667
v 0.005334 -0.006591 0.026216
v 0.004987 -0.009004 0.007900
v 0.006085 -0.008729 0.008377
v 0.006452 -0.008477 0.025904
v 0.005308 -0.008774 0.026389
v 0.004422 -0.011179 0.007561
v 0.004451 -0.011134 0.026789
v 0.003495 -0.013448 0.007109
v 0.003513 -0.013573 0.027169
v 0.002504 -0.015788 0.006657
v 0.002506 -0.015825 0.027511
v 0.001471 -0.018075 0.006225
v 0.001582 -0.018250 0.027860
v -0.000471 -0.021151 0.005612
v 0.000726 -0.020453 0.005855
v 0.000575 -0.020639 0.028125
v -0.000876 -0.022220 0.005591
v -0.000118 -0.023259 0.005800
v -0.000344 -0.022912 0.028102
v -0.001340 -0.025373 0.006225
v -0.001333 -0.025337 0.027632
v -0.002216 -0.027623 0.006748
v -0.002282 -0.027661 0.027086
v -0.003284 -0.030028 0.007205
v -0.003224 -0.030027 0.026617
v -0.004155 -0.032406 0.007611
v -0.003923 -0.033659 0.026017
v -0.004209 -0.032322 0.026213
v -0.005118 -0.034696 0.007959
v -0.005152 -0.034749 0.025829
v -0.006331 -0.036102 0.008140
v -0.005925 -0.037364 0.008321
v -0.006013 -0.037175 0.025463
v -0.006942 -0.040434 0.007831
v -0.007066 -0.039191 0.008412
v -0.007003 -0.039561 0.025364
v -0.007976 -0.041792 0.007036
v -0.008074 -0.041133 0.025800
v -0.008160 -0.042445 0.026210
v -0.008997 -0.044174 0.006485
v -0.008919 -0.044235 0.026445
v -0.009905 -0.046488 0.006149
v -0.009941 -0.046572 0.026781
v -0.010800 -0.048914 0.005931
v -0.010802 -0.048908 0.027064
v -0.011828 -0.052229 0.005622
v -0.011826 -0.051012 0.005754
v -0.011794 -0.051305 0.027360
v -0.012794 -0.053560 0.005500
v -0.012823 -0.053717 0.027653
v -0.013751 -0.055975 0.005269
v -0.013699 -0.056149 0.027923
v -0.014692 -0.058377 0.005023
v -0.014679 -0.058364 0.028194
v -0.015641 -0.060777 0.004766
v -0.015672 -0.060692 0.028428
v -0.015100 -0.062142 0.028640
v -0.016627 -0.063140 0.004527
v -0.017003 -0.062124 0.028545
v -0.016496 -0.063260 0.028707
v -0.017570 -0.065554 0.004276
v -0.017562 -0.065486 0.028955
v -0.018515 -0.067976 0.004012
v -0.018534 -0.067844 0.029198
v -0.019463 -0.070261 0.003776
v -0.019538 -0.070190 0.029425
v -0.020390 -0.072596 0.003595
v -0.020406 -0.072535 0.029570
v -0.021399 -0.074830 0.003579
v -0.021306 -0.074914 0.029574
v -0.022351 -0.077259 0.003696
v -0.022412 -0.077343 0.029531
v -0.023323 -0.079645 0.004007
v -0.023315 -0.079645 0.029475
v -0.024197 -0.082082 0.004620
v -0.025656 -0.082753 0.028214
v -0.024217 -0.081982 0.029231
v -0.024510 -0.083586 0.005313
v -0.025312 -0.084606 0.006849
v -0.026139 -0.085206 0.008641
v -0.026036 -0.085163 0.025510
v -0.025185 -0.084366 0.027344
v -0.024204 -0.083812 0.028889
v -0.024863 -0.086009 0.007945
v -0.025766 -0.086260 0.009684
v -0.026157 -0.086871 0.011998
v -0.026140 -0.086973 0.014565
v -0.026221 -0.086928 0.017155
v -0.026235 -0.086949 0.019646
v -0.026138 -0.086790 0.022222
v -0.025642 -0.086228 0.024494
v -0.024637 -0.086064 0.026335
v 0.010353 0.013157 0.014915
v 0.010564 0.013410 0.017251
v 0.010416 0.013223 0.019322
v 0.009657 0.011099 0.012794
v 0.010264 0.011256 0.014619
v 0.010549 0.011037 0.017103
v 0.010307 0.011286 0.019753
v 0.009645 0.010957 0.021636
v 0.008247 0.008264 0.010689
v 0.009263 0.008903 0.012093
v 0.010274 0.008509 0.014453
v 0.010586 0.008605 0.017232
v 0.010342 0.008600 0.019760
v 0.009403 0.008827 0.022072
v 0.008089 0.008119 0.023768
v 0.007943 0.006418 0.010338
v 0.009257 0.006339 0.011946
v 0.010131 0.006881 0.013728
v 0.010170 0.006972 0.020520
v 0.009183 0.006356 0.022472
v 0.007966 0.006605 0.023937
v 0.007606 0.003957 0.009999
v 0.008833 0.004093 0.011165
v 0.008912 0.004169 0.023038
v 0.007514 0.004029 0.024376
v 0.006799 0.001740 0.009366
v 0.006933 0.001639 0.024851
v 0.004601 -0.000982 0.008152
v 0.005907 -0.000673 0.008752
v 0.005955 -0.000712 0.025505
v 0.004542 -0.001311 0.026100
v 0.004438 -0.003090 0.008029
v 0.005598 -0.002923 0.008479
v 0.005628 -0.003031 0.025807
v 0.004435 -0.003189 0.026231
v 0.004006 -0.005449 0.007780
v 0.005372 -0.004840 0.008265
v 0.004003 -0.005423 0.026459
v 0.002995 -0.007733 0.007330
v 0.003103 -0.007820 0.026796
v 0.002011 -0.010154 0.006929
v 0.002150 -0.010194 0.027104
v 0.001115 -0.012581 0.006575
v 0.001128 -0.012471 0.027415
v 0.000133 -0.014878 0.006235
v 0.000111 -0.014895 0.027689
v -0.000813 -0.017235 0.005950
v -0.000798 -0.017331 0.027932
v -0.001961 -0.020066 0.005561
v -0.001377 -0.018923 0.005723
v -0.001834 -0.019619 0.028103
v -0.002729 -0.021933 0.005491
v -0.002264 -0.023366 0.005699
v -0.002753 -0.022091 0.028136
v -0.004126 -0.023121 0.005584
v -0.003705 -0.024492 0.005928
v -0.003653 -0.024413 0.027777
v -0.004652 -0.026833 0.006512
v -0.004639 -0.026747 0.027202
v -0.005653 -0.029049 0.006956
v -0.005542 -0.029128 0.026706
v -0.006490 -0.031457 0.007439
v -0.006573 -0.031564 0.026267
v -0.007528 -0.033769 0.007866
v -0.007530 -0.033959 0.025890
v -0.007350 -0.032692 0.026078
v -0.008471 -0.035939 0.008079
v -0.008288 -0.037187 0.008272
v -0.008455 -0.036269 0.025555
v -0.009409 -0.038616 0.008393
v -0.009443 -0.038522 0.025328
v -0.010308 -0.041021 0.007363
v -0.010476 -0.039815 0.008327
v -0.010451 -0.040810 0.025616
v -0.009879 -0.042145 0.026079
v -0.011351 -0.043273 0.006595
v -0.012111 -0.042123 0.026023
v -0.011251 -0.043372 0.026236
v -0.012276 -0.045594 0.006244
v -0.012303 -0.045648 0.026524
v -0.013216 -0.047960 0.006024
v -0.013210 -0.048010 0.026837
v -0.013584 -0.051855 0.005653
v -0.014191 -0.050346 0.005796
v -0.014244 -0.050427 0.027117
v -0.014994 -0.052983 0.005546
v -0.015463 -0.051822 0.005689
v -0.015178 -0.052674 0.027414
v -0.016099 -0.054979 0.005388
v -0.016052 -0.055116 0.027709
v -0.017075 -0.057462 0.005155
v -0.017026 -0.057438 0.027947
v -0.017949 -0.059841 0.004922
v -0.018054 -0.059844 0.028226
v -0.018940 -0.062141 0.004664
v -0.019030 -0.061985 0.028424
v -0.018592 -0.063285 0.028648
v -0.019946 -0.064470 0.004389
v -0.020368 -0.063655 0.028543
v -0.019694 -0.064700 0.028741
v -0.020836 -0.066944 0.004076
v -0.020899 -0.066848 0.028981
v -0.021852 -0.069273 0.003809
v -0.021865 -0.069271 0.029187
v -0.022846 -0.071647 0.003619
v -0.022680 -0.071685 0.029463
v -0.023760 -0.073958 0.003560
v -0.023657 -0.074103 0.029516
v -0.024704 -0.076353 0.003677
v -0.024658 -0.076338 0.029441
v -0.025688 -0.078705 0.003998
v -0.025581 -0.078738 0.029353
v -0.026512 -0.081093 0.004966
v -0.027433 -0.081931 0.005974
v -0.027063 -0.081620 0.027911
v -0.026264 -0.080709 0.029034
v -0.027228 -0.083031 0.007038
v -0.027966 -0.084096 0.009001
v -0.027894 -0.083997 0.025072
v -0.027199 -0.082891 0.026749
v -0.027966 -0.085040 0.010203
v -0.028446 -0.085618 0.011962
v -0.028443 -0.085829 0.014594
v -0.028471 -0.085660 0.017093
v -0.028481 -0.085673 0.019610
v -0.028384 -0.085411 0.022402
v -0.027847 -0.085035 0.023901
v 0.010577 0.021020 0.015567
v 0.010643 0.021005 0.017321
v 0.010549 0.020901 0.018715
v 0.009835 0.018764 0.012883
v 0.010357 0.019313 0.014523
v 0.010625 0.019413 0.017053
v 0.010388 0.019323 0.019576
v 0.009855 0.018559 0.021184
v 0.009472 0.016847 0.012306
v 0.010323 0.016727 0.014549
v 0.010591 0.016618 0.017028
v 0.010340 0.016683 0.019675
v 0.009476 0.016831 0.021856
v 0.008078 0.014253 0.010564
v 0.009274 0.014473 0.012080
v 0.010215 0.014374 0.014185
v 0.010578 0.014703 0.017370
v 0.010266 0.014420 0.019939
v 0.009103 0.014490 0.022379
v 0.007842 0.013985 0.023875
v 0.007716 0.012327 0.010273
v 0.008960 0.012047 0.011648
v 0.008913 0.012080 0.022725
v 0.007628 0.012131 0.024085
v 0.007186 0.009641 0.009906
v 0.008546 0.009972 0.011072
v 0.008563 0.010004 0.023195
v 0.007231 0.009691 0.024376
v 0.006482 0.007350 0.009382
v 0.006455 0.007297 0.024879
v 0.004028 0.004158 0.008172
v 0.005567 0.005056 0.008840
v 0.005493 0.004990 0.025411
v 0.003775 0.002586 0.008030
v 0.004945 0.002501 0.008451
v 0.004747 0.002722 0.025796
v 0.003483 0.002271 0.026124
v 0.003372 0.000219 0.007821
v 0.004708 0.000414 0.008261
v 0.004651 0.000675 0.025933
v 0.003355 0.000137 0.026248
v 0.002592 -0.002235 0.007514
v 0.002577 -0.002121 0.026498
v 0.001572 -0.004480 0.007164
v 0.001714 -0.004466 0.026737
v 0.000681 -0.006855 0.006845
v 0.000709 -0.006784 0.027004
v -0.000340 -0.009300 0.006530
v -0.000266 -0.009165 0.027255
v -0.001277 -0.011583 0.006252
v -0.001330 -0.011559 0.027471
v -0.002195 -0.014014 0.006018
v -0.002289 -0.013951 0.027640
v -0.003175 -0.016310 0.005842
v -0.003159 -0.016307 0.027784
v -0.004308 -0.018743 0.005572
v -0.003048 -0.017983 0.005701
v -0.004167 -0.018611 0.027923
v -0.005117 -0.020982 0.005429
v -0.005068 -0.021011 0.027997
v -0.006008 -0.022914 0.005493
v -0.005981 -0.024193 0.005775
v -0.006019 -0.023475 0.027835
v -0.007006 -0.025786 0.006158
v -0.007067 -0.025675 0.027404
v -0.007950 -0.028188 0.006695
v -0.007907 -0.028035 0.026862
v -0.008847 -0.030527 0.007161
v -0.008990 -0.030488 0.026381
v -0.009835 -0.032851 0.007592
v -0.010005 -0.033221 0.025939
v -0.009586 -0.031996 0.026129
v -0.010819 -0.035230 0.007941
v -0.010777 -0.035281 0.025636
v -0.011868 -0.036598 0.008144
v -0.011670 -0.037869 0.008321
v -0.011784 -0.037595 0.025349
v -0.012864 -0.040547 0.007647
v -0.012729 -0.039363 0.008388
v -0.012673 -0.039988 0.025300
v -0.013686 -0.042284 0.006871
v -0.013727 -0.042068 0.025885
v -0.013468 -0.043218 0.026129
v -0.014662 -0.044669 0.006483
v -0.015334 -0.043474 0.026020
v -0.014656 -0.044737 0.026275
v -0.015633 -0.046996 0.006227
v -0.015599 -0.046995 0.026557
v -0.016570 -0.049412 0.006015
v -0.016599 -0.049335 0.026850
v -0.016922 -0.052939 0.005630
v -0.017604 -0.051672 0.005890
v -0.017591 -0.051824 0.027113
v -0.017928 -0.054485 0.005536
v -0.019290 -0.053930 0.006608
v -0.019833 -0.054301 0.009300
v -0.019940 -0.054539 0.010929
v -0.019769 -0.054347 0.014692
v -0.019845 -0.054393 0.025497
v -0.018646 -0.054087 0.027150
v -0.019072 -0.056645 0.005365
v -0.020231 -0.055876 0.006483
v -0.020212 -0.055146 0.009902
v -0.020331 -0.055407 0.011312
v -0.020412 -0.055676 0.019579
v -0.020566 -0.056155 0.022223
v -0.020384 -0.056088 0.024784
v -0.019458 -0.056497 0.027220
v -0.020228 -0.059045 0.005247
v -0.021159 -0.058115 0.005945
v -0.021135 -0.057450 0.023377
v -0.021223 -0.057696 0.024670
v -0.020513 -0.058683 0.027524
v -0.021408 -0.061170 0.005033
v -0.021347 -0.061231 0.028110
v -0.022277 -0.063553 0.004712
v -0.022362 -0.063413 0.028373
v -0.021760 -0.064794 0.028642
v -0.023292 -0.065859 0.004339
v -0.023690 -0.065082 0.028476
v -0.023230 -0.066288 0.028749
v -0.024178 -0.068322 0.003987
v -0.024219 -0.068281 0.028964
v -0.025161 -0.070631 0.003793
v -0.025116 -0.070678 0.029214
v -0.026094 -0.073060 0.003750
v -0.026039 -0.073094 0.029276
v -0.027062 -0.075399 0.003935
v -0.027085 -0.075405 0.029113
v -0.028045 -0.077779 0.004323
v -0.028972 -0.077979 0.028441
v -0.027712 -0.077750 0.028982
v -0.028650 -0.079826 0.005153
v -0.029326 -0.080911 0.006134
v -0.029086 -0.080245 0.027622
v -0.027884 -0.079503 0.028776
v -0.029586 -0.081873 0.007375
v -0.030142 -0.083054 0.009145
v -0.030011 -0.082698 0.024881
v -0.029156 -0.081636 0.026432
v -0.030331 -0.083947 0.010458
v -0.030730 -0.084604 0.012040
v -0.030907 -0.084921 0.014582
v -0.030794 -0.084890 0.017106
v -0.030809 -0.084622 0.019664
v -0.030642 -0.084400 0.022324
v -0.029907 -0.083955 0.023601
v 0.010081 0.026596 0.013100
v 0.010550 0.027045 0.014971
v 0.010748 0.027257 0.017134
v 0.010576 0.027043 0.019430
v 0.009815 0.024911 0.012685
v 0.010419 0.024914 0.014525
v 0.010689 0.024915 0.017132
v 0.010447 0.024837 0.019632
v 0.009721 0.024821 0.021655
v 0.008296 0.022087 0.010621
v 0.009334 0.022471 0.012007
v 0.010369 0.022321 0.014440
v 0.010651 0.022335 0.017185
v 0.010381 0.022243 0.019674
v 0.009328 0.022497 0.022161
v 0.008059 0.020210 0.010437
v 0.009216 0.020040 0.011847
v 0.010188 0.020521 0.013735
v 0.010243 0.020587 0.020209
v 0.009139 0.020007 0.022387
v 0.007831 0.020151 0.023892
v 0.007536 0.017689 0.010081
v 0.008773 0.017753 0.011273
v 0.008722 0.017788 0.022942
v 0.007376 0.017876 0.024204
v 0.006895 0.015360 0.009682
v 0.008336 0.015903 0.010765
v 0.008287 0.016062 0.023439
v 0.006841 0.015381 0.024517
v 0.005946 0.013079 0.009168
v 0.005945 0.013073 0.025022
v 0.003519 0.009867 0.008196
v 0.005055 0.010723 0.008756
v 0.005046 0.010702 0.025414
v 0.003138 0.008301 0.008037
v 0.004500 0.008190 0.008477
v 0.004019 0.008226 0.025771
v 0.002965 0.005878 0.007914
v 0.004217 0.006219 0.008312
v 0.003778 0.006001 0.025926
v 0.002453 0.005818 0.026161
v 0.001992 0.003494 0.007592
v 0.003501 0.004248 0.026046
v 0.002082 0.003601 0.026296
v 0.001110 0.001242 0.007320
v 0.001079 0.001233 0.026506
v 0.000125 -0.001107 0.007043
v 0.000154 -0.001167 0.026685
v -0.000783 -0.003501 0.006788
v -0.000765 -0.003525 0.026880
v -0.001748 -0.005909 0.006533
v -0.001676 -0.005874 0.027055
v -0.002693 -0.008326 0.006324
v -0.002676 -0.008288 0.027190
v -0.003651 -0.010635 0.006164
v -0.003670 -0.010630 0.027303
v -0.004579 -0.013028 0.006004
v -0.004583 -0.013018 0.027409
v -0.005429 -0.015338 0.005877
v -0.005576 -0.015362 0.027488
v -0.006013 -0.018257 0.005588
v -0.006798 -0.017327 0.005750
v -0.006492 -0.017760 0.027581
v -0.007201 -0.020154 0.005515
v -0.008329 -0.019534 0.005702
v -0.007444 -0.020064 0.027609
v -0.008341 -0.022384 0.005536
v -0.008637 -0.022841 0.005671
v -0.008436 -0.022408 0.027534
v -0.009169 -0.023663 0.005633
v -0.009319 -0.024942 0.005910
v -0.009389 -0.024823 0.027341
v -0.010218 -0.027221 0.006445
v -0.010369 -0.027228 0.026947
v -0.011207 -0.029539 0.006949
v -0.011300 -0.029537 0.026523
v -0.012165 -0.031841 0.007375
v -0.012434 -0.032708 0.025974
v -0.012206 -0.031523 0.026171
v -0.013205 -0.034177 0.007774
v -0.013277 -0.034253 0.025729
v -0.013993 -0.036281 0.008089
v -0.014087 -0.037494 0.008267
v -0.014231 -0.036632 0.025292
v -0.015027 -0.040092 0.008042
v -0.015094 -0.038897 0.008348
v -0.015155 -0.039160 0.024948
v -0.015941 -0.041454 0.007430
v -0.016828 -0.040417 0.008613
v -0.016066 -0.041192 0.025389
v -0.017102 -0.043726 0.006971
v -0.017152 -0.043338 0.025851
v -0.016672 -0.044508 0.026142
v -0.017923 -0.046033 0.006968
v -0.018885 -0.045921 0.009341
v -0.019029 -0.046127 0.011912
v -0.019247 -0.046431 0.014387
v -0.019158 -0.046383 0.017018
v -0.019209 -0.046325 0.019655
v -0.019323 -0.046595 0.022009
v -0.018874 -0.045907 0.025253
v -0.017551 -0.046248 0.026287
v -0.018490 -0.048488 0.007027
v -0.019081 -0.048287 0.009472
v -0.019234 -0.048221 0.012136
v -0.019375 -0.048203 0.014560
v -0.019283 -0.048253 0.017079
v -0.019338 -0.048331 0.019572
v -0.019378 -0.048331 0.022206
v -0.019280 -0.048279 0.024840
v -0.018322 -0.048691 0.026461
v -0.019029 -0.051074 0.007195
v -0.019384 -0.051031 0.009488
v -0.019544 -0.051015 0.012122
v -0.019591 -0.050874 0.014556
v -0.019557 -0.050922 0.017148
v -0.019608 -0.050853 0.019669
v -0.019646 -0.050888 0.022288
v -0.019496 -0.051002 0.024729
v -0.019072 -0.051170 0.026417
v -0.019440 -0.052879 0.007448
v -0.019595 -0.053013 0.009536
v -0.019876 -0.053475 0.012003
v -0.020071 -0.053404 0.014576
v -0.019982 -0.053428 0.017141
v -0.019977 -0.053466 0.019659
v -0.019972 -0.053488 0.022292
v -0.019774 -0.053305 0.024657
v -0.019378 -0.052974 0.026316
v -0.020822 -0.056362 0.007404
v -0.020823 -0.056175 0.009465
v -0.020759 -0.056085 0.012219
v -0.020824 -0.055944 0.014642
v -0.020896 -0.055932 0.017146
v -0.020752 -0.056148 0.019689
v -0.020380 -0.055365 0.021993
v -0.021812 -0.058273 0.007203
v -0.022035 -0.058179 0.009507
v -0.022124 -0.058084 0.012042
v -0.022221 -0.058078 0.014523
v -0.022345 -0.058096 0.017129
v -0.021988 -0.058106 0.019515
v -0.021873 -0.058324 0.022198
v -0.021823 -0.058653 0.024876
v -0.021920 -0.058953 0.026556
v -0.022964 -0.061697 0.005550
v -0.023082 -0.060511 0.006898
v -0.023733 -0.060205 0.009449
v -0.023916 -0.060098 0.012112
v -0.024170 -0.060062 0.014473
v -0.024220 -0.059868 0.017121
v -0.024112 -0.060018 0.019754
v -0.023813 -0.060230 0.022254
v -0.023005 -0.060554 0.024710
v -0.023021 -0.060663 0.026990
v -0.023760 -0.063279 0.005378
v -0.024622 -0.062739 0.006962
v -0.025166 -0.061824 0.009043
v -0.025210 -0.061151 0.011839
v -0.025341 -0.061092 0.014099
v -0.025060 -0.061538 0.022844
v -0.024991 -0.062251 0.024879
v -0.024378 -0.062916 0.027177
v -0.024985 -0.065293 0.005145
v -0.026110 -0.064632 0.006647
v -0.026244 -0.064016 0.025613
v -0.025684 -0.065007 0.027399
v -0.025055 -0.066574 0.028619
v -0.026446 -0.067502 0.004814
v -0.027419 -0.066740 0.005843
v -0.026819 -0.067071 0.027975
v -0.025717 -0.068010 0.028706
v -0.027529 -0.069659 0.004472
v -0.028001 -0.069518 0.028206
v -0.026732 -0.069930 0.028814
v -0.028466 -0.072088 0.004361
v -0.028780 -0.072004 0.028254
v -0.027712 -0.072498 0.028787
v -0.029454 -0.074455 0.004605
v -0.029562 -0.074391 0.028118
v -0.028317 -0.074208 0.028678
v -0.030396 -0.076840 0.004914
v -0.030310 -0.076822 0.027941
v -0.031014 -0.078504 0.005303
v -0.031714 -0.079723 0.006254
v -0.032679 -0.079891 0.025961
v -0.031262 -0.079259 0.027072
v -0.032030 -0.080833 0.007535
v -0.032440 -0.082083 0.009192
v -0.032820 -0.082544 0.023425
v -0.032253 -0.081486 0.024712
v -0.033030 -0.082892 0.010464
v -0.033167 -0.083783 0.011964
v -0.033380 -0.084177 0.014651
v -0.033293 -0.084031 0.017079
v -0.033218 -0.083855 0.019701
v -0.033097 -0.083429 0.022170
v 0.010797 0.034899 0.014929
v 0.010985 0.035016 0.017159
v 0.010879 0.035022 0.019058
v 0.010143 0.032833 0.012849
v 0.010649 0.033170 0.014545
v 0.010902 0.032978 0.017128
v 0.010658 0.033106 0.019680
v 0.010037 0.032831 0.021398
v 0.009682 0.030529 0.012153
v 0.010553 0.030428 0.014589
v 0.010820 0.030247 0.017118
v 0.010565 0.030285 0.019733
v 0.009664 0.030564 0.021918
v 0.008360 0.028087 0.010506
v 0.009444 0.028176 0.011935
v 0.010446 0.028271 0.014357
v 0.010783 0.028675 0.017033
v 0.010461 0.028325 0.020046
v 0.009351 0.028042 0.022269
v 0.008060 0.027857 0.023800
v 0.007795 0.025957 0.010079
v 0.009061 0.025761 0.011436
v 0.009072 0.025798 0.022616
v 0.007677 0.025939 0.024075
v 0.007254 0.023282 0.009765
v 0.008639 0.023836 0.010963
v 0.008564 0.023818 0.023216
v 0.007297 0.023385 0.024290
v 0.006399 0.020930 0.009288
v 0.006524 0.021029 0.024722
v 0.005443 0.018617 0.008828
v 0.005448 0.018677 0.025196
v 0.003470 0.016195 0.008122
v 0.004762 0.016289 0.008556
v 0.004504 0.016334 0.025518
v 0.002948 0.014015 0.008022
v 0.004227 0.013843 0.008390
v 0.003576 0.013995 0.025753
v 0.002479 0.011643 0.007944
v 0.003730 0.011883 0.008257
v 0.002938 0.011694 0.025899
v 0.001623 0.011409 0.026112
v 0.001694 0.009274 0.007693
v 0.002732 0.009600 0.025985
v 0.001451 0.009174 0.026184
v 0.000679 0.006828 0.007429
v 0.000669 0.006862 0.026329
v -0.000257 0.004468 0.007221
v -0.000252 0.004447 0.026473
v -0.001237 0.002204 0.006998
v -0.001291 0.002253 0.026596
v -0.002220 -0.000174 0.006776
v -0.002113 -0.000204 0.026707
v -0.003105 -0.002555 0.006618
v -0.003081 -0.002591 0.026807
v -0.004078 -0.004921 0.006498
v -0.004029 -0.004977 0.026898
v -0.005013 -0.007302 0.006402
v -0.005018 -0.007357 0.026949
v -0.006048 -0.009647 0.006317
v -0.006018 -0.009627 0.026984
v -0.006962 -0.011961 0.006196
v -0.006920 -0.012015 0.027021
v -0.007891 -0.014435 0.006109
v -0.007890 -0.014372 0.027003
v -0.008894 -0.016707 0.006075
v -0.008740 -0.016806 0.026988
v -0.009787 -0.019104 0.006015
v -0.009653 -0.019109 0.026951
v -0.010741 -0.021466 0.006005
v -0.011021 -0.021487 0.026747
v -0.011700 -0.023776 0.006099
v -0.011774 -0.023852 0.026724
v -0.012696 -0.026209 0.006391
v -0.013842 -0.025842 0.025985
v -0.012544 -0.026209 0.026602
v -0.013655 -0.028582 0.006810
v -0.014605 -0.028544 0.025836
v -0.013302 -0.028723 0.026422
v -0.014593 -0.030942 0.007236
v -0.014954 -0.031045 0.025675
v -0.013690 -0.030782 0.026201
v -0.015588 -0.033231 0.007664
v -0.016973 -0.033828 0.008319
v -0.015573 -0.033325 0.025055
v -0.015969 -0.035538 0.008023
v -0.017076 -0.035739 0.009097
v -0.017261 -0.035563 0.012138
v -0.017239 -0.035682 0.014455
v -0.017168 -0.035523 0.017116
v -0.017205 -0.035626 0.019498
v -0.017213 -0.035552 0.022297
v -0.016244 -0.035672 0.024356
v -0.016846 -0.038219 0.009382
v -0.017017 -0.038241 0.012178
v -0.017063 -0.038108 0.014610
v -0.016905 -0.038346 0.017168
v -0.016908 -0.038349 0.019691
v -0.016907 -0.038412 0.022380
v -0.016506 -0.038081 0.024045
v -0.017621 -0.041620 0.008038
v -0.017679 -0.040849 0.009739
v -0.017724 -0.040682 0.011989
v -0.017842 -0.040590 0.014572
v -0.017815 -0.040641 0.017140
v -0.017874 -0.040619 0.019684
v -0.017785 -0.040663 0.022239
v -0.017663 -0.041004 0.024301
v -0.018270 -0.042922 0.007847
v -0.018650 -0.042976 0.009544
v -0.018796 -0.043102 0.011951
v -0.018875 -0.042963 0.014609
v -0.018853 -0.042948 0.017159
v -0.018934 -0.042901 0.019677
v -0.019064 -0.042976 0.022168
v -0.018740 -0.043039 0.024649
v -0.018852 -0.044617 0.009800
v -0.018975 -0.044827 0.012211
v -0.019251 -0.045211 0.014549
v -0.019074 -0.044915 0.017140
v -0.019128 -0.044921 0.019810
v -0.019263 -0.045387 0.022336
v -0.019087 -0.044952 0.024231
v -0.025326 -0.060887 0.015483
v -0.025380 -0.060781 0.017147
v -0.025365 -0.060895 0.019570
v -0.026373 -0.062417 0.009878
v -0.026799 -0.061945 0.012119
v -0.026863 -0.061728 0.014602
v -0.026944 -0.061625 0.017065
v -0.026979 -0.061612 0.019697
v -0.026796 -0.062142 0.022119
v -0.026309 -0.062779 0.024015
v -0.027423 -0.064894 0.007602
v -0.028065 -0.063792 0.009259
v -0.028497 -0.063004 0.011572
v -0.028605 -0.062512 0.014463
v -0.028407 -0.063296 0.022572
v -0.027686 -0.064275 0.024585
v -0.027297 -0.065544 0.026241
v -0.028874 -0.066496 0.006950
v -0.029508 -0.065468 0.008564
v -0.029355 -0.065946 0.025238
v -0.028510 -0.066739 0.026798
v -0.029362 -0.069214 0.005364
v -0.030150 -0.068312 0.006166
v -0.029905 -0.068668 0.027128
v -0.030694 -0.071264 0.005207
v -0.031396 -0.070052 0.005782
v -0.030817 -0.071024 0.027289
v -0.031794 -0.073489 0.005289
v -0.031856 -0.073349 0.027196
v -0.032467 -0.075774 0.005405
v -0.033714 -0.076166 0.005734
v -0.032739 -0.075825 0.027006
v -0.032716 -0.077687 0.005515
v -0.033856 -0.078236 0.006054
v -0.033758 -0.079467 0.025984
v -0.033686 -0.078177 0.026642
v -0.034463 -0.080036 0.007478
v -0.034796 -0.081232 0.008974
v -0.035239 -0.081698 0.023356
v -0.034605 -0.080612 0.024647
v -0.035317 -0.082136 0.010231
v -0.035744 -0.083270 0.012046
v -0.035911 -0.083735 0.014638
v -0.035870 -0.083573 0.017235
v -0.035761 -0.083364 0.019718
v -0.035500 -0.082683 0.022270
v 0.011165 0.042891 0.015583
v 0.011230 0.042721 0.017177
v 0.011124 0.042831 0.018962
v 0.010468 0.040592 0.012905
v 0.010925 0.041191 0.014535
v 0.011171 0.041152 0.017157
v 0.010946 0.041154 0.019624
v 0.010356 0.040577 0.021373
v 0.010124 0.038699 0.012317
v 0.010831 0.038548 0.014496
v 0.011095 0.038495 0.016997
v 0.010869 0.038640 0.019632
v 0.009998 0.038579 0.021899
v 0.008751 0.036225 0.010449
v 0.009808 0.036243 0.011937
v 0.010739 0.036093 0.014451
v 0.011023 0.036357 0.017235
v 0.010722 0.036097 0.019868
v 0.009665 0.036193 0.022214
v 0.008585 0.035780 0.023602
v 0.008269 0.033984 0.010131
v 0.009524 0.033755 0.011652
v 0.009403 0.033840 0.022443
v 0.008091 0.033903 0.023991
v 0.007719 0.031417 0.009830
v 0.008989 0.031480 0.011035
v 0.008754 0.031364 0.023168
v 0.007572 0.031603 0.024307
v 0.006983 0.028888 0.009412
v 0.008452 0.029542 0.023393
v 0.006953 0.029112 0.024591
v 0.006005 0.026641 0.008921
v 0.006041 0.026754 0.025034
v 0.003901 0.024285 0.008120
v 0.005214 0.024255 0.008611
v 0.005005 0.024443 0.025377
v 0.003454 0.022088 0.008030
v 0.004603 0.022014 0.008410
v 0.004025 0.022044 0.025630
v 0.002869 0.019652 0.007912
v 0.004199 0.019693 0.008297
v 0.003069 0.019653 0.025819
v 0.002208 0.017265 0.007795
v 0.002483 0.017399 0.025925
v 0.001201 0.017098 0.026097
v 0.001180 0.014873 0.007609
v 0.002133 0.014917 0.025998
v 0.000849 0.014979 0.026152
v 0.000218 0.012551 0.007448
v 0.000327 0.012571 0.026220
v -0.000745 0.010108 0.007287
v -0.000720 0.010180 0.026310
v -0.001732 0.007716 0.007102
v -0.001663 0.007790 0.026385
v -0.002687 0.005510 0.006950
v -0.002656 0.005421 0.026453
v -0.003591 0.003131 0.006820
v -0.003556 0.003063 0.026502
v -0.004565 0.000728 0.006732
v -0.004605 0.000784 0.026510
v -0.005471 -0.001669 0.006687
v -0.005468 -0.001642 0.026523
v -0.006435 -0.003957 0.006693
v -0.006451 -0.004007 0.026516
v -0.007361 -0.006355 0.006702
v -0.007416 -0.006367 0.026487
v -0.008331 -0.008698 0.006646
v -0.009841 -0.009215 0.026017
v -0.008312 -0.008667 0.026438
v -0.009355 -0.011047 0.006622
v -0.010294 -0.010640 0.025954
v -0.009084 -0.011190 0.026391
v -0.010256 -0.013421 0.006640
v -0.011188 -0.013156 0.025896
v -0.009940 -0.013719 0.026351
v -0.011232 -0.015843 0.006696
v -0.011920 -0.015574 0.025853
v -0.010789 -0.016023 0.026279
v -0.012165 -0.018210 0.006767
v -0.012782 -0.017898 0.025677
v -0.011410 -0.018418 0.026316
v -0.013216 -0.020529 0.006950
v -0.013713 -0.020637 0.025473
v -0.012225 -0.020785 0.026254
v -0.014203 -0.022915 0.007221
v -0.015672 -0.023542 0.008213
v -0.014245 -0.022849 0.025392
v -0.013026 -0.023176 0.026143
v -0.014962 -0.025248 0.007405
v -0.016146 -0.025096 0.008410
v -0.015173 -0.025068 0.024939
v -0.015530 -0.027724 0.007516
v -0.016795 -0.027450 0.008752
v -0.017245 -0.027801 0.023265
v -0.015947 -0.027606 0.024636
v -0.016213 -0.030137 0.007736
v -0.017522 -0.029900 0.009332
v -0.018147 -0.030252 0.011935
v -0.018104 -0.030414 0.014547
v -0.018091 -0.030299 0.017016
v -0.018093 -0.030483 0.019415
v -0.017813 -0.029902 0.022544
v -0.016658 -0.030036 0.024226
v -0.016738 -0.032168 0.008036
v -0.017559 -0.032482 0.009468
v -0.017765 -0.032595 0.011950
v -0.017761 -0.032306 0.014648
v -0.017706 -0.032427 0.017087
v -0.017753 -0.032348 0.019708
v -0.017643 -0.032506 0.022378
v -0.017050 -0.032526 0.023837
v -0.017534 -0.034176 0.009968
v -0.017476 -0.034182 0.012090
v -0.017472 -0.034199 0.014401
v -0.017405 -0.034124 0.017332
v -0.017440 -0.034261 0.019891
v -0.017406 -0.034168 0.022202
v -0.028670 -0.062261 0.017332
v -0.028768 -0.062181 0.019455
v -0.030121 -0.063931 0.010154
v -0.030347 -0.063294 0.012007
v -0.030397 -0.063029 0.014669
v -0.030299 -0.062738 0.017056
v -0.030365 -0.062795 0.019836
v -0.030073 -0.063594 0.021910
v -0.030922 -0.066455 0.007934
v -0.031318 -0.065312 0.009308
v -0.031970 -0.063856 0.010874
v -0.031427 -0.064855 0.022672
v -0.031068 -0.065919 0.024201
v -0.032222 -0.067854 0.007122
v -0.032838 -0.066449 0.008409
v -0.032378 -0.067442 0.025163
v -0.031697 -0.068501 0.026345
v -0.032496 -0.071290 0.005632
v -0.033220 -0.070096 0.006110
v -0.033858 -0.069201 0.025918
v -0.033099 -0.070329 0.026400
v -0.033198 -0.072964 0.005609
v -0.034354 -0.072450 0.005831
v -0.034150 -0.072448 0.026374
v -0.033672 -0.074313 0.005628
v -0.035196 -0.074932 0.005852
v -0.035101 -0.074865 0.026424
v -0.036125 -0.077224 0.006021
v -0.035664 -0.078692 0.026038
v -0.036143 -0.077315 0.026275
v -0.036884 -0.079340 0.007109
v -0.037166 -0.080626 0.008599
v -0.036939 -0.079591 0.025022
v -0.037854 -0.081609 0.009818
v -0.037958 -0.082900 0.011685
v -0.037380 -0.083535 0.014568
v -0.037494 -0.083412 0.017137
v -0.037850 -0.083140 0.019873
v -0.037965 -0.082140 0.022308
v -0.038068 -0.080837 0.023716
v -0.039157 -0.083252 0.012435
v -0.038797 -0.083510 0.014635
v -0.038827 -0.083369 0.017072
v -0.039130 -0.083182 0.019647
v -0.039351 -0.083037 0.021198
v 0.010810 0.048625 0.013037
v 0.011193 0.048989 0.014632
v 0.011423 0.049165 0.017147
v 0.011157 0.049001 0.019512
v 0.010506 0.046794 0.012509
v 0.011113 0.046766 0.014606
v 0.011361 0.046612 0.017074
v 0.011085 0.046703 0.019562
v 0.010329 0.046695 0.021767
v 0.009195 0.043998 0.010520
v 0.010166 0.044270 0.012025
v 0.011003 0.044052 0.014463
v 0.011278 0.044169 0.017120
v 0.010997 0.044090 0.019697
v 0.009970 0.044290 0.022221
v 0.008839 0.043938 0.023666
v 0.008781 0.042090 0.010204
v 0.009955 0.041738 0.011838
v 0.010798 0.042371 0.013746
v 0.010784 0.042517 0.020465
v 0.009717 0.041772 0.022470
v 0.008482 0.042065 0.023959
v 0.008256 0.039411 0.009859
v 0.009496 0.039502 0.011170
v 0.009204 0.039400 0.023088
v 0.007974 0.039550 0.024260
v 0.007447 0.037090 0.009333
v 0.008833 0.037683 0.023442
v 0.007489 0.037139 0.024500
v 0.005051 0.034023 0.008169
v 0.006429 0.034585 0.008812
v 0.006492 0.034852 0.025002
v 0.004618 0.032598 0.008095
v 0.005788 0.032262 0.008586
v 0.005492 0.032464 0.025380
v 0.003899 0.030321 0.007972
v 0.005157 0.030093 0.008422
v 0.004498 0.030048 0.025619
v 0.003292 0.027659 0.007874
v 0.004632 0.027574 0.008292
v 0.003658 0.027679 0.025766
v 0.002678 0.025244 0.007754
v 0.002775 0.025346 0.025902
v 0.001549 0.025338 0.026081
v 0.001713 0.022964 0.007584
v 0.002329 0.022965 0.025947
v 0.001117 0.023031 0.026103
v 0.000781 0.020577 0.007443
v 0.001733 0.020578 0.026010
v 0.000498 0.020658 0.026150
v -0.000241 0.018236 0.007296
v -0.000169 0.018248 0.026201
v -0.001139 0.015891 0.007188
v -0.001164 0.015887 0.026239
v -0.002081 0.013430 0.007111
v -0.002134 0.013514 0.026240
v -0.003048 0.011126 0.007029
v -0.003100 0.011173 0.026244
v -0.003998 0.008716 0.006966
v -0.004056 0.008726 0.026238
v -0.004965 0.006411 0.006923
v -0.004928 0.006474 0.026240
v -0.005875 0.004042 0.006889
v -0.007099 0.004005 0.026003
v -0.005815 0.004145 0.026221
v -0.006952 0.001723 0.006930
v -0.007657 0.001933 0.025967
v -0.006505 0.001570 0.026212
v -0.007918 -0.000709 0.006995
v -0.008367 -0.000557 0.025903
v -0.007219 -0.000789 0.026184
v -0.008836 -0.002999 0.007074
v -0.008995 -0.002822 0.025817
v -0.007915 -0.003159 0.026137
v -0.009769 -0.005438 0.007139
v -0.009850 -0.005427 0.025727
v -0.008651 -0.005708 0.026133
v -0.010667 -0.007788 0.007221
v -0.010590 -0.007762 0.025646
v -0.011674 -0.010094 0.007335
v -0.011690 -0.010261 0.025437
v -0.012620 -0.012517 0.007506
v -0.012595 -0.012386 0.025217
v -0.013375 -0.014877 0.007618
v -0.014630 -0.014813 0.008406
v -0.013580 -0.014875 0.024880
v -0.014071 -0.017332 0.007745
v -0.015226 -0.017194 0.008652
v -0.015818 -0.017426 0.023363
v -0.014534 -0.017263 0.024464
v -0.014630 -0.019689 0.007849
v -0.015843 -0.019507 0.009003
v -0.016347 -0.019525 0.022983
v -0.015218 -0.019621 0.024229
v -0.015186 -0.021870 0.008021
v -0.016519 -0.021957 0.009484
v -0.017584 -0.022070 0.011262
v -0.018005 -0.022645 0.020883
v -0.017008 -0.021826 0.022453
v -0.015798 -0.022017 0.024032
v -0.017055 -0.024460 0.009695
v -0.018135 -0.024141 0.011992
v -0.018784 -0.024647 0.014261
v -0.018940 -0.024871 0.017276
v -0.018446 -0.024242 0.020021
v -0.017463 -0.024279 0.022219
v -0.016346 -0.024352 0.023784
v -0.017638 -0.026720 0.010085
v -0.018443 -0.026752 0.012127
v -0.018840 -0.026501 0.014503
v -0.018859 -0.026542 0.017186
v -0.018659 -0.026574 0.019600
v -0.017839 -0.026796 0.022114
v -0.018078 -0.028797 0.010529
v -0.018338 -0.028878 0.012052
v -0.018486 -0.028746 0.014570
v -0.018381 -0.028901 0.017163
v -0.018419 -0.028772 0.019822
v -0.018214 -0.028758 0.021669
v -0.032303 -0.063307 0.012491
v -0.032504 -0.063180 0.014546
v -0.032411 -0.063129 0.017087
v -0.032431 -0.063189 0.019369
v -0.033490 -0.064873 0.010201
v -0.033682 -0.063877 0.011692
v -0.033821 -0.063361 0.015087
v -0.033805 -0.063331 0.017111
v -0.033648 -0.063740 0.020158
v -0.033627 -0.064835 0.021943
v -0.033008 -0.066043 0.023511
v -0.034666 -0.067493 0.007824
v -0.034696 -0.066211 0.008947
v -0.034652 -0.066089 0.023110
v -0.034435 -0.067248 0.024306
v -0.035558 -0.069178 0.006800
v -0.035630 -0.069209 0.025480
v -0.036510 -0.071555 0.006123
v -0.036703 -0.071326 0.025862
v -0.035969 -0.072497 0.026093
v -0.037486 -0.073917 0.005920
v -0.037932 -0.073638 0.025969
v -0.036867 -0.074247 0.026113
v -0.038382 -0.076340 0.005930
v -0.039007 -0.076799 0.026007
v -0.038112 -0.076105 0.026112
v -0.039394 -0.078708 0.006666
v -0.039361 -0.078747 0.025429
v -0.038314 -0.077853 0.026061
v -0.040324 -0.080029 0.007815
v -0.040354 -0.081314 0.009268
v -0.039719 -0.082453 0.010904
v -0.040386 -0.081613 0.022820
v -0.040206 -0.080345 0.024071
v -0.041497 -0.082380 0.010241
v -0.041394 -0.083337 0.011963
v -0.041507 -0.083696 0.014451
v -0.041295 -0.083534 0.017125
v -0.041370 -0.083395 0.019790
v -0.041164 -0.082847 0.021585
v 0.011124 0.056454 0.012969
v 0.011528 0.056851 0.014706
v 0.011729 0.056945 0.017237
v 0.011495 0.056872 0.019527
v 0.010850 0.054790 0.012528
v 0.011413 0.054814 0.014547
v 0.011620 0.054731 0.017043
v 0.011360 0.054777 0.019603
v 0.010666 0.054686 0.021640
v 0.009556 0.051993 0.010541
v 0.010483 0.052355 0.012043
v 0.011274 0.052036 0.014479
v 0.011517 0.052053 0.017084
v 0.011261 0.052242 0.019578
v 0.010380 0.052303 0.021959
v 0.009162 0.049883 0.010195
v 0.010374 0.049757 0.012034
v 0.011155 0.050265 0.014183
v 0.011441 0.050510 0.017053
v 0.011038 0.050137 0.020219
v 0.010064 0.049701 0.022313
v 0.008840 0.049854 0.023812
v 0.008743 0.047646 0.009915
v 0.009875 0.047457 0.011273
v 0.009560 0.047350 0.022983
v 0.008343 0.047580 0.024168
v 0.008060 0.045143 0.009457
v 0.009248 0.045596 0.023299
v 0.007867 0.045231 0.024453
v 0.005782 0.042546 0.008137
v 0.007072 0.042831 0.008850
v 0.007040 0.042788 0.024891
v 0.005274 0.040552 0.007996
v 0.006501 0.040223 0.008588
v 0.005989 0.040461 0.025364
v 0.004673 0.038085 0.007866
v 0.005891 0.037924 0.008365
v 0.005127 0.038239 0.025636
v 0.003545 0.037384 0.026082
v 0.003977 0.035800 0.007723
v 0.005571 0.036232 0.008277
v 0.004393 0.035710 0.025834
v 0.003184 0.036081 0.026105
v 0.003075 0.033317 0.007581
v 0.003535 0.033354 0.025916
v 0.002238 0.033479 0.026123
v 0.002109 0.031069 0.007458
v 0.002859 0.030968 0.025951
v 0.001525 0.031062 0.026151
v 0.001176 0.028665 0.007351
v 0.002267 0.028614 0.026005
v 0.000997 0.028622 0.026176
v 0.000305 0.026280 0.007223
v 0.000268 0.026269 0.026222
v -0.000650 0.023827 0.007137
v -0.000681 0.023902 0.026226
v -0.001666 0.021516 0.007049
v -0.001634 0.021591 0.026212
v -0.002571 0.019158 0.006990
v -0.002464 0.019136 0.026205
v -0.003475 0.016832 0.006962
v -0.005004 0.016240 0.026043
v -0.003509 0.016817 0.026169
v -0.004517 0.014468 0.006987
v -0.005472 0.014448 0.026000
v -0.004155 0.014491 0.026136
v -0.005448 0.012112 0.007016
v -0.005953 0.012224 0.025942
v -0.004619 0.011999 0.026107
v -0.006433 0.009763 0.007070
v -0.006708 0.009836 0.025869
v -0.005411 0.009390 0.026092
v -0.007356 0.007355 0.007142
v -0.007425 0.007427 0.025794
v -0.006012 0.007669 0.026058
v -0.008180 0.005003 0.007210
v -0.008273 0.005010 0.025649
v -0.009335 0.002674 0.007447
v -0.009251 0.002596 0.025444
v -0.010270 0.000301 0.007570
v -0.010129 0.000218 0.025300
v -0.011199 -0.002098 0.007733
v -0.012626 -0.002525 0.008235
v -0.011372 -0.001935 0.024964
v -0.011812 -0.004436 0.007782
v -0.013114 -0.004390 0.008356
v -0.012012 -0.004471 0.024843
v -0.012474 -0.006914 0.007875
v -0.013811 -0.006801 0.008617
v -0.014710 -0.007509 0.023361
v -0.012978 -0.006576 0.024504
v -0.013227 -0.009373 0.008035
v -0.014403 -0.009000 0.008897
v -0.014996 -0.009015 0.023236
v -0.013882 -0.009149 0.024162
v -0.013724 -0.011410 0.008146
v -0.015014 -0.011614 0.009232
v -0.016388 -0.011846 0.010961
v -0.015647 -0.011388 0.022772
v -0.014465 -0.011643 0.023974
v -0.015608 -0.014003 0.009529
v -0.016890 -0.013844 0.011708
v -0.017245 -0.014160 0.020653
v -0.016152 -0.013753 0.022383
v -0.014936 -0.013926 0.023803
v -0.016173 -0.016439 0.009836
v -0.017278 -0.016168 0.012073
v -0.017970 -0.016328 0.014459
v -0.018142 -0.016433 0.017065
v -0.017658 -0.015999 0.019784
v -0.016557 -0.016349 0.022158
v -0.015413 -0.015527 0.023519
v -0.016782 -0.018697 0.010351
v -0.017495 -0.018851 0.011963
v -0.018158 -0.018361 0.014653
v -0.018307 -0.018312 0.017073
v -0.017898 -0.018512 0.019745
v -0.017075 -0.018902 0.021785
v -0.017878 -0.021187 0.012331
v -0.018496 -0.021255 0.014764
v -0.018569 -0.021018 0.017047
v -0.018194 -0.021175 0.019640
v -0.017593 -0.020878 0.021309
v -0.018375 -0.023055 0.013035
v -0.018730 -0.023492 0.014702
v -0.018834 -0.023529 0.017023
v -0.018572 -0.023274 0.019173
v -0.035894 -0.064739 0.010606
v -0.036306 -0.064093 0.011822
v -0.035935 -0.063718 0.014229
v -0.036216 -0.063584 0.017285
v -0.036093 -0.063866 0.019774
v -0.035560 -0.064730 0.021283
v -0.036430 -0.067346 0.008031
v -0.036917 -0.065834 0.009385
v -0.037511 -0.064400 0.010901
v -0.037249 -0.064527 0.020867
v -0.036903 -0.065699 0.022335
v -0.036789 -0.067078 0.023771
v -0.037961 -0.068299 0.007314
v -0.038308 -0.066843 0.008316
v -0.038284 -0.066750 0.023416
v -0.037907 -0.068326 0.024696
v -0.038880 -0.070651 0.006215
v -0.038839 -0.070707 0.025588
v -0.040806 -0.073071 0.005594
v -0.039555 -0.072963 0.005773
v -0.039843 -0.072966 0.025893
v -0.041231 -0.075343 0.005474
v -0.039948 -0.075672 0.005728
v -0.040411 -0.075283 0.026006
v -0.040775 -0.075482 0.026116
v -0.041995 -0.077147 0.005447
v -0.041351 -0.078230 0.005984
v -0.041385 -0.078202 0.025813
v -0.041988 -0.077281 0.026161
v -0.042790 -0.079892 0.007007
v -0.042475 -0.081061 0.008432
v -0.042365 -0.081340 0.023371
v -0.042711 -0.079998 0.024727
v -0.044131 -0.081303 0.007920
v -0.043666 -0.082452 0.009526
v -0.043214 -0.083657 0.011623
v -0.043070 -0.084012 0.014737
v -0.043104 -0.083882 0.017304
v -0.043196 -0.083797 0.019668
v -0.043585 -0.082661 0.022341
v -0.044047 -0.081375 0.023819
v -0.045104 -0.083816 0.010275
v -0.044701 -0.084505 0.012071
v -0.044759 -0.084616 0.014571
v -0.044614 -0.084416 0.017162
v -0.044837 -0.084327 0.019560
v -0.045104 -0.083981 0.021582
v 0.011933 0.064747 0.014953
v 0.012071 0.064974 0.017036
v 0.011875 0.064707 0.019151
v 0.011287 0.062806 0.012625
v 0.011796 0.062999 0.014574
v 0.011979 0.062734 0.017030
v 0.011682 0.062938 0.019701
v 0.011153 0.062571 0.021442
v 0.009951 0.059985 0.010472
v 0.010902 0.060580 0.012052
v 0.011654 0.060208 0.014577
v 0.011870 0.060101 0.017164
v 0.011571 0.060137 0.019736
v 0.010721 0.060516 0.022090
v 0.009547 0.057997 0.010111
v 0.010722 0.057885 0.011983
v 0.011495 0.058024 0.014254
v 0.011794 0.058465 0.017178
v 0.011486 0.058095 0.019789
v 0.010500 0.057943 0.022251
v 0.009244 0.057954 0.023987
v 0.009139 0.055619 0.009823
v 0.010313 0.055562 0.011397
v 0.010113 0.055594 0.022658
v 0.008885 0.055811 0.024166
v 0.008612 0.053167 0.009529
v 0.009881 0.053855 0.010843
v 0.009474 0.053240 0.023322
v 0.008248 0.053198 0.024475
v 0.006336 0.050744 0.008033
v 0.007661 0.050976 0.008849
v 0.007484 0.050793 0.024886
v 0.005780 0.048347 0.007879
v 0.007003 0.048139 0.008535
v 0.006614 0.048498 0.025314
v 0.005249 0.046232 0.007759
v 0.006531 0.045947 0.008362
v 0.005752 0.046223 0.025621
v 0.004367 0.046031 0.026101
v 0.004447 0.043833 0.007572
v 0.005113 0.043721 0.025801
v 0.003866 0.043957 0.026174
v 0.003565 0.041443 0.007386
v 0.004438 0.041273 0.025953
v 0.003221 0.041522 0.026231
v 0.002573 0.039017 0.007206
v 0.004056 0.039304 0.026005
v 0.002676 0.039039 0.026256
v 0.001786 0.036656 0.007092
v 0.001693 0.036658 0.026340
v 0.000808 0.034280 0.007020
v 0.000719 0.034281 0.026352
v -0.000089 0.031977 0.006979
v -0.000143 0.032011 0.026346
v -0.001073 0.029541 0.006934
v -0.001127 0.029598 0.026356
v -0.002094 0.027176 0.006861
v -0.002050 0.027208 0.026313
v -0.003046 0.024878 0.006848
v -0.002975 0.024802 0.026207
v -0.003898 0.022457 0.006895
v -0.005128 0.022346 0.026019
v -0.003880 0.022487 0.026134
v -0.004978 0.020238 0.006951
v -0.005529 0.020188 0.025962
v -0.004303 0.019958 0.026103
v -0.005871 0.017759 0.007021
v -0.006080 0.017737 0.025876
v -0.004675 0.017934 0.026081
v -0.006878 0.015443 0.007128
v -0.006913 0.015428 0.025720
v -0.007799 0.013001 0.007260
v -0.007823 0.013033 0.025514
v -0.008762 0.010739 0.007428
v -0.008802 0.010779 0.025270
v -0.009681 0.008382 0.007616
v -0.009754 0.008408 0.025067
v -0.010509 0.006067 0.007818
v -0.011798 0.005709 0.008275
v -0.010718 0.005948 0.024789
v -0.011175 0.003473 0.007978
v -0.012393 0.003858 0.008457
v -0.011574 0.003630 0.024445
v -0.011663 0.001283 0.008038
v -0.012989 0.001369 0.008654
v -0.013978 0.000858 0.023321
v -0.012544 0.001274 0.024120
v -0.012278 -0.001089 0.008151
v -0.013654 -0.001172 0.008973
v -0.014420 -0.000937 0.023065
v -0.013139 -0.001244 0.024020
v -0.014341 -0.003454 0.009405
v -0.015775 -0.004153 0.010996
v -0.015024 -0.003433 0.022618
v -0.013667 -0.003593 0.023843
v -0.015001 -0.005846 0.009804
v -0.016247 -0.005742 0.011711
v -0.016676 -0.006178 0.020359
v -0.015494 -0.005801 0.022265
v -0.014259 -0.005736 0.023585
v -0.015540 -0.008367 0.010207
v -0.016505 -0.008037 0.011985
v -0.017293 -0.007975 0.014378
v -0.017462 -0.008179 0.017140
v -0.017020 -0.008063 0.019728
v -0.015856 -0.008312 0.022098
v -0.015951 -0.010151 0.010482
v -0.016771 -0.010763 0.012108
v -0.017497 -0.010617 0.014502
v -0.017653 -0.010539 0.017185
v -0.017240 -0.010583 0.019700
v -0.016460 -0.010622 0.021570
v -0.017206 -0.012846 0.012742
v -0.017721 -0.013208 0.014578
v -0.017874 -0.013120 0.017144
v -0.017483 -0.013054 0.019544
v -0.016906 -0.012573 0.021089
v -0.017971 -0.015134 0.015207
v -0.018033 -0.015146 0.017186
v -0.017786 -0.014836 0.019012
v -0.038099 -0.063915 0.012339
v -0.038838 -0.063472 0.014841
v -0.038731 -0.063331 0.017179
v -0.038568 -0.063476 0.019270
v -0.039352 -0.065250 0.009747
v -0.039286 -0.063999 0.011769
v -0.039732 -0.063532 0.014067
v -0.039261 -0.064023 0.020422
v -0.039430 -0.065244 0.021927
v -0.040351 -0.067606 0.007480
v -0.040096 -0.066309 0.008494
v -0.040003 -0.066355 0.023278
v -0.040269 -0.067632 0.024275
v -0.042181 -0.070402 0.005561
v -0.041130 -0.069526 0.006135
v -0.041269 -0.069819 0.025487
v -0.042260 -0.072041 0.005333
v -0.041041 -0.071312 0.005689
v -0.041859 -0.071738 0.025928
v -0.042802 -0.072554 0.026152
v -0.043155 -0.074435 0.004914
v -0.043133 -0.074479 0.026384
v -0.044034 -0.076763 0.004723
v -0.044098 -0.076809 0.026686
v -0.045280 -0.078851 0.004827
v -0.044557 -0.079846 0.006227
v -0.044599 -0.079797 0.025657
v -0.045275 -0.078772 0.026690
v -0.046735 -0.080525 0.005338
v -0.046049 -0.081515 0.006867
v -0.045488 -0.082610 0.008583
v -0.045461 -0.082611 0.023279
v -0.045998 -0.081454 0.024770
v -0.046664 -0.080361 0.026201
v -0.047559 -0.083317 0.007457
v -0.046686 -0.084125 0.009293
v -0.046333 -0.085234 0.011568
v -0.046351 -0.085279 0.015089
v -0.046327 -0.085102 0.017418
v -0.046515 -0.084973 0.019677
v -0.046625 -0.084296 0.022513
v -0.047454 -0.083326 0.023897
v -0.048567 -0.084743 0.007887
v -0.048267 -0.085687 0.009708
v -0.047998 -0.086233 0.012090
v -0.048003 -0.086238 0.014583
v -0.048087 -0.086081 0.017102
v -0.048187 -0.085878 0.019685
v -0.048253 -0.085494 0.022034
v -0.048598 -0.084669 0.023559
v -0.049565 -0.086968 0.010662
v -0.049579 -0.087071 0.012188
v -0.049543 -0.087013 0.014083
v 0.012312 0.072655 0.014913
v 0.012433 0.072754 0.017079
v 0.012280 0.072660 0.019094
v 0.011666 0.070741 0.012602
v 0.012153 0.070918 0.014600
v 0.012332 0.070929 0.017089
v 0.012106 0.070918 0.019514
v 0.011543 0.070509 0.021328
v 0.010421 0.068113 0.010487
v 0.011332 0.068513 0.012150
v 0.012015 0.068352 0.014606
v 0.012199 0.068300 0.017062
v 0.011950 0.068369 0.019585
v 0.011149 0.068524 0.021991
v 0.010069 0.066137 0.010150
v 0.011151 0.065907 0.012023
v 0.011903 0.066075 0.014492
v 0.012117 0.066278 0.017045
v 0.011787 0.065972 0.019832
v 0.010876 0.065959 0.022258
v 0.009805 0.065784 0.023803
v 0.009581 0.063743 0.009723
v 0.010796 0.063604 0.011499
v 0.011439 0.064281 0.020889
v 0.010635 0.063481 0.022523
v 0.009360 0.063735 0.024170
v 0.007516 0.060907 0.008149
v 0.009065 0.061254 0.009400
v 0.010289 0.061542 0.010836
v 0.010207 0.061533 0.023044
v 0.008827 0.061201 0.024544
v 0.007035 0.058906 0.007979
v 0.008404 0.058889 0.008936
v 0.008031 0.058977 0.025021
v 0.006583 0.056738 0.007849
v 0.007725 0.056542 0.008556
v 0.007056 0.056615 0.025462
v 0.005723 0.056453 0.026070
v 0.005866 0.054194 0.007642
v 0.007259 0.054497 0.008360
v 0.006459 0.054065 0.025641
v 0.005091 0.054251 0.026177
v 0.005139 0.051717 0.007472
v 0.005788 0.051725 0.025815
v 0.004518 0.051854 0.026251
v 0.004156 0.049382 0.007226
v 0.005123 0.049311 0.025959
v 0.003858 0.049497 0.026318
v 0.003221 0.047064 0.007048
v 0.004672 0.047674 0.026048
v 0.003117 0.047100 0.026391
v 0.002249 0.044774 0.006898
v 0.002261 0.044702 0.026468
v 0.001319 0.042406 0.006787
v 0.001255 0.042414 0.026515
v 0.000270 0.040019 0.006688
v 0.000316 0.040030 0.026542
v -0.000624 0.037678 0.006633
v -0.000650 0.037610 0.026552
v -0.001460 0.035303 0.006600
v -0.001582 0.035301 0.026523
v -0.002540 0.032941 0.006608
v -0.002488 0.032910 0.026435
v -0.003341 0.030637 0.006645
v -0.003531 0.030569 0.026296
v -0.004362 0.028215 0.006728
v -0.005415 0.027878 0.026015
v -0.004221 0.028183 0.026178
v -0.005386 0.025808 0.006835
v -0.005883 0.025685 0.025916
v -0.004573 0.025912 0.026113
v -0.006361 0.023500 0.006962
v -0.006391 0.023394 0.025824
v -0.007286 0.021147 0.007135
v -0.007319 0.021032 0.025641
v -0.008248 0.018729 0.007314
v -0.008315 0.018685 0.025387
v -0.009216 0.016303 0.007537
v -0.009265 0.016381 0.025104
v -0.010222 0.014027 0.007817
v -0.011588 0.013519 0.008272
v -0.010191 0.014076 0.024754
v -0.010606 0.011539 0.007936
v -0.011907 0.011657 0.008425
v -0.011143 0.011728 0.024458
v -0.011081 0.009308 0.008093
v -0.012404 0.009211 0.008626
v -0.013330 0.009025 0.023380
v -0.011996 0.009439 0.024133
v -0.013163 0.006946 0.008994
v -0.013834 0.006914 0.023108
v -0.012567 0.006907 0.023896
v -0.013835 0.004585 0.009380
v -0.015387 0.004304 0.010978
v -0.014388 0.004576 0.022650
v -0.013111 0.004585 0.023615
v -0.014508 0.002107 0.009832
v -0.015827 0.002248 0.011710
v -0.016109 0.002106 0.020491
v -0.014897 0.002174 0.022261
v -0.015013 -0.000189 0.010243
v -0.016103 -0.000133 0.012072
v -0.016839 -0.000051 0.014459
v -0.016964 -0.000158 0.017183
v -0.016474 0.000029 0.019736
v -0.015377 -0.000298 0.021915
v -0.015348 -0.001779 0.010543
v -0.016261 -0.002775 0.012112
v -0.016953 -0.002352 0.014453
v -0.017096 -0.002435 0.017172
v -0.016657 -0.002598 0.019724
v -0.015848 -0.002497 0.021504
v -0.016672 -0.004980 0.012733
v -0.017126 -0.005231 0.014484
v -0.017251 -0.005113 0.017156
v -0.016865 -0.004982 0.019494
v -0.016309 -0.004185 0.021022
v -0.017373 -0.006938 0.015401
v -0.017372 -0.006868 0.017078
v -0.040199 -0.063191 0.015759
v -0.040187 -0.063175 0.017091
v -0.040148 -0.063165 0.018645
v -0.041822 -0.064591 0.009927
v -0.041423 -0.063580 0.011999
v -0.041529 -0.063272 0.014418
v -0.041398 -0.063003 0.017087
v -0.041511 -0.063344 0.019716
v -0.041831 -0.064652 0.021697
v -0.042749 -0.066684 0.007446
v -0.042407 -0.065447 0.008582
v -0.042449 -0.065533 0.022950
v -0.042760 -0.066592 0.024059
v -0.044039 -0.069145 0.005300
v -0.043251 -0.068144 0.006128
v -0.043529 -0.068602 0.025430
v -0.044605 -0.069403 0.026124
v -0.044639 -0.071114 0.004516
v -0.043357 -0.070389 0.026033
v -0.044616 -0.070991 0.026463
v -0.047018 -0.074084 0.003068
v -0.045564 -0.073466 0.003895
v -0.045501 -0.073403 0.027027
v -0.047396 -0.075790 0.002724
v -0.046097 -0.075850 0.003648
v -0.046430 -0.075853 0.027498
v -0.048001 -0.078031 0.002418
v -0.046750 -0.078539 0.003659
v -0.047311 -0.078253 0.027962
v -0.048690 -0.078479 0.028732
v -0.049081 -0.080145 0.002679
v -0.048005 -0.080781 0.004220
v -0.047692 -0.081943 0.005829
v -0.047793 -0.081717 0.025685
v -0.048328 -0.080529 0.027410
v -0.049117 -0.079653 0.028760
v -0.049843 -0.081352 0.003002
v -0.049504 -0.082707 0.004501
v -0.048633 -0.083437 0.006364
v -0.048848 -0.083236 0.025190
v -0.049772 -0.082439 0.026763
v -0.050697 -0.084081 0.005306
v -0.050238 -0.085070 0.007001
v -0.049850 -0.086134 0.008855
v -0.049601 -0.086806 0.018025
v -0.049626 -0.086672 0.019902
v -0.050015 -0.086162 0.022495
v -0.050336 -0.084984 0.024575
v -0.051107 -0.086801 0.009800
v -0.051053 -0.087403 0.011946
v -0.051123 -0.087613 0.014572
v -0.051094 -0.087538 0.017036
v -0.051047 -0.087317 0.019681
v -0.051360 -0.086821 0.021738
v 0.012737 0.080646 0.015006
v 0.012843 0.080828 0.017121
v 0.012697 0.080583 0.019187
v 0.012133 0.078727 0.012706
v 0.012562 0.078970 0.014555
v 0.012756 0.079012 0.017238
v 0.012533 0.079070 0.019627
v 0.012011 0.078635 0.021450
v 0.010952 0.075996 0.010519
v 0.011761 0.076553 0.012037
v 0.012411 0.076293 0.014442
v 0.012608 0.076180 0.017067
v 0.012360 0.076235 0.019720
v 0.011673 0.076602 0.021863
v 0.010522 0.074243 0.010049
v 0.011608 0.073981 0.011999
v 0.012291 0.073908 0.014374
v 0.012496 0.074061 0.017168
v 0.012195 0.073868 0.019747
v 0.011232 0.074104 0.022306
v 0.010192 0.073815 0.023864
v 0.010117 0.071748 0.009703
v 0.011321 0.071646 0.011652
v 0.011998 0.072360 0.020282
v 0.011029 0.071494 0.022447
v 0.009761 0.071625 0.024199
v 0.008269 0.069294 0.008093
v 0.009645 0.069190 0.009418
v 0.010792 0.069648 0.010950
v 0.010572 0.069274 0.023075
v 0.009131 0.069330 0.024679
v 0.007730 0.067097 0.007890
v 0.009115 0.066912 0.009013
v 0.008467 0.066977 0.025065
v 0.007104 0.064491 0.007690
v 0.008430 0.064420 0.008573
v 0.007834 0.064595 0.025418
v 0.006450 0.064643 0.026173
v 0.006569 0.062125 0.007559
v 0.007861 0.062524 0.008287
v 0.007189 0.062241 0.025693
v 0.005920 0.062472 0.026296
v 0.005539 0.059809 0.007208
v 0.006555 0.059719 0.025891
v 0.005314 0.059944 0.026382
v 0.004605 0.057573 0.006953
v 0.006164 0.058043 0.025998
v 0.004628 0.057556 0.026445
v 0.003803 0.055184 0.006825
v 0.003710 0.055198 0.026553
v 0.002753 0.052778 0.006664
v 0.002827 0.052755 0.026652
v 0.001807 0.050445 0.006557
v 0.001814 0.050376 0.026703
v 0.000892 0.048047 0.006495
v 0.000809 0.048048 0.026728
v -0.000122 0.045698 0.006416
v -0.000125 0.045730 0.026717
v -0.001019 0.043321 0.006363
v -0.001101 0.043328 0.026701
v -0.002003 0.040933 0.006352
v -0.001972 0.040976 0.026659
v -0.002950 0.038564 0.006371
v -0.002976 0.038613 0.026566
v -0.003913 0.036252 0.006415
v -0.003892 0.036190 0.026441
v -0.004957 0.033908 0.006526
v -0.006192 0.033474 0.026015
v -0.004808 0.033920 0.026259
v -0.005889 0.031564 0.006681
v -0.006432 0.031475 0.025911
v -0.005129 0.031525 0.026141
v -0.006856 0.029108 0.006848
v -0.006770 0.029082 0.025794
v -0.005208 0.029873 0.026094
v -0.007760 0.026834 0.007039
v -0.007813 0.026773 0.025538
v -0.008664 0.024454 0.007273
v -0.008663 0.024421 0.025327
v -0.009719 0.022074 0.007567
v -0.009528 0.022049 0.025027
v -0.010592 0.019682 0.007845
v -0.011909 0.019183 0.008307
v -0.010712 0.019755 0.024577
v -0.010966 0.017336 0.008008
v -0.012147 0.017526 0.008411
v -0.012976 0.017019 0.023447
v -0.011531 0.017323 0.024231
v -0.011212 0.015515 0.008126
v -0.012620 0.014870 0.008666
v -0.013334 0.015019 0.023178
v -0.012047 0.014979 0.023958
v -0.013512 0.012589 0.009248
v -0.013954 0.012709 0.022733
v -0.012567 0.012478 0.023749
v -0.014203 0.010268 0.009801
v -0.015480 0.010155 0.011450
v -0.015781 0.009860 0.020545
v -0.014483 0.010276 0.022256
v -0.014670 0.007739 0.010169
v -0.015748 0.008095 0.011953
v -0.016515 0.007746 0.014382
v -0.016673 0.007588 0.017214
v -0.016086 0.008005 0.019865
v -0.014917 0.007828 0.021926
v -0.015009 0.005737 0.010499
v -0.015881 0.005435 0.012063
v -0.016617 0.005627 0.014505
v -0.016743 0.005721 0.017244
v -0.016220 0.005439 0.019733
v -0.015383 0.005521 0.021471
v -0.016183 0.003401 0.012616
v -0.016719 0.002921 0.014478
v -0.016854 0.002991 0.017143
v -0.016420 0.002955 0.019443
v -0.016884 0.001167 0.015051
v -0.016938 0.001111 0.017073
v -0.016769 0.001321 0.018456
v -0.044313 -0.063549 0.009775
v -0.044030 -0.062783 0.012038
v -0.043768 -0.062504 0.014608
v -0.043802 -0.062304 0.017101
v -0.043888 -0.062555 0.019774
v -0.044356 -0.063718 0.021712
v -0.045109 -0.065574 0.007082
v -0.044444 -0.064558 0.008571
v -0.044605 -0.064713 0.022947
v -0.045172 -0.065742 0.024252
v -0.046124 -0.067838 0.004628
v -0.045011 -0.067086 0.005933
v -0.045577 -0.067307 0.025503
v -0.046375 -0.068167 0.026439
v -0.047626 -0.070183 0.002713
v -0.046412 -0.070034 0.003707
v -0.046976 -0.070034 0.027267
v -0.048041 -0.072529 0.002286
v -0.046718 -0.072148 0.003280
v -0.047727 -0.072427 0.027968
v -0.048978 -0.072935 0.028833
v -0.050119 -0.075266 0.000523
v -0.048867 -0.074842 0.001455
v -0.048062 -0.075007 0.028350
v -0.049320 -0.075007 0.029245
v -0.050249 -0.075802 0.000502
v -0.049597 -0.077253 0.001090
v -0.048406 -0.076729 0.028509
v -0.049808 -0.077193 0.029556
v -0.050623 -0.079575 0.001872
v -0.050487 -0.080770 0.028425
v -0.050703 -0.079415 0.029116
v -0.051675 -0.081211 0.002718
v -0.051645 -0.082513 0.003720
v -0.051674 -0.081968 0.027638
v -0.051865 -0.080523 0.028615
v -0.052591 -0.083802 0.004882
v -0.052632 -0.085024 0.006507
v -0.052116 -0.085844 0.023474
v -0.052700 -0.084850 0.024991
v -0.052599 -0.083503 0.026460
v -0.053682 -0.085793 0.007569
v -0.053551 -0.086715 0.009516
v -0.053751 -0.087559 0.011905
v -0.053412 -0.087907 0.014479
v -0.053303 -0.087878 0.017343
v -0.053670 -0.087443 0.019859
v -0.053478 -0.086523 0.022269
v -0.053784 -0.085606 0.023912
v -0.054835 -0.087712 0.012497
v -0.054769 -0.087932 0.014671
v -0.054723 -0.087941 0.017162
v -0.054981 -0.087745 0.019096
v 0.013151 0.088691 0.015493
v 0.013232 0.088684 0.016876
v 0.013156 0.088640 0.018766
v 0.012532 0.086569 0.012683
v 0.012938 0.086956 0.014549
v 0.013149 0.087116 0.017143
v 0.012954 0.087087 0.019432
v 0.012371 0.086540 0.021502
v 0.011448 0.084031 0.010548
v 0.012209 0.084647 0.012066
v 0.012830 0.084393 0.014488
v 0.013014 0.084362 0.017080
v 0.012773 0.084442 0.019724
v 0.012054 0.084436 0.021945
v 0.010993 0.082176 0.010033
v 0.012045 0.081988 0.012026
v 0.012702 0.081948 0.014396
v 0.012907 0.082239 0.017206
v 0.012647 0.081924 0.019810
v 0.011823 0.082005 0.022146
v 0.010692 0.081987 0.023940
v 0.010552 0.079849 0.009632
v 0.011771 0.079643 0.011696
v 0.012421 0.080274 0.013417
v 0.012346 0.080164 0.020769
v 0.011546 0.079735 0.022485
v 0.010241 0.079849 0.024302
v 0.008884 0.077234 0.008007
v 0.010124 0.077316 0.009306
v 0.011364 0.077835 0.011066
v 0.010982 0.077377 0.023166
v 0.009642 0.077539 0.024720
v 0.008351 0.075165 0.007746
v 0.009650 0.074981 0.008910
v 0.009024 0.075018 0.025083
v 0.007503 0.074407 0.026094
v 0.007798 0.072737 0.007530
v 0.009099 0.072662 0.008479
v 0.008335 0.072575 0.025475
v 0.007084 0.072775 0.026226
v 0.007040 0.070397 0.007257
v 0.007788 0.070236 0.025745
v 0.006583 0.070249 0.026353
v 0.006170 0.067999 0.006988
v 0.007399 0.068135 0.025870
v 0.005976 0.067883 0.026495
v 0.005093 0.065531 0.006702
v 0.005171 0.065558 0.026681
v 0.004237 0.063091 0.006538
v 0.004209 0.063175 0.026833
v 0.003205 0.060828 0.006347
v 0.003228 0.060790 0.026902
v 0.002231 0.058484 0.006233
v 0.002296 0.058460 0.026958
v 0.001367 0.056048 0.006185
v 0.001366 0.056102 0.026955
v 0.000365 0.053720 0.006112
v 0.000381 0.053804 0.026978
v -0.000491 0.051338 0.006102
v -0.000536 0.051364 0.026949
v -0.001440 0.048970 0.006091
v -0.001552 0.049097 0.026902
v -0.002507 0.046625 0.006084
v -0.002497 0.046707 0.026789
v -0.003430 0.044321 0.006139
v -0.003446 0.044264 0.026661
v -0.004405 0.042012 0.006245
v -0.004379 0.041948 0.026522
v -0.005438 0.039669 0.006378
v -0.005326 0.039660 0.026318
v -0.006316 0.037268 0.006491
v -0.007150 0.036964 0.025931
v -0.005875 0.037333 0.026183
v -0.007320 0.034786 0.006683
v -0.007446 0.034813 0.025785
v -0.006110 0.035144 0.026087
v -0.008163 0.032492 0.006912
v -0.008236 0.032430 0.025524
v -0.009229 0.030081 0.007204
v -0.009171 0.030217 0.025195
v -0.010221 0.027718 0.007511
v -0.010161 0.027711 0.024827
v -0.010970 0.025375 0.007807
v -0.012370 0.025031 0.008333
v -0.011102 0.025296 0.024418
v -0.011318 0.022893 0.007993
v -0.012554 0.023037 0.008514
v -0.013102 0.022823 0.023327
v -0.011848 0.023087 0.024057
v -0.013029 0.020635 0.008882
v -0.013516 0.020778 0.023044
v -0.012279 0.020744 0.023843
v -0.013830 0.018319 0.009478
v -0.015270 0.017926 0.011149
v -0.015585 0.017602 0.020709
v -0.014139 0.018207 0.022478
v -0.012770 0.018614 0.023590
v -0.014309 0.015829 0.009900
v -0.015654 0.016006 0.011930
v -0.016339 0.015386 0.013924
v -0.016473 0.015251 0.017869
v -0.015846 0.015918 0.020012
v -0.014647 0.015884 0.021931
v -0.014823 0.013644 0.010439
v -0.015687 0.013534 0.012007
v -0.016464 0.013821 0.014574
v -0.016556 0.013868 0.017234
v -0.015999 0.013618 0.019690
v -0.015025 0.013421 0.021558
v -0.015835 0.011090 0.012320
v -0.016450 0.011144 0.014428
v -0.016608 0.011126 0.017194
v -0.016105 0.011083 0.019590
v -0.015364 0.011525 0.021195
v -0.016536 0.009046 0.014711
v -0.016648 0.008946 0.017117
v -0.016336 0.009248 0.019036
v -0.047022 -0.060382 0.018093
v -0.046860 -0.060459 0.018586
v -0.047293 -0.062623 0.007770
v -0.046448 -0.062299 0.009406
v -0.046207 -0.061578 0.011979
v -0.046017 -0.061237 0.014524
v -0.045987 -0.061104 0.017128
v -0.046014 -0.061419 0.019715
v -0.046722 -0.062552 0.021893
v -0.047860 -0.065018 0.005061
v -0.047092 -0.064154 0.006662
v -0.045892 -0.063725 0.008311
v -0.046734 -0.063653 0.023065
v -0.047504 -0.064675 0.024742
v -0.048790 -0.065076 0.026254
v -0.048949 -0.067063 0.002515
v -0.047803 -0.066569 0.003929
v -0.047144 -0.066207 0.025845
v -0.048372 -0.066899 0.027080
v -0.049271 -0.069083 0.001679
v -0.048766 -0.068982 0.028129
v -0.050050 -0.069377 0.029179
v -0.050954 -0.072145 0.000422
v -0.049915 -0.071337 0.000903
v -0.048828 -0.071041 0.028458
v -0.050249 -0.071577 0.029650
v -0.051192 -0.073909 0.000370
v -0.049941 -0.074148 0.000583
v -0.051199 -0.073973 0.030289
v -0.052053 -0.075663 0.000453
v -0.052267 -0.076867 0.000716
v -0.052094 -0.076363 0.030178
v -0.053057 -0.078536 0.001288
v -0.053061 -0.078602 0.029452
v -0.054126 -0.080853 0.002385
v -0.053667 -0.082126 0.003241
v -0.054032 -0.081404 0.028062
v -0.053969 -0.080116 0.028816
v -0.055040 -0.083371 0.004357
v -0.054539 -0.084571 0.005828
v -0.055030 -0.084324 0.025652
v -0.055009 -0.083021 0.026892
v -0.056113 -0.084400 0.005520
v -0.055745 -0.085410 0.006898
v -0.056073 -0.086582 0.009189
v -0.055305 -0.087308 0.011034
v -0.055504 -0.087195 0.020536
v -0.056053 -0.086321 0.022544
v -0.055956 -0.085182 0.024446
v -0.056937 -0.087009 0.010264
v -0.056712 -0.087548 0.012126
v -0.056838 -0.087883 0.014679
v -0.056867 -0.087943 0.017187
v -0.056875 -0.087579 0.019529
v -0.057381 -0.086743 0.021564
v 0.012494 0.090097 0.012085
v 0.013081 0.089963 0.014469
v 0.013299 0.090020 0.017184
v 0.013052 0.089860 0.019617
v 0.010961 0.087846 0.009509
v 0.012238 0.087698 0.011770
v 0.012847 0.088309 0.013609
v 0.012789 0.088186 0.020475
v 0.011968 0.087767 0.022486
v 0.010768 0.087858 0.024259
v 0.009359 0.085299 0.007870
v 0.010668 0.085405 0.009303
v 0.011773 0.085778 0.010970
v 0.011551 0.085485 0.023043
v 0.010149 0.085321 0.024807
v 0.008896 0.083110 0.007650
v 0.010197 0.083012 0.008899
v 0.009532 0.083053 0.025223
v 0.008273 0.082866 0.026211
v 0.008398 0.080747 0.007450
v 0.009648 0.081078 0.008474
v 0.009065 0.080627 0.025491
v 0.007836 0.080996 0.026314
v 0.007573 0.078202 0.007057
v 0.008390 0.078138 0.025772
v 0.007180 0.078536 0.026482
v 0.006592 0.075798 0.006684
v 0.007844 0.076104 0.025996
v 0.006561 0.075959 0.026621
v 0.005646 0.073575 0.006405
v 0.005638 0.073666 0.026878
v 0.004674 0.071248 0.006214
v 0.004716 0.071265 0.027051
v 0.003712 0.068845 0.006053
v 0.003672 0.068854 0.027208
v 0.001309 0.066134 0.005618
v 0.002891 0.066594 0.005950
v 0.002781 0.066458 0.027245
v 0.000748 0.064416 0.005617
v 0.002047 0.064200 0.005895
v 0.001843 0.064135 0.027267
v 0.000021 0.062330 0.005613
v 0.001132 0.061728 0.005841
v 0.000828 0.061811 0.027288
v -0.001073 0.059892 0.005627
v 0.000119 0.059344 0.005812
v -0.000072 0.059402 0.027203
v -0.002111 0.057518 0.005645
v -0.000923 0.057108 0.005800
v -0.001037 0.057094 0.027172
v -0.002737 0.056018 0.005640
v -0.001956 0.054641 0.005771
v -0.001941 0.054648 0.027118
v -0.002939 0.052341 0.005830
v -0.002917 0.052361 0.027013
v -0.003915 0.050040 0.005894
v -0.003893 0.049921 0.026839
v -0.004893 0.047645 0.006019
v -0.004873 0.047614 0.026628
v -0.005800 0.045257 0.006164
v -0.005806 0.045261 0.026397
v -0.006778 0.042819 0.006327
v -0.007772 0.042887 0.025947
v -0.006465 0.042949 0.026234
v -0.007730 0.040460 0.006527
v -0.007972 0.040397 0.025832
v -0.006689 0.040763 0.026133
v -0.008667 0.038194 0.006748
v -0.008625 0.038131 0.025604
v -0.009658 0.035800 0.007029
v -0.009616 0.035746 0.025255
v -0.010604 0.033514 0.007363
v -0.010493 0.033438 0.024874
v -0.011447 0.031107 0.007739
v -0.012787 0.030631 0.008332
v -0.011490 0.031003 0.024314
v -0.011815 0.028673 0.007957
v -0.013063 0.028752 0.008602
v -0.013332 0.028714 0.023245
v -0.012202 0.028710 0.023909
v -0.012120 0.026603 0.008154
v -0.013543 0.026423 0.009065
v -0.013926 0.026201 0.022692
v -0.012533 0.026346 0.023702
v -0.014272 0.024121 0.009781
v -0.015472 0.023756 0.011345
v -0.015721 0.023698 0.020433
v -0.014356 0.024085 0.022253
v -0.014564 0.021454 0.010124
v -0.015738 0.021604 0.012022
v -0.016437 0.021479 0.014412
v -0.016531 0.021359 0.017269
v -0.015922 0.021699 0.019794
v -0.014802 0.021483 0.021795
v -0.014951 0.019695 0.010595
v -0.015748 0.019104 0.012117
v -0.016452 0.019319 0.014646
v -0.016539 0.019230 0.017179
v -0.015963 0.019221 0.019653
v -0.015173 0.019373 0.021319
v -0.016068 0.017033 0.012935
v -0.016452 0.016743 0.014652
v -0.016532 0.016630 0.017056
v -0.016137 0.017009 0.019208
v -0.016590 0.015194 0.015897
v -0.048990 -0.059549 0.010383
v -0.048849 -0.059467 0.012108
v -0.048358 -0.059530 0.014544
v -0.048193 -0.059660 0.017114
v -0.048565 -0.059642 0.019356
v -0.049096 -0.061576 0.007073
v -0.048459 -0.060559 0.009416
v -0.047893 -0.060313 0.011977
v -0.047391 -0.060415 0.014280
v -0.047918 -0.060452 0.020144
v -0.048767 -0.061059 0.022227
v -0.049661 -0.061794 0.024114
v -0.049892 -0.063530 0.004509
v -0.048938 -0.062666 0.006022
v -0.048360 -0.062703 0.023456
v -0.049470 -0.063156 0.025104
v -0.050222 -0.064074 0.026663
v -0.050723 -0.065970 0.002309
v -0.050236 -0.064848 0.003305
v -0.050343 -0.065645 0.027852
v -0.051065 -0.066711 0.028783
v -0.051616 -0.068139 0.001255
v -0.051637 -0.068181 0.029439
v -0.052754 -0.071052 0.000455
v -0.052310 -0.069862 0.000661
v -0.052565 -0.070567 0.030154
v -0.053565 -0.072912 0.000211
v -0.053595 -0.073023 0.030457
v -0.054479 -0.075238 0.000333
v -0.054121 -0.076631 0.000573
v -0.054472 -0.075327 0.030329
v -0.055793 -0.076447 0.000498
v -0.055448 -0.077747 0.000868
v -0.055438 -0.077702 0.029762
v -0.056448 -0.080090 0.001884
v -0.056529 -0.080808 0.028331
v -0.056333 -0.079560 0.029038
v -0.057304 -0.081557 0.002717
v -0.057469 -0.082817 0.003758
v -0.057337 -0.082435 0.027219
v -0.058180 -0.084052 0.004983
v -0.058350 -0.085280 0.006701
v -0.057962 -0.086276 0.008418
v -0.058003 -0.085937 0.023176
v -0.058355 -0.084798 0.024813
v -0.058616 -0.083554 0.026291
v -0.059321 -0.085980 0.007818
v -0.059273 -0.086684 0.009444
v -0.059480 -0.087495 0.011996
v -0.059466 -0.087875 0.014400
v -0.059340 -0.087937 0.017025
v -0.059331 -0.087506 0.019520
v -0.059177 -0.086474 0.022103
v -0.059974 -0.085552 0.023745
v -0.060667 -0.088002 0.015502
v -0.060794 -0.087968 0.016555
v 0.008863 0.088612 0.007299
v 0.010218 0.088812 0.008466
v 0.009699 0.088630 0.025479
v 0.008367 0.088835 0.026497
v 0.008009 0.086250 0.006835
v 0.009063 0.086278 0.025874
v 0.007800 0.086298 0.026655
v 0.007288 0.084063 0.006522
v 0.007285 0.083964 0.026802
v 0.004849 0.081519 0.005628
v 0.006228 0.081694 0.006149
v 0.006162 0.081659 0.027140
v 0.004332 0.079715 0.005563
v 0.005533 0.079123 0.006014
v 0.005196 0.079353 0.027333
v 0.003519 0.077079 0.005498
v 0.004788 0.076783 0.005909
v 0.004198 0.076929 0.027464
v 0.002770 0.074682 0.005445
v 0.003997 0.074255 0.005808
v 0.003284 0.074535 0.027538
v 0.002066 0.072247 0.005425
v 0.003318 0.071950 0.005753
v 0.002406 0.072134 0.027573
v 0.001291 0.069911 0.005405
v 0.002588 0.069881 0.005686
v 0.001353 0.069871 0.027562
v 0.000435 0.067500 0.005395
v 0.000343 0.067491 0.027552
v -0.000507 0.065092 0.005397
v -0.000496 0.065059 0.027498
v -0.001541 0.062790 0.005427
v -0.001493 0.062665 0.027460
v -0.002446 0.060311 0.005465
v -0.002421 0.060338 0.027334
v -0.003341 0.058025 0.005518
v -0.003339 0.057964 0.027195
v -0.004317 0.055973 0.005602
v -0.004796 0.054776 0.005676
v -0.004276 0.055655 0.027004
v -0.005262 0.053287 0.005773
v -0.005243 0.053341 0.026821
v -0.006240 0.050892 0.005928
v -0.006236 0.050950 0.026544
v -0.007193 0.048584 0.006143
v -0.008341 0.048268 0.025985
v -0.007038 0.048575 0.026298
v -0.008167 0.046182 0.006372
v -0.008525 0.046133 0.025859
v -0.007361 0.046311 0.026156
v -0.009109 0.043871 0.006615
v -0.009175 0.043815 0.025596
v -0.010086 0.041405 0.006905
v -0.010010 0.041450 0.025284
v -0.011061 0.039132 0.007248
v -0.011131 0.039211 0.024766
v -0.012043 0.036826 0.007677
v -0.013287 0.036356 0.008325
v -0.013401 0.036229 0.023378
v -0.011901 0.036723 0.024295
v -0.012327 0.034364 0.007896
v -0.013631 0.034428 0.008707
v -0.013647 0.034369 0.023138
v -0.012415 0.034329 0.023952
v -0.012568 0.032289 0.008112
v -0.013967 0.032063 0.009165
v -0.015456 0.031507 0.010923
v -0.014233 0.032026 0.022546
v -0.012789 0.032258 0.023656
v -0.014455 0.029607 0.009742
v -0.015739 0.029654 0.011577
v -0.015902 0.029622 0.020251
v -0.014763 0.029603 0.021941
v -0.014877 0.027289 0.010307
v -0.015822 0.027351 0.011939
v -0.016545 0.027525 0.014456
v -0.016636 0.027458 0.017224
v -0.016068 0.027398 0.019700
v -0.015028 0.027182 0.021567
v -0.015928 0.024789 0.012304
v -0.016503 0.024906 0.014477
v -0.016587 0.024945 0.017165
v -0.016070 0.024721 0.019548
v -0.015310 0.025416 0.021167
v -0.016130 0.023151 0.012897
v -0.016521 0.022807 0.014810
v -0.016564 0.022736 0.017067
v -0.016266 0.022981 0.018857
v -0.050042 -0.059149 0.010325
v -0.050437 -0.058501 0.012114
v -0.050363 -0.058136 0.014658
v -0.050362 -0.058382 0.017130
v -0.050372 -0.058837 0.019392
v -0.051207 -0.060662 0.007208
v -0.050979 -0.059389 0.009303
v -0.051314 -0.058735 0.010958
v -0.051144 -0.058918 0.020409
v -0.050954 -0.059755 0.022261
v -0.051283 -0.060934 0.024062
v -0.052059 -0.062752 0.004665
v -0.052022 -0.061565 0.006011
v -0.052022 -0.061965 0.025341
v -0.052056 -0.063135 0.026608
v -0.053092 -0.065336 0.002554
v -0.052877 -0.064081 0.003497
v -0.053196 -0.064719 0.027765
v -0.052956 -0.066215 0.028703
v -0.053989 -0.067239 0.001542
v -0.054437 -0.065943 0.028561
v -0.053970 -0.067381 0.029214
v -0.055152 -0.070311 0.000467
v -0.054829 -0.069067 0.000749
v -0.054985 -0.069544 0.029920
v -0.055922 -0.071970 0.000219
v -0.055877 -0.071977 0.030351
v -0.056902 -0.074347 0.000139
v -0.056808 -0.074390 0.030383
v -0.057920 -0.076281 0.000382
v -0.057663 -0.077409 0.000668
v -0.057874 -0.076787 0.030015
v -0.058711 -0.079041 0.001335
v -0.058298 -0.080420 0.028486
v -0.058788 -0.079031 0.029175
v -0.059814 -0.081276 0.002465
v -0.059550 -0.082442 0.003411
v -0.059746 -0.081451 0.027812
v -0.059952 -0.080064 0.028625
v -0.060662 -0.083628 0.004557
v -0.060767 -0.084824 0.006038
v -0.060849 -0.084348 0.025256
v -0.060493 -0.083107 0.026574
v -0.061565 -0.085497 0.007148
v -0.061913 -0.086668 0.009552
v -0.061538 -0.087344 0.011612
v -0.061002 -0.087771 0.013698
v -0.061596 -0.087240 0.020140
v -0.061607 -0.086281 0.022327
v -0.061411 -0.085291 0.024042
v -0.063074 -0.087005 0.010644
v -0.062530 -0.087446 0.012416
v -0.062475 -0.087781 0.014665
v -0.062173 -0.087751 0.017073
v -0.062747 -0.087344 0.019267
v 0.005820 0.089856 0.005492
v 0.007129 0.089482 0.006124
v 0.006582 0.089675 0.027403
v 0.005169 0.087509 0.005392
v 0.006374 0.087276 0.005873
v 0.005763 0.087411 0.027594
v 0.004521 0.084871 0.005329
v 0.005770 0.084803 0.005752
v 0.004745 0.085016 0.027778
v 0.003781 0.082541 0.005238
v 0.003733 0.082555 0.027878
v 0.002871 0.080225 0.005130
v 0.002815 0.080240 0.027912
v 0.001861 0.077858 0.005046
v 0.001967 0.077868 0.027907
v 0.000955 0.075496 0.005015
v 0.000919 0.075497 0.027880
v -0.000007 0.073146 0.004992
v -0.000070 0.073073 0.027828
v -0.000962 0.070766 0.005017
v -0.000924 0.070826 0.027742
v -0.001929 0.068523 0.005051
v -0.001951 0.068454 0.027682
v -0.002919 0.066087 0.005098
v -0.002855 0.066102 0.027564
v -0.003851 0.063695 0.005206
v -0.003833 0.063731 0.027405
v -0.004784 0.061334 0.005308
v -0.004778 0.061284 0.027203
v -0.005706 0.058994 0.005456
v -0.005853 0.058992 0.026945
v -0.006167 0.056959 0.005608
v -0.007095 0.056287 0.005731
v -0.006638 0.056634 0.026710
v -0.007688 0.054259 0.005938
v -0.009108 0.053783 0.026030
v -0.007682 0.054210 0.026402
v -0.008626 0.051901 0.006206
v -0.009230 0.051797 0.025875
v -0.007979 0.051931 0.026223
v -0.009562 0.049441 0.006496
v -0.009612 0.049656 0.025687
v -0.008132 0.050072 0.026124
v -0.010566 0.047179 0.006811
v -0.010587 0.047278 0.025270
v -0.011488 0.044786 0.007174
v -0.011406 0.044728 0.024801
v -0.012273 0.042427 0.007590
v -0.013525 0.042069 0.008372
v -0.013757 0.042077 0.023331
v -0.012422 0.042463 0.024246
v -0.012701 0.040015 0.007861
v -0.013912 0.040048 0.008756
v -0.014073 0.040118 0.022995
v -0.012818 0.040097 0.023919
v -0.013088 0.037888 0.008148
v -0.014335 0.037663 0.009248
v -0.015810 0.037102 0.011067
v -0.015955 0.037083 0.020678
v -0.014554 0.037668 0.022434
v -0.013123 0.037853 0.023612
v -0.014846 0.035452 0.009855
v -0.016083 0.035374 0.011816
v -0.016760 0.034882 0.014242
v -0.016864 0.034818 0.017346
v -0.016122 0.035347 0.020148
v -0.014995 0.035405 0.021888
v -0.015151 0.033295 0.010324
v -0.016026 0.032935 0.011957
v -0.016731 0.033146 0.014549
v -0.016824 0.033341 0.017267
v -0.016241 0.032976 0.019692
v -0.015273 0.033060 0.021448
v -0.016216 0.030683 0.012583
v -0.016646 0.030247 0.014619
v -0.016734 0.030486 0.017145
v -0.016248 0.030624 0.019469
v -0.016685 0.028789 0.015316
v -0.016698 0.028730 0.017003
v -0.052318 -0.057991 0.012569
v -0.052717 -0.057538 0.014595
v -0.052691 -0.057842 0.016965
v -0.052267 -0.058216 0.018676
v -0.053642 -0.060138 0.007796
v -0.053542 -0.059248 0.009878
v -0.053382 -0.058421 0.011663
v -0.054056 -0.057728 0.013348
v -0.053920 -0.057964 0.017567
v -0.053361 -0.058662 0.019870
v -0.053600 -0.059576 0.022224
v -0.053053 -0.060564 0.023758
v -0.054498 -0.062229 0.005028
v -0.054319 -0.061036 0.006527
v -0.054641 -0.060304 0.023260
v -0.054613 -0.061510 0.024829
v -0.054262 -0.062761 0.026154
v -0.055529 -0.064732 0.002820
v -0.055396 -0.063496 0.003769
v -0.055990 -0.062565 0.025899
v -0.055337 -0.063926 0.027180
v -0.056347 -0.066291 0.001897
v -0.056332 -0.065556 0.028286
v -0.056407 -0.066789 0.028941
v -0.057534 -0.069676 0.000505
v -0.057271 -0.068425 0.000898
v -0.057234 -0.068672 0.029697
v -0.058271 -0.071078 0.000262
v -0.058217 -0.071099 0.030177
v -0.059237 -0.073332 0.000000
v -0.059211 -0.073407 0.030374
v -0.060073 -0.075754 0.000221
v -0.060191 -0.075768 0.030108
v -0.061051 -0.077054 0.000497
v -0.061160 -0.078249 0.000931
v -0.061073 -0.078143 0.029387
v -0.062096 -0.080580 0.002143
v -0.062231 -0.080713 0.028061
v -0.061815 -0.079545 0.028769
v -0.062850 -0.081861 0.002938
v -0.063158 -0.083137 0.004308
v -0.062487 -0.084388 0.005825
v -0.063260 -0.083591 0.025646
v -0.062944 -0.082444 0.026759
v -0.063995 -0.083922 0.005479
v -0.063845 -0.084930 0.006943
v -0.064329 -0.085826 0.009383
v -0.065202 -0.085827 0.011229
v -0.065496 -0.085847 0.014544
v -0.065559 -0.085854 0.017360
v -0.064168 -0.085803 0.022527
v -0.063720 -0.084661 0.024274
v -0.063816 -0.086714 0.010554
v -0.064509 -0.086731 0.012141
v -0.064698 -0.086974 0.014500
v -0.064695 -0.086920 0.017107
v -0.064661 -0.086651 0.019762
v -0.064865 -0.086371 0.021246
v 0.003329 0.088300 0.004793
v 0.003324 0.088304 0.028244
v 0.002419 0.085898 0.004689
v 0.002385 0.085965 0.028285
v 0.001459 0.083526 0.004618
v 0.001414 0.083585 0.028292
v 0.000510 0.081258 0.004580
v 0.000461 0.081217 0.028281
v -0.000455 0.078792 0.004586
v -0.000434 0.078726 0.028172
v -0.001378 0.076481 0.004625
v -0.001470 0.076493 0.028069
v -0.002360 0.074152 0.004692
v -0.002363 0.074143 0.027942
v -0.003315 0.071726 0.004800
v -0.003308 0.071719 0.027795
v -0.004266 0.069361 0.004889
v -0.004286 0.069365 0.027620
v -0.005234 0.066971 0.005039
v -0.005180 0.067054 0.027405
v -0.006181 0.064560 0.005218
v -0.006311 0.064570 0.027104
v -0.007123 0.062288 0.005429
v -0.007190 0.062284 0.026834
v -0.007435 0.060017 0.005572
v -0.008701 0.059813 0.005769
v -0.008118 0.059940 0.026524
v -0.009064 0.057619 0.005967
v -0.010074 0.057382 0.025909
v -0.008780 0.057536 0.026270
v -0.009998 0.055277 0.006298
v -0.010204 0.055300 0.025753
v -0.008879 0.055419 0.026149
v -0.011048 0.052819 0.006692
v -0.010930 0.052842 0.025383
v -0.012015 0.050432 0.007111
v -0.011924 0.050404 0.024806
v -0.012616 0.048165 0.007478
v -0.013989 0.047807 0.008415
v -0.014162 0.047727 0.023294
v -0.012820 0.048172 0.024235
v -0.013094 0.045853 0.007866
v -0.014324 0.045749 0.008825
v -0.014421 0.045663 0.022930
v -0.013155 0.045715 0.023926
v -0.013403 0.044121 0.008158
v -0.014847 0.043474 0.009491
v -0.016104 0.043066 0.011100
v -0.016133 0.042979 0.020671
v -0.014965 0.043431 0.022229
v -0.013426 0.043994 0.023669
v -0.015142 0.040967 0.009915
v -0.016347 0.041149 0.011832
v -0.016991 0.040734 0.014455
v -0.017074 0.040593 0.017265
v -0.016472 0.041133 0.019826
v -0.015273 0.041056 0.021825
v -0.015473 0.039063 0.010423
v -0.016342 0.038634 0.012113
v -0.016947 0.038826 0.014671
v -0.017006 0.038698 0.017197
v -0.016429 0.038601 0.019692
v -0.015564 0.038798 0.021368
v -0.016508 0.036526 0.012741
v -0.016858 0.036210 0.014555
v -0.016934 0.036200 0.017111
v -0.016569 0.036338 0.019099
v -0.054409 -0.057450 0.015018
v -0.056078 -0.059102 0.009781
v -0.055814 -0.057984 0.012020
v -0.055650 -0.057547 0.014523
v -0.055743 -0.057944 0.017216
v -0.056023 -0.058693 0.019626
v -0.055813 -0.059274 0.021568
v -0.056729 -0.061780 0.005337
v -0.056896 -0.060694 0.006797
v -0.057138 -0.059493 0.008835
v -0.057517 -0.059068 0.020884
v -0.056795 -0.059918 0.022542
v -0.056896 -0.061054 0.024329
v -0.057345 -0.064364 0.002960
v -0.057816 -0.062954 0.004126
v -0.057712 -0.062168 0.025490
v -0.057910 -0.063438 0.026766
v -0.058733 -0.065347 0.002252
v -0.059302 -0.063927 0.003275
v -0.058775 -0.065102 0.027952
v -0.058586 -0.066506 0.028771
v -0.059371 -0.069097 0.000535
v -0.059691 -0.067645 0.001043
v -0.059704 -0.067696 0.029285
v -0.060595 -0.070129 0.000292
v -0.061121 -0.068796 0.000597
v -0.060687 -0.070080 0.029969
v -0.061597 -0.072384 0.000017
v -0.061532 -0.072427 0.030224
v -0.062482 -0.074718 0.000163
v -0.063777 -0.075387 0.000685
v -0.062563 -0.074844 0.029984
v -0.062588 -0.076314 0.000489
v -0.063701 -0.077183 0.001322
v -0.065058 -0.077712 0.003913
v -0.063489 -0.077241 0.029371
v -0.064060 -0.079463 0.002398
v -0.065085 -0.079363 0.004267
v -0.065339 -0.079415 0.007051
v -0.065453 -0.079577 0.009268
v -0.065662 -0.079873 0.012054
v -0.065737 -0.079861 0.014520
v -0.065848 -0.079890 0.017119
v -0.065915 -0.079990 0.019490
v -0.065892 -0.080035 0.021561
v -0.065928 -0.080107 0.024813
v -0.064723 -0.079758 0.027854
v -0.063825 -0.078740 0.028765
v -0.064003 -0.081268 0.003020
v -0.064913 -0.081815 0.004612
v -0.065404 -0.081798 0.006990
v -0.065500 -0.081837 0.009468
v -0.065584 -0.081752 0.012042
v -0.065651 -0.081877 0.014600
v -0.065776 -0.081736 0.017073
v -0.065834 -0.081776 0.019793
v -0.065862 -0.081705 0.022111
v -0.065725 -0.081996 0.024950
v -0.065114 -0.081321 0.026630
v -0.065271 -0.083822 0.007105
v -0.065341 -0.084109 0.009461
v -0.065634 -0.084565 0.012004
v -0.065661 -0.084508 0.014562
v -0.065743 -0.084514 0.017180
v -0.065928 -0.084495 0.019634
v -0.065863 -0.084198 0.022118
v -0.065579 -0.083763 0.024150
v -0.065701 -0.085928 0.012928
v -0.065736 -0.085936 0.018383
v -0.065757 -0.085965 0.020513
v -0.065809 -0.085952 0.021108
v 0.000949 0.089264 0.004201
v 0.001720 0.088946 0.028520
v 0.000497 0.089394 0.028673
v 0.000194 0.086765 0.004209
v 0.000660 0.086498 0.028530
v -0.000432 0.087210 0.028662
v -0.000863 0.084470 0.004202
v -0.000796 0.084231 0.028533
v -0.001506 0.085348 0.028621
v -0.001945 0.082181 0.004272
v -0.001924 0.082132 0.028427
v -0.002783 0.079822 0.004332
v -0.002832 0.079904 0.028251
v -0.003796 0.077406 0.004423
v -0.003756 0.077377 0.028041
v -0.004758 0.075097 0.004547
v -0.004725 0.075000 0.027842
v -0.005721 0.072801 0.004724
v -0.005766 0.072643 0.027592
v -0.006707 0.070247 0.004935
v -0.006575 0.070245 0.027331
v -0.007613 0.067926 0.005166
v -0.007585 0.067965 0.027030
v -0.008500 0.065591 0.005440
v -0.009830 0.065300 0.005696
v -0.008531 0.065689 0.026692
v -0.008594 0.063369 0.005576
v -0.009746 0.063157 0.005792
v -0.010508 0.062916 0.025936
v -0.009264 0.063158 0.026356
v -0.010512 0.060914 0.006110
v -0.010832 0.060814 0.025758
v -0.009604 0.060895 0.026182
v -0.011457 0.058472 0.006529
v -0.011388 0.058703 0.025447
v -0.012350 0.056082 0.006992
v -0.012501 0.056111 0.024838
v -0.013169 0.053740 0.007505
v -0.014403 0.053551 0.008432
v -0.014530 0.053573 0.023287
v -0.013300 0.053790 0.024218
v -0.013476 0.051413 0.007796
v -0.014736 0.051590 0.008852
v -0.014841 0.051637 0.022838
v -0.013594 0.051382 0.023861
v -0.015162 0.049052 0.009503
v -0.016465 0.048662 0.011377
v -0.016486 0.048858 0.020600
v -0.015254 0.049112 0.022276
v -0.013814 0.049364 0.023603
v -0.015536 0.046691 0.010019
v -0.016636 0.046833 0.012025
v -0.017220 0.046566 0.014466
v -0.017309 0.046471 0.017137
v -0.016709 0.046830 0.019789
v -0.015602 0.046681 0.021732
v -0.015840 0.044837 0.010527
v -0.016552 0.044316 0.012059
v -0.017159 0.044289 0.014624
v -0.017202 0.044129 0.017124
v -0.016607 0.044175 0.019720
v -0.015860 0.044632 0.021225
v -0.016729 0.042364 0.012716
v -0.017077 0.042136 0.014742
v -0.017123 0.041996 0.017173
v -0.016850 0.042239 0.018846
v -0.057690 -0.058803 0.010326
v -0.058322 -0.057915 0.011978
v -0.058457 -0.057657 0.014545
v -0.058374 -0.057974 0.017079
v -0.058008 -0.058497 0.019269
v -0.059324 -0.060116 0.007135
v -0.059098 -0.059057 0.009361
v -0.059465 -0.058305 0.010995
v -0.059735 -0.058242 0.018168
v -0.059112 -0.058829 0.020179
v -0.059293 -0.059782 0.022336
v -0.058903 -0.060717 0.023885
v -0.060067 -0.062261 0.004686
v -0.060186 -0.061031 0.006037
v -0.060746 -0.060470 0.023417
v -0.060108 -0.061704 0.024968
v -0.060008 -0.063035 0.026417
v -0.061165 -0.064852 0.002489
v -0.061059 -0.063602 0.003461
v -0.060968 -0.064405 0.027442
v -0.062014 -0.066768 0.001514
v -0.062064 -0.066041 0.028380
v -0.061930 -0.067176 0.028934
v -0.062541 -0.069840 0.000426
v -0.063187 -0.068809 0.000926
v -0.063052 -0.069095 0.029528
v -0.063323 -0.071691 0.000316
v -0.064551 -0.071263 0.001530
v -0.065138 -0.071530 0.004376
v -0.065380 -0.071924 0.006863
v -0.065539 -0.072056 0.008985
v -0.065542 -0.072157 0.010876
v -0.064012 -0.071478 0.029684
v -0.063845 -0.073792 0.000405
v -0.064796 -0.073868 0.001707
v -0.065231 -0.073681 0.004384
v -0.065451 -0.073713 0.007032
v -0.065588 -0.073588 0.009509
v -0.065707 -0.073708 0.011984
v -0.065816 -0.073659 0.014503
v -0.065868 -0.073854 0.017130
v -0.065896 -0.073816 0.019721
v -0.065906 -0.073784 0.022073
v -0.065948 -0.073892 0.024942
v -0.065768 -0.073689 0.027390
v -0.064756 -0.073709 0.029423
v -0.064885 -0.075980 0.002448
v -0.065201 -0.076417 0.004445
v -0.065412 -0.076394 0.006918
v -0.065565 -0.076299 0.009455
v -0.065692 -0.076219 0.012000
v -0.065804 -0.076266 0.014627
v -0.065902 -0.076312 0.017132
v -0.065947 -0.076291 0.019662
v -0.065964 -0.076178 0.022330
v -0.065966 -0.076249 0.024712
v -0.065745 -0.076327 0.027405
v -0.065078 -0.075992 0.029071
v -0.065257 -0.078053 0.005530
v -0.065386 -0.078036 0.007258
v -0.065529 -0.078150 0.009349
v -0.065700 -0.078406 0.012029
v -0.065739 -0.078469 0.014634
v -0.065839 -0.078484 0.017200
v -0.065927 -0.078660 0.019770
v -0.065955 -0.078549 0.022197
v -0.065983 -0.078635 0.024772
v -0.065893 -0.078547 0.027038
v -0.001331 0.090165 0.003830
v -0.002328 0.087777 0.003869
v -0.002361 0.087817 0.028717
v -0.003344 0.085527 0.003924
v -0.003666 0.085152 0.028519
v -0.002727 0.085863 0.028635
v -0.004180 0.083058 0.004061
v -0.004253 0.083134 0.028331
v -0.005252 0.080690 0.004206
v -0.005167 0.080710 0.028099
v -0.006114 0.078316 0.004381
v -0.006160 0.078352 0.027819
v -0.007179 0.076081 0.004614
v -0.007179 0.076070 0.027518
v -0.008059 0.073650 0.004876
v -0.008063 0.073754 0.027202
v -0.008970 0.071247 0.005183
v -0.009000 0.071210 0.026829
v -0.009692 0.068910 0.005465
v -0.010934 0.068601 0.005753
v -0.011272 0.068397 0.025973
v -0.009767 0.069062 0.026510
v -0.009781 0.067009 0.005593
v -0.011079 0.066529 0.005936
v -0.011508 0.066541 0.025776
v -0.010145 0.066503 0.026273
v -0.011867 0.064267 0.006327
v -0.011843 0.064249 0.025484
v -0.010420 0.064647 0.026064
v -0.012891 0.061766 0.006935
v -0.012916 0.061817 0.024836
v -0.013552 0.059475 0.007427
v -0.014897 0.059377 0.008445
v -0.014903 0.059171 0.023310
v -0.013700 0.059501 0.024250
v -0.013982 0.057082 0.007819
v -0.015179 0.057116 0.008907
v -0.015349 0.057212 0.022712
v -0.014045 0.057052 0.023918
v -0.014206 0.055189 0.008145
v -0.015602 0.054809 0.009563
v -0.016840 0.054467 0.011505
v -0.016887 0.054443 0.020204
v -0.015649 0.054799 0.022195
v -0.014230 0.055285 0.023697
v -0.015937 0.052364 0.010117
v -0.016945 0.052461 0.012082
v -0.017499 0.052570 0.014480
v -0.017525 0.052459 0.017209
v -0.016973 0.052461 0.019729
v -0.015954 0.052390 0.021639
v -0.016154 0.050507 0.010592
v -0.016825 0.049886 0.012143
v -0.017371 0.049966 0.014532
v -0.017429 0.049814 0.017130
v -0.016887 0.049889 0.019669
v -0.016176 0.050452 0.021207
v -0.017301 0.047877 0.014668
v -0.017367 0.047786 0.017191
v -0.017117 0.048162 0.018813
v -0.060174 -0.057760 0.012779
v -0.060385 -0.057656 0.014606
v -0.060155 -0.057742 0.016364
v -0.061682 -0.059645 0.007764
v -0.061607 -0.058656 0.009454
v -0.061474 -0.057782 0.011828
v -0.061694 -0.057479 0.014532
v -0.061355 -0.057949 0.017408
v -0.061481 -0.058626 0.019654
v -0.061474 -0.059530 0.021884
v -0.062480 -0.061956 0.005193
v -0.062566 -0.060647 0.006726
v -0.062587 -0.060160 0.022714
v -0.062580 -0.061380 0.024564
v -0.062983 -0.064652 0.002872
v -0.063385 -0.063212 0.004141
v -0.063675 -0.062436 0.025788
v -0.063533 -0.063700 0.026694
v -0.063918 -0.066129 0.002365
v -0.064915 -0.065567 0.004420
v -0.065110 -0.065721 0.006856
v -0.065313 -0.065661 0.009465
v -0.065426 -0.065773 0.011905
v -0.065484 -0.065909 0.014484
v -0.065534 -0.065927 0.017222
v -0.065613 -0.066050 0.019584
v -0.065620 -0.066080 0.022130
v -0.065538 -0.065726 0.024997
v -0.064611 -0.065761 0.027305
v -0.064011 -0.067204 0.028709
v -0.064713 -0.068322 0.002255
v -0.065088 -0.068258 0.004369
v -0.065220 -0.068208 0.006847
v -0.065394 -0.068055 0.009495
v -0.065496 -0.068155 0.012004
v -0.065543 -0.068147 0.014640
v -0.065627 -0.068051 0.017125
v -0.065685 -0.067976 0.019613
v -0.065705 -0.068095 0.022147
v -0.065725 -0.068016 0.024790
v -0.065364 -0.068181 0.027346
v -0.064577 -0.068568 0.028902
v -0.065075 -0.070321 0.002402
v -0.065114 -0.070324 0.004602
v -0.065337 -0.070583 0.006802
v -0.065513 -0.070770 0.009517
v -0.065676 -0.070769 0.012147
v -0.065756 -0.070667 0.014666
v -0.065741 -0.070669 0.017096
v -0.065752 -0.070790 0.019798
v -0.065854 -0.070865 0.022266
v -0.065785 -0.070668 0.024741
v -0.065702 -0.070690 0.027361
v -0.065225 -0.070559 0.028839
v -0.065707 -0.072285 0.012784
v -0.065747 -0.072324 0.015050
v -0.065819 -0.072464 0.017160
v -0.065846 -0.072398 0.019700
v -0.065906 -0.072435 0.022147
v -0.065901 -0.072499 0.024583
v -0.065751 -0.072338 0.027182
v -0.004708 0.088839 0.003695
v -0.005311 0.088552 0.028512
v -0.004181 0.088902 0.028666
v -0.005687 0.086397 0.003856
v -0.005620 0.086423 0.028344
v -0.006552 0.084083 0.004052
v -0.006607 0.084114 0.028049
v -0.007583 0.081693 0.004301
v -0.007529 0.081759 0.027762
v -0.008555 0.079341 0.004578
v -0.008532 0.079298 0.027390
v -0.009452 0.076943 0.004901
v -0.009434 0.077018 0.026995
v -0.010471 0.074651 0.005276
v -0.011971 0.074100 0.005724
v -0.010383 0.074565 0.026554
v -0.010739 0.072329 0.005487
v -0.011957 0.072169 0.005842
v -0.012080 0.072062 0.025809
v -0.010878 0.072395 0.026288
v -0.010946 0.070458 0.005642
v -0.012385 0.069848 0.006132
v -0.012435 0.069814 0.025511
v -0.011193 0.070536 0.026107
v -0.013322 0.067489 0.006785
v -0.013233 0.067564 0.024973
v -0.014174 0.065182 0.007482
v -0.015388 0.064906 0.008508
v -0.015415 0.064754 0.023178
v -0.014095 0.065236 0.024291
v -0.014429 0.062739 0.007802
v -0.015692 0.062737 0.009007
v -0.015779 0.062912 0.022587
v -0.014499 0.062861 0.023855
v -0.014634 0.060937 0.008088
v -0.015963 0.060444 0.009569
v -0.017215 0.060288 0.011715
v -0.017184 0.060342 0.020208
v -0.016010 0.060409 0.022109
v -0.014721 0.060924 0.023592
v -0.016308 0.057935 0.010179
v -0.017200 0.058016 0.012043
v -0.017785 0.058246 0.014678
v -0.017831 0.058264 0.017185
v -0.017266 0.058151 0.019739
v -0.016270 0.058114 0.021640
v -0.016471 0.056419 0.010505
v -0.017153 0.055647 0.012233
v -0.017662 0.055547 0.014661
v -0.017685 0.055631 0.017176
v -0.017183 0.055577 0.019519
v -0.016536 0.056217 0.021103
v -0.017584 0.053762 0.014762
v -0.017625 0.053774 0.016951
v -0.063545 -0.058756 0.009883
v -0.063521 -0.058083 0.012083
v -0.063742 -0.057946 0.014515
v -0.063512 -0.058238 0.017054
v -0.063529 -0.058924 0.019323
v -0.063247 -0.059388 0.020994
v -0.064395 -0.060759 0.007346
v -0.064619 -0.060089 0.009352
v -0.064907 -0.060152 0.011909
v -0.065085 -0.060109 0.014577
v -0.064932 -0.060129 0.017059
v -0.064739 -0.060192 0.019723
v -0.064484 -0.060441 0.022121
v -0.064362 -0.061236 0.023944
v -0.064948 -0.063138 0.005117
v -0.065058 -0.062798 0.006892
v -0.065208 -0.062533 0.009425
v -0.065280 -0.062718 0.012182
v -0.065355 -0.062685 0.014617
v -0.065410 -0.062594 0.017144
v -0.065437 -0.062609 0.019767
v -0.065352 -0.062733 0.022321
v -0.065072 -0.062820 0.024739
v -0.064920 -0.063460 0.026108
v -0.065176 -0.064186 0.004816
v -0.065190 -0.064231 0.006827
v -0.065284 -0.064293 0.009972
v -0.065385 -0.064428 0.012048
v -0.065444 -0.064549 0.014404
v -0.065540 -0.064484 0.017356
v -0.065625 -0.064683 0.019761
v -0.065606 -0.064674 0.022170
v -0.065434 -0.064505 0.024469
v -0.007010 0.089840 0.003734
v -0.007018 0.089736 0.028262
v -0.008035 0.087320 0.003984
v -0.007992 0.087285 0.027937
v -0.008964 0.085047 0.004275
v -0.008953 0.085043 0.027587
v -0.009961 0.082675 0.004629
v -0.009969 0.082594 0.027182
v -0.010938 0.080240 0.005023
v -0.010838 0.080263 0.026744
v -0.011634 0.078033 0.005371
v -0.012837 0.077574 0.005810
v -0.012753 0.077903 0.025813
v -0.011486 0.078027 0.026348
v -0.011750 0.075822 0.005545
v -0.013054 0.075404 0.006080
v -0.012932 0.075557 0.025564
v -0.011694 0.076036 0.026166
v -0.013677 0.073194 0.006564
v -0.013688 0.073106 0.025001
v -0.014560 0.070841 0.007316
v -0.015868 0.070492 0.008482
v -0.015767 0.070806 0.023239
v -0.014555 0.070889 0.024287
v -0.014936 0.068414 0.007807
v -0.016150 0.068412 0.009047
v -0.016226 0.068532 0.022477
v -0.014891 0.068462 0.023890
v -0.016360 0.066178 0.009552
v -0.017557 0.066105 0.011753
v -0.018098 0.065564 0.013872
v -0.018154 0.065619 0.017633
v -0.017570 0.066061 0.019975
v -0.016362 0.066262 0.022116
v -0.015068 0.066727 0.023639
v -0.016677 0.063637 0.010154
v -0.017506 0.063653 0.012003
v -0.018071 0.063973 0.014564
v -0.018100 0.063837 0.017076
v -0.017494 0.063745 0.019784
v -0.016658 0.063807 0.021459
v -0.017495 0.061495 0.012318
v -0.017939 0.061093 0.014680
v -0.017960 0.061012 0.017150
v -0.017542 0.061488 0.019347
v -0.017888 0.059668 0.014747
v -0.017926 0.059589 0.016672
v -0.010357 0.088319 0.004349
v -0.010474 0.088312 0.027310
v -0.011324 0.085990 0.004740
v -0.011273 0.085913 0.026906
v -0.012138 0.083635 0.005151
v -0.013600 0.083167 0.005760
v -0.013331 0.083519 0.025864
v -0.012047 0.083686 0.026499
v -0.012554 0.081324 0.005439
v -0.013743 0.081267 0.005966
v -0.013579 0.081145 0.025598
v -0.012304 0.081234 0.026261
v -0.012673 0.079573 0.005592
v -0.014128 0.078980 0.006393
v -0.014170 0.078811 0.025076
v -0.015023 0.076608 0.007259
v -0.016353 0.076273 0.008483
v -0.016210 0.076374 0.023105
v -0.014924 0.076522 0.024334
v -0.015457 0.074102 0.007794
v -0.016628 0.074067 0.009073
v -0.017706 0.073559 0.010909
v -0.017574 0.073552 0.020882
v -0.016563 0.074165 0.022472
v -0.015242 0.074004 0.023931
v -0.015696 0.072141 0.008131
v -0.016823 0.071799 0.009583
v -0.017920 0.071766 0.011914
v -0.018407 0.071286 0.014259
v -0.018419 0.071438 0.017333
v -0.017843 0.071809 0.019924
v -0.016749 0.071776 0.022011
v -0.015613 0.072458 0.023517
v -0.017025 0.069479 0.010157
v -0.017796 0.069296 0.012011
v -0.018362 0.069394 0.014743
v -0.018374 0.069755 0.017183
v -0.017769 0.069202 0.019815
v -0.017032 0.069467 0.021418
v -0.017892 0.067237 0.012610
v -0.018226 0.066792 0.014609
v -0.018246 0.066952 0.017169
v -0.017842 0.067387 0.019424
v -0.012745 0.089340 0.005016
v -0.014344 0.088638 0.005772
v -0.013791 0.089029 0.025889
v -0.012499 0.089407 0.026568
v -0.013215 0.086932 0.005336
v -0.014421 0.086849 0.005951
v -0.014145 0.086771 0.025552
v -0.012814 0.086971 0.026312
v -0.013424 0.084895 0.005569
v -0.014713 0.084502 0.006368
v -0.014750 0.084458 0.025012
v -0.015480 0.082306 0.007121
v -0.016823 0.082021 0.008441
v -0.016704 0.081926 0.023091
v -0.015494 0.082271 0.024343
v -0.015973 0.079931 0.007733
v -0.017157 0.079806 0.009193
v -0.018082 0.079393 0.010921
v -0.018032 0.079390 0.020889
v -0.017052 0.079846 0.022443
v -0.015710 0.079855 0.023999
v -0.016169 0.077988 0.008101
v -0.017217 0.077390 0.009558
v -0.018290 0.077453 0.011890
v -0.018766 0.077197 0.014396
v -0.018786 0.077233 0.017389
v -0.018230 0.077544 0.019946
v -0.017107 0.077413 0.022045
v -0.017454 0.075317 0.010160
v -0.018190 0.074963 0.012055
v -0.018687 0.075112 0.014649
v -0.018681 0.075071 0.017116
v -0.018041 0.075054 0.019964
v -0.017355 0.075282 0.021424
v -0.018253 0.073003 0.012671
v -0.018548 0.072804 0.014591
v -0.018520 0.072923 0.017161
v -0.018191 0.073083 0.019104
v -0.015383 0.090147 0.006444
v -0.015872 0.087998 0.006993
v -0.017213 0.087601 0.008406
v -0.017110 0.087860 0.023016
v -0.015967 0.087884 0.024267
v -0.016414 0.085405 0.007689
v -0.017559 0.085528 0.009109
v -0.018507 0.084875 0.011038
v -0.018396 0.085013 0.020669
v -0.017378 0.085597 0.022422
v -0.016191 0.085559 0.023918
v -0.016615 0.083454 0.008021
v -0.017666 0.083131 0.009568
v -0.018684 0.083138 0.011991
v -0.019141 0.082923 0.014461
v -0.019137 0.082895 0.017173
v -0.018583 0.083193 0.019898
v -0.017521 0.083051 0.022025
v -0.016442 0.083851 0.023564
v -0.017837 0.080963 0.010138
v -0.018551 0.080740 0.012093
v -0.019028 0.080920 0.014615
v -0.019012 0.080971 0.017215
v -0.018500 0.080536 0.019726
v -0.017830 0.080910 0.021419
v -0.018600 0.078902 0.012664
v -0.018880 0.078515 0.014678
v -0.018873 0.078499 0.017081
v -0.018567 0.078903 0.019232
v -0.017031 0.089521 0.008018
v -0.017965 0.088768 0.009451
v -0.019025 0.089002 0.011968
v -0.019461 0.088814 0.014429
v -0.019436 0.088993 0.017389
v -0.018917 0.088944 0.019788
v -0.017876 0.088850 0.021970
v -0.018265 0.086653 0.010156
v -0.018937 0.086413 0.012135
v -0.019350 0.086367 0.014540
v -0.019334 0.086414 0.017143
v -0.018841 0.086477 0.019655
v -0.018208 0.086674 0.021286
v -0.018968 0.084537 0.012732
v -0.019234 0.084306 0.014651
v -0.019234 0.084150 0.016874
v -0.018968 0.084574 0.018834
v -0.019548 0.090076 0.014868
v -0.019517 0.090173 0.017069
v 0.012516 0.090173 0.012161
v 0.012499 0.090173 0.012086
v 0.012183 0.090173 0.011453
v 0.012499 0.090173 0.012086
v 0.013106 0.090173 0.014683
v 0.013092 0.090173 0.014473
v 0.012516 0.090173 0.012161
v 0.013092 0.090173 0.014473
v 0.013060 0.090173 0.019630
v 0.013091 0.090173 0.019315
v 0.013106 0.090173 0.014683
v 0.013304 0.090173 0.017176
v 0.013304 0.090173 0.017176
v 0.013091 0.090173 0.019315
v 0.013060 0.090173 0.019630
v 0.012410 0.090173 0.021532
v 0.012183 0.090173 0.011453
v 0.011562 0.090173 0.010199
v 0.011481 0.090173 0.010058
v 0.011562 0.090173 0.010199
v 0.011481 0.090173 0.010058
v 0.011378 0.090173 0.009922
v 0.010506 0.090173 0.008718
v 0.011378 0.090173 0.009922
v 0.012410 0.090173 0.021532
v 0.012135 0.090173 0.022336
v 0.011345 0.090173 0.023671
v 0.012135 0.090173 0.022336
v 0.011345 0.090173 0.023671
v 0.011292 0.090173 0.023749
v 0.011292 0.090173 0.023749
v 0.010337 0.090173 0.024891
v 0.010337 0.090173 0.024891
v 0.009988 0.090173 0.025272
v 0.010506 0.090173 0.008718
v 0.009760 0.090173 0.007963
v 0.009217 0.090173 0.007489
v 0.009760 0.090173 0.007963
v 0.009217 0.090173 0.007489
v 0.008092 0.090173 0.006743
v 0.007265 0.090173 0.006169
v 0.008092 0.090173 0.006743
v 0.008744 0.090173 0.026326
v 0.009424 0.090173 0.025702
v 0.009988 0.090173 0.025272
v 0.009424 0.090173 0.025702
v 0.008744 0.090173 0.026326
v 0.008091 0.090173 0.026697
v 0.008091 0.090173 0.026697
v 0.006816 0.090173 0.027314
v 0.007265 0.090173 0.006169
v 0.006882 0.090173 0.005965
v 0.005900 0.090173 0.005509
v 0.006882 0.090173 0.005965
v 0.005900 0.090173 0.005509
v 0.005178 0.090173 0.005265
v 0.006816 0.090173 0.027314
v 0.006384 0.090173 0.027490
v 0.004436 0.090173 0.005020
v 0.005178 0.090173 0.005265
v 0.006384 0.090173 0.027490
v 0.005413 0.090173 0.027785
v 0.005413 0.090173 0.027785
v 0.004097 0.090173 0.028169
v 0.004436 0.090173 0.005020
v 0.004136 0.090173 0.004930
v 0.004136 0.090173 0.004930
v 0.002530 0.090173 0.004501
v 0.004097 0.090173 0.028169
v 0.003573 0.090173 0.028254
v 0.002132 0.090173 0.028507
v 0.003573 0.090173 0.028254
v 0.002530 0.090173 0.004501
v 0.001342 0.090173 0.004235
v 0.001342 0.090173 0.004235
v -0.001312 0.090173 0.003833
v -0.001328 0.090173 0.003830
v -0.001312 0.090173 0.003833
v 0.000746 0.090173 0.028680
v 0.001280 0.090173 0.028605
v 0.002132 0.090173 0.028507
v 0.001280 0.090173 0.028605
v 0.000746 0.090173 0.028680
v -0.001192 0.090173 0.028797
v -0.001371 0.090173 0.028808
v -0.001192 0.090173 0.028797
v -0.001371 0.090173 0.028808
v -0.001440 0.090173 0.028809
v -0.001328 0.090173 0.003830
v -0.001351 0.090173 0.003828
v -0.001351 0.090173 0.003828
v -0.004138 0.090173 0.003648
v -0.001440 0.090173 0.028809
v -0.001599 0.090173 0.028803
v -0.003895 0.090173 0.028737
v -0.001599 0.090173 0.028803
v -0.004138 0.090173 0.003648
v -0.005270 0.090173 0.003639
v -0.004284 0.090173 0.028688
v -0.003895 0.090173 0.028737
v -0.004284 0.090173 0.028688
v -0.005968 0.090173 0.028428
v -0.006934 0.090173 0.028290
v -0.005968 0.090173 0.028428
v -0.005270 0.090173 0.003639
v -0.006877 0.090173 0.003708
v -0.006877 0.090173 0.003708
v -0.007961 0.090173 0.003845
v -0.006934 0.090173 0.028290
v -0.008140 0.090173 0.028008
v -0.007961 0.090173 0.003845
v -0.009616 0.090173 0.004086
v -0.008140 0.090173 0.028008
v -0.009665 0.090173 0.027626
v -0.009616 0.090173 0.004086
v -0.010675 0.090173 0.004394
v -0.012410 0.090173 0.004848
v -0.010675 0.090173 0.004394
v -0.009665 0.090173 0.027626
v -0.010662 0.090173 0.027256
v -0.012276 0.090173 0.026701
v -0.010662 0.090173 0.027256
v -0.012410 0.090173 0.004848
v -0.012998 0.090173 0.005079
v -0.012276 0.090173 0.026701
v -0.012689 0.090173 0.026508
v -0.012998 0.090173 0.005079
v -0.013631 0.090173 0.005353
v -0.013631 0.090173 0.005353
v -0.015290 0.090173 0.006380
v -0.015076 0.090173 0.025095
v -0.015143 0.090173 0.025058
v -0.015171 0.090173 0.025040
v -0.015143 0.090173 0.025058
v -0.012689 0.090173 0.026508
v -0.013199 0.090173 0.026282
v -0.015076 0.090173 0.025095
v -0.013199 0.090173 0.026282
v -0.015171 0.090173 0.025040
v -0.015191 0.090173 0.025025
v -0.015290 0.090173 0.006380
v -0.015378 0.090173 0.006439
v -0.015378 0.090173 0.006439
v -0.015412 0.090173 0.006468
v -0.015412 0.090173 0.006468
v -0.016897 0.090173 0.007822
v -0.015206 0.090173 0.025008
v -0.015191 0.090173 0.025025
v -0.015206 0.090173 0.025008
v -0.016769 0.090173 0.023627
v -0.016769 0.090173 0.023627
v -0.017148 0.090173 0.023083
v -0.017417 0.090173 0.008534
v -0.016897 0.090173 0.007822
v -0.018914 0.090173 0.011401
v -0.018547 0.090173 0.010676
v -0.017417 0.090173 0.008534
v -0.018032 0.090173 0.009439
v -0.018032 0.090173 0.009439
v -0.018547 0.090173 0.010676
v -0.018914 0.090173 0.011401
v -0.019262 0.090173 0.012607
v -0.018317 0.090173 0.021108
v -0.018826 0.090173 0.020215
v -0.018826 0.090173 0.020215
v -0.018998 0.090173 0.019684
v -0.017148 0.090173 0.023083
v -0.017821 0.090173 0.022152
v -0.018317 0.090173 0.021108
v -0.017821 0.090173 0.022152
v -0.019322 0.090173 0.012928
v -0.019262 0.090173 0.012607
v -0.019322 0.090173 0.012928
v -0.019466 0.090173 0.014152
v -0.018998 0.090173 0.019684
v -0.019185 0.090173 0.019086
v -0.019517 0.090173 0.017069
v -0.019185 0.090173 0.019086
v -0.019550 0.090173 0.014969
v -0.019550 0.090173 0.014851
v -0.019466 0.090173 0.014152
v -0.019550 0.090173 0.014851
v -0.019517 0.090173 0.017069
v -0.019517 0.090173 0.017069
v -0.019550 0.090173 0.014969
v -0.019517 0.090173 0.017069
v -0.019517 0.090173 0.017069
v -0.019517 0.090173 0.017069
v -0.003346 0.090173 0.016102
f 1 2 13
f 1 2 50
f 1 12 13
f 1 12 49
f 1 49 61
f 1 50 61
f 2 3 14
f 2 3 50
f 2 13 14
f 3 4 15
f 3 4 52
f 3 14 15
f 3 50 51
f 3 51 52
f 4 15 52
f 5 6 17
f 5 6 54
f 5 16 17
f 5 16 53
f 5 53 54
f 6 7 17
f 6 7 54
f 7 8 19
f 7 8 56
f 7 17 18
f 7 18 19
f 7 54 55
f 7 55 56
f 8 9 19
f 8 9 57
f 8 56 57
f 9 19 20
f 9 20 57
f 10 11 23
f 10 11 60
f 10 22 23
f 10 22 72
f 10 59 60
f 10 59 72
f 11 12 24
f 11 12 60
f 11 23 24
f 11 59 60
f 12 13 25
f 12 24 25
f 12 49 61
f 12 60 61
f 13 14 25
f 14 15 26
f 14 25 26
f 15 26 27
f 15 27 74
f 15 52 64
f 15 64 65
f 15 65 74
f 16 17 30
f 16 29 30
f 16 29 66
f 16 53 66
f 17 18 30
f 18 19 32
f 18 30 31
f 18 31 32
f 19 20 32
f 20 21 34
f 20 21 71
f 20 32 33
f 20 33 34
f 20 57 58
f 20 58 71
f 21 34 79
f 21 71 79
f 22 23 73
f 22 72 73
f 23 24 35
f 23 35 80
f 23 73 80
f 24 25 37
f 24 35 36
f 24 36 37
f 25 26 37
f 26 27 39
f 26 37 38
f 26 38 39
f 27 28 39
f 27 28 75
f 27 74 75
f 28 39 82
f 28 75 82
f 29 30 41
f 29 40 41
f 29 40 83
f 29 66 76
f 29 76 83
f 30 31 42
f 30 41 42
f 31 32 42
f 32 33 44
f 32 42 43
f 32 43 87
f 32 44 87
f 33 34 79
f 33 44 87
f 33 78 79
f 33 78 87
f 35 36 46
f 35 45 46
f 35 45 89
f 35 80 89
f 36 37 46
f 37 38 47
f 37 46 47
f 38 39 92
f 38 47 48
f 38 48 92
f 39 81 82
f 39 81 93
f 39 92 93
f 40 41 84
f 40 83 84
f 41 42 84
f 42 43 86
f 42 84 85
f 42 85 86
f 43 86 87
f 45 46 89
f 46 47 90
f 46 89 90
f 47 48 91
f 47 90 91
f 48 91 92
f 50 51 63
f 50 61 62
f 50 62 63
f 51 52 63
f 52 63 64
f 53 54 66
f 54 55 68
f 54 66 67
f 54 67 68
f 55 56 68
f 56 57 69
f 56 68 69
f 57 58 71
f 57 69 70
f 57 70 71
f 59 60 72
f 60 61 145
f 60 72 73
f 60 73 145
f 61 62 146
f 61 145 146
f 62 63 147
f 62 146 147
f 63 64 157
f 63 147 148
f 63 148 157
f 64 65 74
f 64 74 75
f 64 74 157
f 66 67 76
f 67 68 149
f 67 76 77
f 67 77 159
f 67 149 159
f 68 69 150
f 68 149 150
f 69 70 151
f 69 150 151
f 70 71 152
f 70 151 152
f 71 79 163
f 71 152 153
f 71 153 163
f 73 80 164
f 73 145 154
f 73 154 164
f 74 75 82
f 74 81 82
f 74 81 168
f 74 157 158
f 74 158 168
f 76 77 84
f 76 83 84
f 77 84 170
f 77 159 170
f 78 79 88
f 78 87 88
f 79 88 163
f 80 89 164
f 81 82 93
f 81 82 94
f 81 93 94
f 81 93 179
f 81 168 179
f 82 93 94
f 83 84 96
f 83 84 170
f 83 95 96
f 83 95 181
f 83 169 170
f 83 169 181
f 84 85 96
f 85 86 98
f 85 96 97
f 85 97 98
f 86 87 98
f 87 88 100
f 87 98 99
f 87 99 100
f 88 100 185
f 88 163 174
f 88 174 185
f 89 90 102
f 89 101 102
f 89 101 186
f 89 164 175
f 89 175 186
f 90 91 102
f 91 92 103
f 91 102 103
f 92 93 105
f 92 103 104
f 92 104 105
f 93 94 105
f 93 94 179
f 94 105 106
f 94 106 188
f 94 179 180
f 94 180 188
f 95 96 108
f 95 107 108
f 95 107 189
f 95 181 189
f 96 97 108
f 97 98 110
f 97 108 109
f 97 109 110
f 98 99 110
f 99 100 112
f 99 110 111
f 99 111 112
f 100 112 191
f 100 185 191
f 101 102 114
f 101 113 114
f 101 113 186
f 102 103 115
f 102 114 115
f 103 104 115
f 104 105 117
f 104 115 116
f 104 116 117
f 105 106 118
f 105 117 118
f 106 118 194
f 106 188 194
f 107 108 120
f 107 119 120
f 107 119 195
f 107 189 195
f 108 109 120
f 109 110 122
f 109 120 121
f 109 121 122
f 110 111 122
f 111 112 123
f 111 122 123
f 112 123 124
f 112 124 191
f 113 114 125
f 113 125 192
f 113 186 192
f 114 115 127
f 114 125 126
f 114 126 127
f 115 116 128
f 115 127 128
f 116 117 129
f 116 128 129
f 117 118 130
f 117 129 130
f 118 130 199
f 118 194 199
f 119 120 132
f 119 131 132
f 119 131 200
f 119 195 200
f 120 121 133
f 120 132 133
f 121 122 133
f 122 123 134
f 122 133 134
f 123 124 136
f 123 134 135
f 123 135 136
f 124 136 204
f 124 191 196
f 124 196 204
f 125 126 138
f 125 137 138
f 125 137 205
f 125 192 197
f 125 197 205
f 126 127 139
f 126 138 139
f 127 128 140
f 127 139 140
f 128 129 140
f 129 130 142
f 129 140 141
f 129 141 142
f 130 142 210
f 130 199 210
f 131 132 211
f 131 143 211
f 131 200 211
f 132 133 213
f 132 144 212
f 132 211 212
f 132 212 213
f 133 134 201
f 133 201 213
f 134 135 202
f 134 201 214
f 134 202 214
f 135 136 204
f 135 202 203
f 135 203 204
f 137 138 205
f 138 139 207
f 138 205 206
f 138 206 207
f 139 140 207
f 140 141 208
f 140 207 208
f 141 142 209
f 141 208 209
f 142 209 210
f 145 146 154
f 146 147 156
f 146 154 155
f 146 155 156
f 147 148 156
f 148 156 157
f 149 150 159
f 150 151 160
f 150 159 160
f 151 152 161
f 151 160 161
f 152 153 162
f 152 161 162
f 153 162 163
f 154 155 164
f 155 156 166
f 155 164 165
f 155 165 166
f 156 157 167
f 156 166 167
f 157 158 168
f 157 167 168
f 159 160 170
f 160 161 171
f 160 170 171
f 161 162 173
f 161 171 172
f 161 172 173
f 162 163 173
f 163 173 174
f 164 165 176
f 164 175 176
f 165 166 177
f 165 176 177
f 166 167 178
f 166 177 178
f 167 168 178
f 168 178 179
f 169 170 182
f 169 181 182
f 170 171 182
f 171 172 267
f 171 182 183
f 171 183 266
f 171 257 266
f 171 257 267
f 172 173 267
f 172 184 267
f 173 174 258
f 173 258 268
f 173 267 268
f 174 185 269
f 174 258 259
f 174 259 269
f 175 176 260
f 175 186 260
f 176 177 261
f 176 260 261
f 177 178 262
f 177 261 262
f 178 179 263
f 178 262 263
f 179 180 188
f 179 187 188
f 179 187 264
f 179 263 264
f 181 182 189
f 182 183 265
f 182 189 190
f 182 190 275
f 182 265 275
f 183 265 266
f 185 191 269
f 186 192 280
f 186 260 270
f 186 270 280
f 187 188 193
f 187 193 274
f 187 264 274
f 188 193 194
f 189 190 195
f 190 195 286
f 190 275 286
f 191 196 290
f 191 269 279
f 191 279 290
f 192 197 291
f 192 280 291
f 193 194 199
f 193 198 199
f 193 198 292
f 193 274 284
f 193 284 292
f 195 200 294
f 195 285 286
f 195 285 294
f 196 204 296
f 196 290 296
f 197 205 297
f 197 291 297
f 198 199 293
f 198 292 293
f 199 210 293
f 200 211 300
f 200 294 300
f 201 213 214
f 202 203 215
f 202 214 215
f 203 204 215
f 204 215 216
f 204 216 302
f 204 296 302
f 205 206 218
f 205 217 218
f 205 217 303
f 205 297 303
f 206 207 218
f 207 208 220
f 207 218 219
f 207 219 220
f 208 209 221
f 208 220 221
f 209 210 221
f 210 221 222
f 210 222 299
f 210 293 299
f 211 212 223
f 211 223 306
f 211 300 306
f 212 213 225
f 212 223 224
f 212 224 225
f 213 214 225
f 214 215 227
f 214 225 226
f 214 226 227
f 215 216 227
f 216 227 228
f 216 228 307
f 216 302 307
f 217 218 230
f 217 229 230
f 217 229 303
f 218 219 231
f 218 230 231
f 219 220 232
f 219 231 232
f 220 221 233
f 220 232 233
f 221 222 234
f 221 233 234
f 222 234 305
f 222 299 305
f 223 224 236
f 223 235 236
f 223 235 310
f 223 306 310
f 224 225 237
f 224 236 237
f 225 226 237
f 226 227 238
f 226 237 238
f 227 228 239
f 227 238 239
f 228 239 240
f 228 240 311
f 228 307 311
f 229 230 241
f 229 241 312
f 229 303 308
f 229 308 312
f 230 231 242
f 230 241 242
f 231 232 243
f 231 242 243
f 232 233 244
f 232 243 244
f 233 234 245
f 233 244 245
f 234 245 246
f 234 246 314
f 234 305 309
f 234 309 314
f 235 236 247
f 235 247 315
f 235 310 315
f 236 237 249
f 236 247 248
f 236 248 249
f 237 238 250
f 237 249 250
f 238 239 251
f 238 250 251
f 239 240 311
f 239 251 319
f 239 311 320
f 239 319 320
f 241 242 312
f 242 243 252
f 242 252 322
f 242 312 313
f 242 313 322
f 243 244 254
f 243 252 253
f 243 253 254
f 244 245 255
f 244 254 255
f 245 246 256
f 245 255 256
f 246 256 326
f 246 314 326
f 247 248 316
f 247 315 316
f 248 249 317
f 248 316 317
f 249 250 318
f 249 317 318
f 250 251 318
f 251 318 319
f 252 253 322
f 253 254 323
f 253 322 323
f 254 255 325
f 254 323 324
f 254 324 325
f 255 256 325
f 256 325 326
f 257 266 267
f 258 259 269
f 258 268 269
f 260 261 270
f 261 262 271
f 261 270 271
f 262 263 273
f 262 271 272
f 262 272 273
f 263 264 274
f 263 273 274
f 265 266 275
f 266 267 276
f 266 275 276
f 267 268 278
f 267 276 277
f 267 277 278
f 268 269 279
f 268 278 279
f 270 271 280
f 271 272 282
f 271 280 281
f 271 281 282
f 272 273 282
f 273 274 284
f 273 282 283
f 273 283 284
f 275 276 287
f 275 286 287
f 276 277 288
f 276 287 288
f 277 278 288
f 278 279 289
f 278 288 289
f 279 289 290
f 280 281 362
f 280 291 370
f 280 361 362
f 280 361 370
f 281 282 363
f 281 362 363
f 282 283 363
f 283 284 364
f 283 363 364
f 284 292 364
f 285 286 294
f 286 287 366
f 286 294 295
f 286 295 365
f 286 365 366
f 287 288 367
f 287 366 367
f 288 289 367
f 289 290 368
f 289 367 368
f 290 296 369
f 290 368 369
f 291 297 370
f 292 293 298
f 292 298 374
f 292 364 374
f 293 298 299
f 294 295 300
f 295 300 301
f 295 301 375
f 295 365 375
f 296 302 390
f 296 369 379
f 296 379 390
f 297 303 391
f 297 370 380
f 297 380 391
f 298 299 304
f 298 304 384
f 298 374 384
f 299 304 305
f 300 301 386
f 300 306 385
f 300 385 386
f 301 375 386
f 302 307 390
f 303 308 396
f 303 391 396
f 304 305 398
f 304 384 392
f 304 392 398
f 305 309 398
f 306 310 393
f 306 385 393
f 307 311 395
f 307 390 395
f 308 312 396
f 309 314 398
f 310 315 406
f 310 393 399
f 310 399 406
f 311 320 407
f 311 395 401
f 311 401 407
f 312 313 322
f 312 321 322
f 312 321 402
f 312 396 402
f 314 326 327
f 314 327 405
f 314 398 404
f 314 404 405
f 315 316 329
f 315 328 329
f 315 328 410
f 315 406 410
f 316 317 329
f 317 318 330
f 317 329 330
f 318 319 332
f 318 330 331
f 318 331 332
f 319 320 332
f 320 332 333
f 320 333 413
f 320 407 413
f 321 322 334
f 321 334 414
f 321 402 408
f 321 408 414
f 322 323 334
f 323 324 336
f 323 334 335
f 323 335 336
f 324 325 336
f 325 326 338
f 325 336 337
f 325 337 338
f 326 327 338
f 327 328 340
f 327 328 410
f 327 338 339
f 327 339 340
f 327 339 410
f 327 339 417
f 327 405 410
f 327 410 417
f 328 329 340
f 329 330 342
f 329 340 341
f 329 341 342
f 330 331 342
f 331 332 344
f 331 342 343
f 331 343 344
f 332 333 413
f 332 344 412
f 332 412 413
f 334 335 346
f 334 345 346
f 334 345 415
f 334 414 415
f 335 336 346
f 336 337 347
f 336 346 347
f 337 338 349
f 337 347 348
f 337 348 349
f 338 339 350
f 338 349 350
f 339 340 351
f 339 350 351
f 339 350 417
f 339 410 417
f 340 341 352
f 340 351 352
f 341 342 353
f 341 352 353
f 342 343 354
f 342 353 354
f 343 344 354
f 344 354 355
f 344 355 418
f 344 412 418
f 345 346 356
f 345 356 429
f 345 415 421
f 345 421 429
f 346 347 357
f 346 356 357
f 347 348 358
f 347 357 358
f 348 349 359
f 348 358 359
f 349 350 434
f 349 359 360
f 349 360 433
f 349 433 434
f 350 351 422
f 350 417 422
f 350 422 434
f 351 352 424
f 351 422 423
f 351 423 435
f 351 423 436
f 351 424 436
f 352 353 425
f 352 424 436
f 352 425 436
f 353 354 426
f 353 425 426
f 354 355 426
f 355 418 427
f 355 426 427
f 356 357 429
f 357 358 430
f 357 429 430
f 358 359 432
f 358 430 431
f 358 431 432
f 359 360 432
f 360 432 433
f 361 362 370
f 362 363 371
f 362 370 371
f 363 364 373
f 363 371 372
f 363 372 373
f 364 373 374
f 365 366 375
f 366 367 377
f 366 375 376
f 366 376 377
f 367 368 378
f 367 377 378
f 368 369 379
f 368 378 379
f 370 371 381
f 370 380 381
f 371 372 382
f 371 381 382
f 372 373 382
f 373 374 384
f 373 382 383
f 373 383 384
f 375 376 387
f 375 386 387
f 376 377 388
f 376 387 388
f 377 378 388
f 378 379 390
f 378 388 389
f 378 389 390
f 380 381 474
f 380 391 474
f 381 382 475
f 381 466 474
f 381 466 475
f 382 383 467
f 382 467 475
f 383 384 468
f 383 467 468
f 384 392 477
f 384 468 477
f 385 386 393
f 386 387 470
f 386 393 394
f 386 394 478
f 386 469 470
f 386 469 478
f 387 388 471
f 387 470 471
f 388 389 471
f 389 390 472
f 389 471 472
f 390 395 482
f 390 472 482
f 391 396 473
f 391 473 474
f 392 397 398
f 392 397 487
f 392 477 487
f 393 394 399
f 394 399 400
f 394 400 478
f 395 401 482
f 396 402 483
f 396 473 483
f 397 398 403
f 397 403 487
f 398 403 404
f 399 400 489
f 399 406 498
f 399 488 489
f 399 488 498
f 400 478 489
f 401 407 500
f 401 482 493
f 401 493 500
f 402 408 501
f 402 483 494
f 402 494 501
f 403 404 409
f 403 409 502
f 403 487 497
f 403 497 502
f 404 405 410
f 404 409 410
f 406 410 411
f 406 411 498
f 407 413 506
f 407 500 506
f 408 414 507
f 408 501 507
f 409 410 416
f 409 416 509
f 409 502 503
f 409 503 509
f 410 411 417
f 410 416 417
f 411 417 511
f 411 498 504
f 411 504 511
f 412 413 419
f 412 418 419
f 413 419 506
f 414 415 421
f 414 420 421
f 414 420 513
f 414 507 513
f 416 417 510
f 416 509 510
f 417 510 511
f 418 419 428
f 418 427 428
f 419 428 519
f 419 506 512
f 419 512 519
f 420 421 513
f 421 429 521
f 421 513 514
f 421 514 521
f 422 423 435
f 422 434 435
f 423 435 436
f 425 426 437
f 425 436 437
f 426 427 438
f 426 437 438
f 427 428 518
f 427 438 439
f 427 439 524
f 427 518 524
f 428 518 519
f 429 430 441
f 429 440 441
f 429 440 526
f 429 521 526
f 430 431 442
f 430 441 442
f 431 432 443
f 431 442 443
f 432 433 444
f 432 443 444
f 433 434 444
f 434 435 446
f 434 444 445
f 434 445 446
f 435 436 447
f 435 446 447
f 436 437 447
f 437 438 448
f 437 447 448
f 438 439 450
f 438 448 449
f 438 449 450
f 439 450 524
f 440 441 451
f 440 451 526
f 441 442 453
f 441 451 452
f 441 452 453
f 442 443 454
f 442 453 454
f 443 444 454
f 444 445 455
f 444 454 455
f 445 446 457
f 445 455 456
f 445 456 457
f 446 447 458
f 446 457 458
f 447 448 458
f 448 449 460
f 448 458 459
f 448 459 460
f 449 450 461
f 449 460 461
f 450 461 527
f 450 524 527
f 451 452 462
f 451 462 536
f 451 526 528
f 451 528 536
f 452 453 464
f 452 462 463
f 452 463 537
f 452 464 538
f 452 537 538
f 453 454 464
f 454 455 529
f 454 464 539
f 454 465 539
f 454 529 539
f 455 456 529
f 456 457 530
f 456 529 530
f 457 458 532
f 457 530 531
f 457 531 532
f 458 459 532
f 459 460 533
f 459 532 533
f 460 461 535
f 460 533 534
f 460 534 535
f 461 527 535
f 462 463 536
f 463 536 537
f 464 538 539
f 466 474 475
f 467 468 476
f 467 475 476
f 468 476 477
f 469 470 479
f 469 478 479
f 470 471 479
f 471 472 481
f 471 479 480
f 471 480 481
f 472 481 482
f 473 474 483
f 474 475 484
f 474 483 484
f 475 476 485
f 475 484 485
f 476 477 487
f 476 485 486
f 476 486 487
f 478 479 489
f 479 480 490
f 479 489 490
f 480 481 492
f 480 490 491
f 480 491 492
f 481 482 492
f 482 492 493
f 483 484 494
f 484 485 496
f 484 494 495
f 484 495 496
f 484 495 572
f 485 486 565
f 485 496 573
f 485 565 573
f 486 487 566
f 486 565 566
f 487 497 575
f 487 566 575
f 488 489 499
f 488 498 499
f 489 490 568
f 489 499 576
f 489 567 568
f 489 567 576
f 490 491 569
f 490 568 569
f 491 492 570
f 491 569 570
f 492 493 580
f 492 570 579
f 492 579 580
f 493 500 580
f 494 495 572
f 494 501 571
f 494 571 572
f 495 496 573
f 495 572 573
f 497 502 575
f 498 499 504
f 499 504 505
f 499 505 576
f 500 506 591
f 500 579 580
f 500 580 591
f 501 507 581
f 501 571 581
f 502 503 509
f 502 508 509
f 502 508 585
f 502 575 585
f 504 505 586
f 504 511 595
f 504 586 595
f 505 576 587
f 505 586 587
f 506 512 591
f 507 513 599
f 507 581 592
f 507 592 599
f 508 509 594
f 508 509 601
f 508 585 594
f 508 594 601
f 509 510 516
f 509 515 516
f 509 515 601
f 510 511 516
f 511 516 517
f 511 517 595
f 512 519 598
f 512 591 598
f 513 514 521
f 513 520 521
f 513 520 599
f 515 516 523
f 515 522 523
f 515 522 610
f 515 601 602
f 515 602 610
f 516 517 523
f 517 523 612
f 517 595 603
f 517 603 612
f 518 519 524
f 519 524 525
f 519 525 613
f 519 598 606
f 519 606 613
f 520 521 608
f 520 599 608
f 521 526 615
f 521 607 608
f 521 608 615
f 522 523 610
f 523 610 611
f 523 611 612
f 524 525 613
f 524 527 613
f 526 528 615
f 527 535 624
f 527 613 619
f 527 619 624
f 528 536 620
f 528 615 620
f 529 530 541
f 529 539 540
f 529 540 541
f 530 531 542
f 530 541 542
f 531 532 543
f 531 542 543
f 532 533 543
f 533 534 544
f 533 543 544
f 534 535 546
f 534 544 545
f 534 545 546
f 535 546 626
f 535 624 626
f 536 537 547
f 536 547 627
f 536 620 625
f 536 625 627
f 537 538 548
f 537 547 548
f 538 539 549
f 538 548 549
f 539 540 550
f 539 549 550
f 540 541 552
f 540 550 551
f 540 551 552
f 541 542 553
f 541 552 553
f 542 543 553
f 543 544 555
f 543 553 554
f 543 554 555
f 544 545 555
f 545 546 557
f 545 555 556
f 545 556 557
f 546 557 626
f 547 548 559
f 547 558 559
f 547 558 627
f 548 549 560
f 548 559 560
f 549 550 560
f 550 551 562
f 550 560 561
f 550 561 562
f 551 552 563
f 551 562 563
f 552 553 563
f 552 563 636
f 553 554 564
f 553 563 637
f 553 564 637
f 554 555 628
f 554 564 638
f 554 628 639
f 554 638 639
f 555 556 639
f 555 628 639
f 556 557 630
f 556 629 630
f 556 629 640
f 556 639 640
f 557 626 630
f 558 559 631
f 558 627 631
f 559 560 633
f 559 631 632
f 559 632 633
f 560 561 634
f 560 633 634
f 561 562 634
f 562 563 635
f 562 634 635
f 563 635 636
f 563 636 637
f 564 637 638
f 565 566 575
f 565 573 574
f 565 574 575
f 567 568 577
f 567 576 577
f 568 569 577
f 569 570 578
f 569 577 578
f 570 578 579
f 571 572 582
f 571 581 582
f 572 573 583
f 572 582 583
f 573 574 584
f 573 583 584
f 574 575 584
f 575 584 585
f 576 577 588
f 576 587 588
f 577 578 589
f 577 588 589
f 578 579 589
f 579 580 591
f 579 589 590
f 579 590 591
f 581 582 592
f 582 583 661
f 582 592 593
f 582 593 668
f 582 660 661
f 582 660 668
f 583 584 662
f 583 661 662
f 584 585 662
f 585 594 671
f 585 662 663
f 585 663 671
f 586 587 595
f 587 588 665
f 587 595 596
f 587 596 672
f 587 664 665
f 587 664 672
f 588 589 665
f 589 590 666
f 589 665 666
f 590 591 597
f 590 597 667
f 590 666 667
f 591 597 598
f 592 593 599
f 593 599 600
f 593 600 677
f 593 668 677
f 594 601 680
f 594 671 680
f 595 596 603
f 596 603 604
f 596 604 682
f 596 672 682
f 597 598 606
f 597 606 683
f 597 667 675
f 597 675 683
f 599 600 677
f 599 607 608
f 599 607 685
f 599 676 677
f 599 676 685
f 601 602 610
f 601 609 610
f 601 609 680
f 603 604 682
f 603 612 681
f 603 681 682
f 605 606 683
f 606 613 614
f 606 614 684
f 606 683 684
f 607 608 685
f 608 615 686
f 608 685 686
f 609 610 687
f 609 680 687
f 610 611 617
f 610 616 617
f 610 616 695
f 610 687 688
f 610 688 695
f 611 612 618
f 611 617 618
f 612 618 689
f 612 681 689
f 613 614 691
f 613 619 697
f 613 691 697
f 614 684 692
f 614 691 692
f 615 620 698
f 615 686 693
f 615 693 698
f 616 617 622
f 616 621 622
f 616 621 699
f 616 695 699
f 617 618 622
f 618 622 623
f 618 623 696
f 618 689 696
f 619 624 697
f 620 625 703
f 620 698 703
f 621 622 699
f 622 623 700
f 622 699 700
f 623 696 700
f 624 626 707
f 624 697 702
f 624 702 707
f 625 627 703
f 626 630 709
f 626 707 709
f 627 631 710
f 627 703 708
f 627 708 710
f 629 630 640
f 630 640 641
f 630 641 709
f 631 632 643
f 631 642 643
f 631 642 712
f 631 710 712
f 632 633 644
f 632 643 644
f 633 634 644
f 634 635 646
f 634 644 645
f 634 645 646
f 635 636 647
f 635 646 647
f 636 637 648
f 636 647 648
f 637 638 648
f 638 639 650
f 638 648 649
f 638 649 650
f 639 640 650
f 640 641 651
f 640 650 651
f 641 651 652
f 641 652 716
f 641 709 711
f 641 711 716
f 642 643 712
f 643 644 653
f 643 653 713
f 643 712 713
f 644 645 655
f 644 653 654
f 644 654 655
f 645 646 655
f 646 647 657
f 646 655 721
f 646 656 657
f 646 656 721
f 647 648 658
f 647 657 722
f 647 658 722
f 648 649 723
f 648 658 723
f 649 650 725
f 649 659 724
f 649 723 724
f 649 724 725
f 650 651 714
f 650 714 725
f 651 652 715
f 651 714 726
f 651 715 726
f 652 715 716
f 653 654 718
f 653 713 718
f 654 655 719
f 654 718 719
f 655 719 720
f 655 720 721
f 656 657 721
f 657 721 722
f 658 722 723
f 660 661 669
f 660 668 669
f 661 662 669
f 662 663 671
f 662 669 670
f 662 670 671
f 664 665 673
f 664 672 673
f 665 666 673
f 666 667 675
f 666 673 674
f 666 674 675
f 668 669 677
f 669 670 678
f 669 677 678
f 670 671 679
f 670 678 679
f 670 679 744
f 671 679 680
f 672 673 738
f 672 682 738
f 673 674 739
f 673 738 739
f 674 675 740
f 674 739 740
f 675 683 741
f 675 740 741
f 676 677 685
f 677 678 743
f 677 685 686
f 677 686 742
f 677 742 743
f 678 679 743
f 679 680 744
f 679 743 744
f 680 687 753
f 680 744 745
f 680 745 753
f 681 682 690
f 681 689 690
f 682 690 746
f 682 738 746
f 683 684 692
f 683 691 692
f 683 691 757
f 683 741 749
f 683 749 757
f 686 693 758
f 686 742 750
f 686 750 758
f 687 688 695
f 687 694 695
f 687 694 753
f 689 690 754
f 689 696 754
f 690 746 754
f 691 697 757
f 693 698 764
f 693 758 764
f 694 695 759
f 694 753 759
f 695 699 760
f 695 759 760
f 696 700 701
f 696 701 767
f 696 754 762
f 696 761 762
f 696 761 767
f 697 702 769
f 697 757 763
f 697 763 769
f 698 703 770
f 698 764 770
f 699 700 705
f 699 704 705
f 699 704 771
f 699 760 766
f 699 766 771
f 700 701 705
f 701 705 706
f 701 706 773
f 701 767 773
f 702 707 769
f 703 708 775
f 703 770 775
f 704 705 772
f 704 771 772
f 705 706 773
f 705 772 773
f 707 709 777
f 707 769 774
f 707 774 777
f 708 710 778
f 708 775 778
f 709 711 779
f 709 777 779
f 710 712 780
f 710 778 780
f 711 716 779
f 712 713 718
f 712 717 718
f 712 717 780
f 714 725 726
f 715 716 727
f 715 726 727
f 716 727 781
f 716 779 781
f 717 718 782
f 717 780 782
f 718 719 729
f 718 728 729
f 718 728 783
f 718 782 783
f 719 720 729
f 720 721 731
f 720 729 730
f 720 730 731
f 721 722 731
f 722 723 732
f 722 731 732
f 723 724 733
f 723 732 733
f 724 725 734
f 724 733 734
f 725 726 736
f 725 734 735
f 725 735 736
f 726 727 737
f 726 736 737
f 727 737 795
f 727 781 784
f 727 784 795
f 728 729 787
f 728 783 786
f 728 786 787
f 729 730 788
f 729 787 788
f 730 731 789
f 730 788 789
f 731 732 789
f 732 733 790
f 732 789 790
f 733 734 792
f 733 790 791
f 733 791 792
f 734 735 792
f 735 736 794
f 735 792 793
f 735 793 794
f 736 737 795
f 736 794 795
f 738 739 746
f 739 740 748
f 739 746 747
f 739 747 748
f 740 741 748
f 741 748 749
f 742 743 750
f 743 744 751
f 743 750 751
f 744 745 753
f 744 751 752
f 744 752 753
f 746 747 755
f 746 754 819
f 746 755 819
f 747 748 755
f 748 749 756
f 748 755 756
f 749 756 757
f 750 751 816
f 750 758 815
f 750 815 816
f 751 752 816
f 752 753 818
f 752 816 817
f 752 817 818
f 753 759 818
f 754 762 819
f 755 756 820
f 755 819 820
f 756 757 822
f 756 820 821
f 756 821 822
f 757 763 830
f 757 822 830
f 758 764 831
f 758 815 823
f 758 823 831
f 759 760 766
f 759 765 766
f 759 765 826
f 759 818 826
f 761 762 767
f 762 767 768
f 762 768 835
f 762 819 827
f 762 827 835
f 763 769 836
f 763 830 836
f 764 770 837
f 764 831 837
f 765 766 832
f 765 826 832
f 766 771 839
f 766 832 833
f 766 833 839
f 767 768 835
f 767 773 834
f 767 834 835
f 769 774 836
f 770 775 844
f 770 837 844
f 771 772 840
f 771 839 840
f 772 773 841
f 772 776 845
f 772 840 841
f 772 840 845
f 773 834 841
f 774 777 846
f 774 836 843
f 774 843 846
f 775 778 844
f 777 779 848
f 777 846 848
f 778 780 849
f 778 844 847
f 778 847 849
f 779 781 848
f 780 782 851
f 780 849 851
f 781 784 850
f 781 848 850
f 782 783 786
f 782 785 786
f 782 785 853
f 782 851 853
f 784 795 852
f 784 850 852
f 785 786 853
f 786 787 796
f 786 796 854
f 786 853 854
f 787 788 797
f 787 796 797
f 788 789 798
f 788 797 798
f 789 790 799
f 789 798 799
f 790 791 801
f 790 799 800
f 790 800 801
f 791 792 801
f 792 793 803
f 792 801 802
f 792 802 803
f 793 794 803
f 794 795 804
f 794 803 804
f 795 804 805
f 795 805 858
f 795 852 855
f 795 855 858
f 796 797 807
f 796 806 859
f 796 807 859
f 796 854 857
f 796 857 859
f 797 798 808
f 797 807 808
f 798 799 809
f 798 808 809
f 799 800 809
f 799 809 862
f 800 801 811
f 800 809 810
f 800 810 863
f 800 811 863
f 801 802 811
f 801 811 864
f 802 803 812
f 802 811 864
f 802 812 864
f 802 812 865
f 803 804 814
f 803 812 813
f 803 813 866
f 803 814 866
f 804 805 867
f 804 814 867
f 805 858 868
f 805 867 868
f 807 808 861
f 807 859 860
f 807 860 861
f 808 809 862
f 808 861 862
f 809 810 862
f 810 862 863
f 811 863 864
f 812 813 866
f 812 864 865
f 812 865 866
f 814 866 867
f 815 816 823
f 816 817 824
f 816 823 824
f 817 818 826
f 817 824 825
f 817 825 826
f 819 820 828
f 819 827 828
f 820 821 829
f 820 828 829
f 821 822 829
f 822 829 830
f 823 824 879
f 823 831 879
f 824 825 881
f 824 879 880
f 824 880 881
f 825 826 882
f 825 881 882
f 826 832 882
f 827 828 883
f 827 835 883
f 828 829 884
f 828 883 884
f 829 830 886
f 829 884 885
f 829 885 886
f 830 836 886
f 831 837 895
f 831 879 887
f 831 887 895
f 832 833 839
f 832 838 839
f 832 838 890
f 832 882 890
f 834 835 841
f 835 841 842
f 835 842 900
f 835 883 891
f 835 891 900
f 836 843 901
f 836 886 894
f 836 894 901
f 837 844 895
f 838 839 896
f 838 890 896
f 839 840 845
f 839 840 898
f 839 896 897
f 839 897 898
f 840 841 845
f 840 841 898
f 840 845 898
f 841 842 899
f 841 898 899
f 842 899 900
f 843 846 901
f 844 847 902
f 844 895 902
f 846 848 905
f 846 901 903
f 846 903 905
f 847 849 906
f 847 902 904
f 847 904 906
f 848 850 907
f 848 905 907
f 849 851 908
f 849 906 908
f 850 852 907
f 851 853 910
f 851 908 910
f 852 855 911
f 852 907 909
f 852 909 911
f 853 854 857
f 853 856 857
f 853 856 912
f 853 910 912
f 855 858 914
f 855 911 914
f 856 857 912
f 857 859 913
f 857 912 913
f 858 868 914
f 859 860 869
f 859 869 918
f 859 913 916
f 859 916 918
f 860 861 870
f 860 869 870
f 861 862 871
f 861 870 871
f 862 863 873
f 862 871 872
f 862 872 873
f 863 864 873
f 864 865 875
f 864 873 874
f 864 874 875
f 865 866 876
f 865 875 876
f 866 867 876
f 867 868 878
f 867 876 877
f 867 877 878
f 868 878 917
f 868 914 917
f 869 870 919
f 869 918 919
f 870 871 919
f 871 872 920
f 871 919 920
f 872 873 922
f 872 920 921
f 872 921 922
f 873 874 923
f 873 922 923
f 874 875 923
f 875 876 924
f 875 923 924
f 876 877 925
f 876 924 925
f 877 878 927
f 877 925 926
f 877 926 927
f 878 917 927
f 879 880 888
f 879 887 888
f 880 881 889
f 880 888 889
f 881 882 889
f 882 889 890
f 883 884 892
f 883 891 892
f 884 885 892
f 885 886 893
f 885 892 893
f 886 893 894
f 887 888 938
f 887 895 938
f 888 889 940
f 888 938 939
f 888 939 940
f 889 890 941
f 889 940 941
f 890 896 949
f 890 941 949
f 891 892 943
f 891 900 942
f 891 942 943
f 892 893 944
f 892 943 944
f 893 894 944
f 894 901 956
f 894 944 945
f 894 945 956
f 895 902 946
f 895 938 946
f 896 897 950
f 896 949 950
f 897 898 951
f 897 950 951
f 898 899 952
f 898 951 952
f 899 900 953
f 899 952 953
f 900 942 953
f 901 903 958
f 901 956 958
f 902 904 959
f 902 946 957
f 902 957 959
f 903 905 960
f 903 958 960
f 904 906 961
f 904 959 961
f 905 907 962
f 905 960 962
f 906 908 961
f 907 909 962
f 908 910 965
f 908 961 963
f 908 963 965
f 909 911 966
f 909 962 964
f 909 964 966
f 910 912 965
f 911 914 968
f 911 966 968
f 912 913 916
f 912 915 916
f 912 915 967
f 912 965 967
f 914 917 968
f 915 916 970
f 915 967 969
f 915 969 970
f 916 918 973
f 916 970 973
f 917 927 971
f 917 968 971
f 918 919 929
f 918 928 929
f 918 928 973
f 919 920 929
f 920 921 930
f 920 929 930
f 921 922 932
f 921 930 931
f 921 931 932
f 922 923 932
f 923 924 933
f 923 932 933
f 924 925 935
f 924 933 934
f 924 934 935
f 925 926 936
f 925 935 936
f 926 927 937
f 926 936 937
f 927 937 974
f 927 971 974
f 928 929 975
f 928 973 975
f 929 930 976
f 929 975 976
f 930 931 977
f 930 976 977
f 931 932 979
f 931 977 978
f 931 978 979
f 932 933 979
f 933 934 980
f 933 979 980
f 934 935 982
f 934 980 981
f 934 981 982
f 935 936 982
f 936 937 984
f 936 982 983
f 936 983 984
f 937 974 984
f 938 939 946
f 939 940 948
f 939 946 947
f 939 947 948
f 940 941 948
f 941 948 949
f 942 943 953
f 943 944 954
f 943 953 954
f 944 945 956
f 944 954 955
f 944 955 956
f 946 947 986
f 946 957 997
f 946 986 997
f 947 948 987
f 947 986 987
f 948 949 988
f 948 987 988
f 949 950 989
f 949 988 989
f 950 951 991
f 950 989 990
f 950 990 991
f 951 952 992
f 951 991 992
f 952 953 993
f 952 992 993
f 953 954 993
f 954 955 994
f 954 993 994
f 955 956 996
f 955 994 995
f 955 995 996
f 956 958 1007
f 956 996 1007
f 957 959 1008
f 957 997 1008
f 958 960 1009
f 958 1007 1009
f 959 961 1010
f 959 1008 1010
f 960 962 1009
f 961 963 1012
f 961 1010 1012
f 962 964 1013
f 962 1009 1011
f 962 1011 1013
f 963 965 1014
f 963 1012 1014
f 964 966 1013
f 965 967 1016
f 965 1014 1016
f 966 968 1015
f 966 1013 1015
f 967 969 1018
f 967 1016 1018
f 968 971 1019
f 968 1015 1017
f 968 1017 1019
f 969 970 973
f 969 972 973
f 969 972 1018
f 971 974 1019
f 972 973 1020
f 972 1018 1020
f 973 975 1021
f 973 1020 1021
f 974 984 1030
f 974 1019 1022
f 974 1022 1030
f 975 976 1023
f 975 1021 1023
f 975 1023 1031
f 976 977 1025
f 976 1023 1032
f 976 1024 1032
f 976 1025 1032
f 977 978 1034
f 977 1025 1033
f 977 1033 1034
f 978 979 1027
f 978 1026 1034
f 978 1027 1035
f 978 1034 1035
f 979 980 1027
f 980 981 1036
f 980 1027 1036
f 980 1028 1036
f 981 982 1037
f 981 1029 1036
f 981 1029 1037
f 982 983 1038
f 982 1037 1038
f 983 984 1030
f 983 985 1039
f 983 1030 1039
f 983 1038 1039
f 986 987 997
f 987 988 999
f 987 997 998
f 987 998 999
f 988 989 999
f 988 999 1043
f 989 990 1001
f 989 999 1044
f 989 1000 1001
f 989 1000 1044
f 990 991 1045
f 990 1001 1045
f 991 992 1003
f 991 1002 1046
f 991 1003 1046
f 991 1045 1046
f 992 993 1003
f 992 1003 1047
f 993 994 1004
f 993 1003 1004
f 994 995 1006
f 994 1004 1005
f 994 1005 1006
f 995 996 1006
f 996 1006 1007
f 997 998 1041
f 997 1008 1052
f 997 1041 1052
f 998 999 1043
f 998 1041 1042
f 998 1042 1043
f 999 1043 1044
f 1000 1001 1045
f 1000 1044 1045
f 1003 1004 1047
f 1003 1046 1047
f 1004 1005 1049
f 1004 1047 1048
f 1004 1048 1049
f 1005 1006 1050
f 1005 1049 1050
f 1006 1007 1050
f 1007 1009 1051
f 1007 1050 1051
f 1008 1010 1054
f 1008 1052 1054
f 1009 1011 1053
f 1009 1051 1053
f 1010 1012 1054
f 1011 1013 1057
f 1011 1053 1055
f 1011 1055 1057
f 1012 1014 1056
f 1012 1054 1056
f 1013 1015 1057
f 1014 1016 1058
f 1014 1056 1058
f 1015 1017 1061
f 1015 1057 1059
f 1015 1059 1061
f 1016 1018 1062
f 1016 1058 1060
f 1016 1060 1062
f 1017 1019 1063
f 1017 1061 1063
f 1018 1020 1064
f 1018 1062 1064
f 1019 1022 1063
f 1020 1021 1064
f 1021 1023 1068
f 1021 1064 1065
f 1021 1065 1068
f 1022 1030 1066
f 1022 1063 1066
f 1023 1031 1032
f 1023 1031 1070
f 1023 1068 1070
f 1025 1032 1033
f 1027 1035 1036
f 1029 1036 1037
f 1030 1039 1040
f 1030 1040 1079
f 1030 1066 1069
f 1030 1069 1079
f 1031 1032 1070
f 1032 1033 1071
f 1032 1070 1071
f 1033 1034 1073
f 1033 1071 1072
f 1033 1072 1073
f 1034 1035 1073
f 1035 1036 1074
f 1035 1073 1074
f 1036 1037 1076
f 1036 1074 1075
f 1036 1075 1076
f 1037 1038 1076
f 1038 1039 1078
f 1038 1076 1077
f 1038 1077 1078
f 1039 1040 1078
f 1040 1078 1079
f 1041 1042 1091
f 1041 1052 1101
f 1041 1090 1091
f 1041 1090 1101
f 1042 1043 1092
f 1042 1091 1092
f 1043 1044 1092
f 1044 1045 1093
f 1044 1092 1093
f 1045 1046 1095
f 1045 1093 1094
f 1045 1094 1095
f 1046 1047 1096
f 1046 1095 1096
f 1047 1048 1096
f 1048 1049 1097
f 1048 1096 1097
f 1049 1050 1099
f 1049 1097 1098
f 1049 1098 1099
f 1050 1051 1100
f 1050 1099 1100
f 1051 1053 1102
f 1051 1100 1102
f 1052 1054 1103
f 1052 1101 1103
f 1053 1055 1102
f 1054 1056 1105
f 1054 1103 1105
f 1055 1057 1104
f 1055 1102 1104
f 1056 1058 1105
f 1057 1059 1108
f 1057 1104 1106
f 1057 1106 1108
f 1058 1060 1109
f 1058 1105 1107
f 1058 1107 1109
f 1059 1061 1108
f 1060 1062 1109
f 1061 1063 1110
f 1061 1108 1110
f 1062 1064 1111
f 1062 1109 1111
f 1063 1066 1114
f 1063 1110 1112
f 1063 1112 1114
f 1064 1065 1068
f 1064 1067 1068
f 1064 1067 1115
f 1064 1111 1113
f 1064 1113 1115
f 1066 1069 1114
f 1067 1068 1116
f 1067 1115 1116
f 1068 1070 1119
f 1068 1116 1119
f 1069 1079 1117
f 1069 1114 1117
f 1070 1071 1080
f 1070 1080 1121
f 1070 1119 1121
f 1071 1072 1082
f 1071 1080 1081
f 1071 1081 1082
f 1072 1073 1083
f 1072 1082 1083
f 1073 1074 1083
f 1074 1075 1085
f 1074 1083 1084
f 1074 1084 1085
f 1075 1076 1086
f 1075 1085 1086
f 1076 1077 1086
f 1077 1078 1087
f 1077 1086 1087
f 1078 1079 1088
f 1078 1087 1088
f 1079 1088 1089
f 1079 1089 1120
f 1079 1117 1120
f 1080 1081 1121
f 1081 1082 1123
f 1081 1121 1122
f 1081 1122 1123
f 1082 1083 1123
f 1083 1084 1124
f 1083 1123 1124
f 1084 1085 1126
f 1084 1124 1125
f 1084 1125 1126
f 1085 1086 1126
f 1086 1087 1127
f 1086 1126 1127
f 1087 1088 1129
f 1087 1127 1128
f 1087 1128 1129
f 1088 1089 1130
f 1088 1129 1130
f 1089 1120 1130
f 1090 1091 1140
f 1090 1101 1139
f 1090 1139 1140
f 1091 1092 1141
f 1091 1140 1141
f 1092 1093 1141
f 1093 1094 1143
f 1093 1141 1142
f 1093 1142 1143
f 1094 1095 1144
f 1094 1143 1144
f 1095 1096 1145
f 1095 1144 1145
f 1096 1097 1145
f 1097 1098 1147
f 1097 1145 1146
f 1097 1146 1147
f 1098 1099 1147
f 1099 1100 1148
f 1099 1147 1148
f 1100 1102 1149
f 1100 1148 1149
f 1101 1103 1152
f 1101 1139 1150
f 1101 1150 1152
f 1102 1104 1151
f 1102 1149 1151
f 1103 1105 1154
f 1103 1152 1154
f 1104 1106 1155
f 1104 1151 1153
f 1104 1153 1155
f 1105 1107 1154
f 1106 1108 1155
f 1107 1109 1158
f 1107 1154 1156
f 1107 1156 1158
f 1108 1110 1159
f 1108 1155 1157
f 1108 1157 1159
f 1109 1111 1158
f 1110 1112 1159
f 1111 1113 1162
f 1111 1158 1160
f 1111 1160 1162
f 1112 1114 1163
f 1112 1159 1161
f 1112 1161 1163
f 1113 1115 1162
f 1114 1117 1165
f 1114 1163 1165
f 1115 1116 1118
f 1115 1118 1119
f 1115 1118 1166
f 1115 1162 1164
f 1115 1164 1166
f 1116 1118 1119
f 1117 1120 1165
f 1118 1119 1167
f 1118 1166 1167
f 1119 1121 1167
f 1120 1130 1168
f 1120 1165 1168
f 1121 1122 1170
f 1121 1167 1170
f 1122 1123 1171
f 1122 1170 1171
f 1123 1124 1172
f 1123 1171 1172
f 1124 1125 1174
f 1124 1172 1173
f 1124 1173 1174
f 1125 1126 1174
f 1126 1127 1176
f 1126 1174 1175
f 1126 1175 1176
f 1127 1128 1177
f 1127 1176 1177
f 1128 1129 1177
f 1129 1130 1179
f 1129 1177 1178
f 1129 1178 1179
f 1130 1168 1179
f 1131 1132 1140
f 1131 1132 1211
f 1131 1140 1210
f 1131 1210 1211
f 1132 1133 1142
f 1132 1133 1212
f 1132 1140 1141
f 1132 1141 1142
f 1132 1211 1212
f 1133 1134 1143
f 1133 1134 1212
f 1133 1142 1143
f 1134 1143 1213
f 1134 1212 1213
f 1135 1136 1145
f 1135 1136 1216
f 1135 1145 1215
f 1135 1215 1216
f 1136 1137 1147
f 1136 1137 1217
f 1136 1145 1146
f 1136 1146 1147
f 1136 1216 1217
f 1137 1138 1147
f 1137 1138 1218
f 1137 1217 1218
f 1138 1147 1148
f 1138 1148 1218
f 1139 1140 1210
f 1139 1150 1220
f 1139 1210 1220
f 1143 1144 1221
f 1143 1213 1214
f 1143 1214 1221
f 1144 1145 1215
f 1144 1214 1215
f 1144 1214 1221
f 1148 1149 1218
f 1149 1151 1224
f 1149 1218 1222
f 1149 1222 1224
f 1150 1152 1223
f 1150 1220 1223
f 1151 1153 1224
f 1152 1154 1227
f 1152 1223 1225
f 1152 1225 1227
f 1153 1155 1228
f 1153 1224 1226
f 1153 1226 1228
f 1154 1156 1229
f 1154 1227 1229
f 1155 1157 1228
f 1156 1158 1229
f 1157 1159 1232
f 1157 1228 1230
f 1157 1230 1232
f 1158 1160 1233
f 1158 1229 1231
f 1158 1231 1233
f 1159 1161 1232
f 1160 1162 1233
f 1161 1163 1234
f 1161 1232 1234
f 1162 1164 1237
f 1162 1233 1235
f 1162 1235 1237
f 1163 1165 1236
f 1163 1234 1236
f 1164 1166 1239
f 1164 1237 1239
f 1165 1168 1240
f 1165 1236 1238
f 1165 1238 1240
f 1166 1167 1170
f 1166 1169 1170
f 1166 1169 1239
f 1168 1179 1240
f 1169 1170 1241
f 1169 1239 1241
f 1170 1171 1181
f 1170 1180 1181
f 1170 1180 1244
f 1170 1241 1242
f 1170 1242 1244
f 1171 1172 1182
f 1171 1181 1182
f 1172 1173 1183
f 1172 1182 1183
f 1173 1174 1184
f 1173 1183 1184
f 1174 1175 1185
f 1174 1184 1185
f 1175 1176 1185
f 1176 1177 1187
f 1176 1185 1186
f 1176 1186 1187
f 1177 1178 1187
f 1178 1179 1188
f 1178 1187 1188
f 1179 1188 1189
f 1179 1189 1253
f 1179 1240 1243
f 1179 1243 1253
f 1180 1181 1245
f 1180 1244 1245
f 1181 1182 1246
f 1181 1245 1246
f 1182 1183 1247
f 1182 1246 1247
f 1183 1184 1247
f 1184 1185 1248
f 1184 1247 1248
f 1185 1186 1249
f 1185 1248 1249
f 1186 1187 1250
f 1186 1249 1250
f 1187 1188 1251
f 1187 1250 1251
f 1188 1189 1252
f 1188 1251 1252
f 1189 1252 1253
f 1190 1191 1199
f 1190 1191 1266
f 1190 1199 1274
f 1190 1265 1266
f 1190 1265 1274
f 1191 1192 1200
f 1191 1192 1276
f 1191 1199 1200
f 1191 1266 1275
f 1191 1275 1276
f 1192 1193 1201
f 1192 1193 1277
f 1192 1200 1201
f 1192 1276 1277
f 1193 1194 1202
f 1193 1194 1277
f 1193 1201 1202
f 1194 1195 1204
f 1194 1195 1278
f 1194 1202 1203
f 1194 1203 1204
f 1194 1277 1278
f 1195 1196 1204
f 1195 1196 1280
f 1195 1278 1279
f 1195 1279 1280
f 1196 1197 1206
f 1196 1197 1280
f 1196 1204 1205
f 1196 1205 1206
f 1197 1198 1206
f 1197 1198 1281
f 1197 1280 1281
f 1198 1206 1207
f 1198 1207 1282
f 1198 1281 1282
f 1199 1200 1210
f 1199 1209 1210
f 1199 1209 1283
f 1199 1274 1284
f 1199 1283 1284
f 1200 1201 1212
f 1200 1210 1211
f 1200 1211 1212
f 1201 1202 1212
f 1202 1203 1214
f 1202 1212 1213
f 1202 1213 1214
f 1203 1204 1215
f 1203 1214 1215
f 1204 1205 1216
f 1204 1215 1216
f 1205 1206 1216
f 1206 1207 1218
f 1206 1216 1217
f 1206 1217 1218
f 1207 1208 1219
f 1207 1208 1286
f 1207 1218 1219
f 1207 1282 1285
f 1207 1285 1286
f 1208 1219 1286
f 1209 1210 1220
f 1209 1220 1289
f 1209 1283 1287
f 1209 1287 1289
f 1218 1219 1222
f 1219 1222 1290
f 1219 1286 1288
f 1219 1288 1290
f 1220 1223 1291
f 1220 1289 1291
f 1222 1224 1292
f 1222 1290 1292
f 1223 1225 1293
f 1223 1291 1293
f 1224 1226 1294
f 1224 1292 1294
f 1225 1227 1295
f 1225 1293 1295
f 1226 1228 1294
f 1227 1229 1297
f 1227 1295 1297
f 1228 1230 1298
f 1228 1294 1296
f 1228 1296 1298
f 1229 1231 1299
f 1229 1297 1299
f 1230 1232 1298
f 1231 1233 1299
f 1232 1234 1302
f 1232 1298 1300
f 1232 1300 1302
f 1233 1235 1301
f 1233 1299 1301
f 1234 1236 1304
f 1234 1302 1304
f 1235 1237 1305
f 1235 1301 1303
f 1235 1303 1305
f 1236 1238 1306
f 1236 1304 1306
f 1237 1239 1307
f 1237 1305 1307
f 1238 1240 1308
f 1238 1306 1308
f 1239 1241 1309
f 1239 1307 1309
f 1240 1243 1308
f 1241 1242 1244
f 1241 1244 1310
f 1241 1309 1310
f 1243 1253 1311
f 1243 1308 1311
f 1244 1245 1313
f 1244 1310 1313
f 1245 1246 1314
f 1245 1313 1314
f 1246 1247 1316
f 1246 1314 1315
f 1246 1315 1316
f 1247 1248 1317
f 1247 1316 1317
f 1248 1249 1318
f 1248 1317 1318
f 1249 1250 1319
f 1249 1318 1319
f 1250 1251 1319
f 1251 1252 1321
f 1251 1319 1320
f 1251 1320 1321
f 1252 1253 1322
f 1252 1321 1322
f 1253 1311 1322
f 1254 1256 1257
f 1254 1256 1356
f 1254 1257 1348
f 1254 1347 1348
f 1254 1347 1356
f 1255 1258 1348
f 1255 1258 1349
f 1255 1348 1349
f 1256 1257 1266
f 1256 1265 1266
f 1256 1265 1356
f 1257 1258 1267
f 1257 1258 1348
f 1257 1266 1267
f 1258 1259 1267
f 1258 1259 1350
f 1258 1349 1350
f 1259 1260 1269
f 1259 1260 1357
f 1259 1267 1268
f 1259 1268 1269
f 1259 1350 1357
f 1260 1261 1269
f 1260 1261 1358
f 1260 1351 1357
f 1260 1351 1358
f 1261 1262 1270
f 1261 1262 1360
f 1261 1269 1270
f 1261 1352 1359
f 1261 1358 1359
f 1261 1359 1360
f 1262 1263 1271
f 1262 1263 1360
f 1262 1270 1271
f 1263 1264 1273
f 1263 1264 1361
f 1263 1271 1272
f 1263 1272 1273
f 1263 1360 1361
f 1264 1273 1364
f 1264 1361 1362
f 1264 1362 1364
f 1265 1274 1365
f 1265 1356 1363
f 1265 1363 1365
f 1266 1267 1276
f 1266 1275 1276
f 1267 1268 1277
f 1267 1276 1277
f 1268 1269 1278
f 1268 1277 1278
f 1269 1270 1279
f 1269 1278 1279
f 1270 1271 1279
f 1271 1272 1280
f 1271 1279 1280
f 1272 1273 1281
f 1272 1280 1281
f 1273 1281 1282
f 1273 1282 1364
f 1274 1284 1368
f 1274 1365 1368
f 1282 1285 1369
f 1282 1364 1366
f 1282 1366 1369
f 1283 1284 1367
f 1283 1287 1367
f 1284 1367 1368
f 1285 1286 1369
f 1286 1288 1372
f 1286 1369 1370
f 1286 1370 1372
f 1287 1289 1371
f 1287 1367 1371
f 1288 1290 1374
f 1288 1372 1374
f 1289 1291 1375
f 1289 1371 1373
f 1289 1373 1375
f 1290 1292 1376
f 1290 1374 1376
f 1291 1293 1377
f 1291 1375 1377
f 1292 1294 1378
f 1292 1376 1378
f 1293 1295 1379
f 1293 1377 1379
f 1294 1296 1380
f 1294 1378 1380
f 1295 1297 1379
f 1296 1298 1380
f 1297 1299 1381
f 1297 1379 1381
f 1298 1300 1384
f 1298 1380 1382
f 1298 1382 1384
f 1299 1301 1385
f 1299 1381 1383
f 1299 1383 1385
f 1300 1302 1384
f 1301 1303 1387
f 1301 1385 1387
f 1302 1304 1386
f 1302 1384 1386
f 1303 1305 1387
f 1304 1306 1390
f 1304 1386 1388
f 1304 1388 1390
f 1305 1307 1391
f 1305 1387 1389
f 1305 1389 1391
f 1306 1308 1392
f 1306 1390 1392
f 1307 1309 1393
f 1307 1391 1393
f 1308 1311 1394
f 1308 1392 1394
f 1309 1310 1313
f 1309 1312 1313
f 1309 1312 1393
f 1311 1322 1397
f 1311 1394 1397
f 1312 1313 1395
f 1312 1393 1395
f 1313 1314 1323
f 1313 1323 1396
f 1313 1395 1396
f 1314 1315 1324
f 1314 1323 1324
f 1315 1316 1325
f 1315 1324 1325
f 1316 1317 1326
f 1316 1325 1326
f 1317 1318 1328
f 1317 1326 1327
f 1317 1327 1328
f 1318 1319 1329
f 1318 1328 1329
f 1319 1320 1330
f 1319 1329 1330
f 1320 1321 1331
f 1320 1330 1331
f 1321 1322 1331
f 1322 1331 1332
f 1322 1332 1397
f 1323 1324 1398
f 1323 1396 1398
f 1324 1325 1399
f 1324 1398 1399
f 1325 1326 1401
f 1325 1399 1400
f 1325 1400 1401
f 1326 1327 1402
f 1326 1401 1402
f 1327 1328 1403
f 1327 1402 1403
f 1328 1329 1404
f 1328 1403 1404
f 1329 1330 1404
f 1330 1331 1406
f 1330 1404 1405
f 1330 1405 1406
f 1331 1332 1407
f 1331 1406 1407
f 1332 1397 1407
f 1333 1339 1409
f 1333 1339 1410
f 1333 1409 1410
f 1334 1340 1410
f 1335 1341 1411
f 1336 1342 1411
f 1336 1342 1412
f 1336 1411 1412
f 1337 1343 1344
f 1337 1343 1413
f 1337 1344 1414
f 1337 1413 1414
f 1338 1339 1347
f 1338 1339 1417
f 1338 1347 1416
f 1338 1416 1417
f 1339 1340 1349
f 1339 1340 1410
f 1339 1347 1348
f 1339 1348 1349
f 1339 1409 1417
f 1340 1341 1349
f 1340 1341 1411
f 1340 1410 1411
f 1341 1342 1350
f 1341 1342 1411
f 1341 1349 1350
f 1342 1343 1351
f 1342 1343 1412
f 1342 1350 1351
f 1343 1344 1353
f 1343 1351 1352
f 1343 1352 1353
f 1343 1412 1413
f 1344 1345 1354
f 1344 1345 1419
f 1344 1353 1354
f 1344 1414 1418
f 1344 1418 1419
f 1345 1346 1355
f 1345 1346 1420
f 1345 1354 1355
f 1345 1419 1420
f 1346 1355 1420
f 1347 1356 1423
f 1347 1416 1421
f 1347 1421 1423
f 1350 1351 1357
f 1351 1352 1358
f 1352 1353 1360
f 1352 1358 1359
f 1352 1359 1360
f 1353 1354 1360
f 1354 1355 1362
f 1354 1360 1361
f 1354 1361 1362
f 1355 1362 1422
f 1355 1420 1422
f 1356 1363 1425
f 1356 1423 1425
f 1362 1364 1426
f 1362 1422 1424
f 1362 1424 1426
f 1363 1365 1425
f 1364 1366 1428
f 1364 1426 1428
f 1365 1368 1430
f 1365 1425 1427
f 1365 1427 1430
f 1366 1369 1428
f 1367 1368 1429
f 1367 1371 1433
f 1367 1429 1433
f 1368 1429 1430
f 1369 1370 1431
f 1369 1428 1431
f 1370 1372 1432
f 1370 1431 1432
f 1371 1373 1436
f 1371 1433 1436
f 1372 1374 1437
f 1372 1432 1435
f 1372 1435 1437
f 1373 1375 1436
f 1374 1376 1437
f 1375 1377 1440
f 1375 1436 1438
f 1375 1438 1440
f 1376 1378 1441
f 1376 1437 1439
f 1376 1439 1441
f 1377 1379 1442
f 1377 1440 1442
f 1378 1380 1441
f 1379 1381 1444
f 1379 1442 1444
f 1380 1382 1445
f 1380 1441 1443
f 1380 1443 1445
f 1381 1383 1446
f 1381 1444 1446
f 1382 1384 1447
f 1382 1445 1447
f 1383 1385 1446
f 1384 1386 1447
f 1385 1387 1448
f 1385 1446 1448
f 1386 1388 1449
f 1386 1447 1449
f 1387 1389 1450
f 1387 1448 1450
f 1388 1390 1453
f 1388 1449 1451
f 1388 1451 1453
f 1389 1391 1454
f 1389 1450 1452
f 1389 1452 1454
f 1390 1392 1453
f 1391 1393 1456
f 1391 1454 1456
f 1392 1394 1455
f 1392 1453 1455
f 1393 1395 1458
f 1393 1456 1458
f 1394 1397 1457
f 1394 1455 1457
f 1395 1396 1460
f 1395 1458 1460
f 1396 1398 1460
f 1397 1407 1459
f 1397 1457 1459
f 1398 1399 1462
f 1398 1460 1461
f 1398 1461 1462
f 1399 1400 1462
f 1400 1401 1463
f 1400 1462 1463
f 1401 1402 1465
f 1401 1463 1464
f 1401 1464 1465
f 1402 1403 1465
f 1403 1404 1467
f 1403 1465 1466
f 1403 1466 1467
f 1404 1405 1468
f 1404 1467 1468
f 1405 1406 1468
f 1406 1407 1470
f 1406 1468 1469
f 1406 1469 1470
f 1407 1459 1470
f 1408 1409 1416
f 1408 1409 1508
f 1408 1416 1508
f 1409 1410 1510
f 1409 1416 1417
f 1409 1501 1509
f 1409 1501 1510
f 1409 1508 1509
f 1410 1411 1511
f 1410 1503 1510
f 1410 1503 1511
f 1411 1412 1512
f 1411 1511 1512
f 1412 1413 1513
f 1412 1504 1505
f 1412 1504 1512
f 1412 1505 1513
f 1413 1414 1514
f 1413 1505 1513
f 1413 1513 1514
f 1414 1415 1418
f 1414 1415 1514
f 1414 1506 1514
f 1415 1418 1419
f 1415 1419 1420
f 1415 1420 1515
f 1415 1514 1515
f 1416 1421 1519
f 1416 1508 1516
f 1416 1516 1519
f 1420 1422 1518
f 1420 1515 1518
f 1421 1423 1521
f 1421 1519 1521
f 1422 1424 1520
f 1422 1518 1520
f 1423 1425 1521
f 1424 1426 1524
f 1424 1520 1522
f 1424 1522 1524
f 1425 1427 1525
f 1425 1521 1523
f 1425 1523 1525
f 1426 1428 1526
f 1426 1524 1526
f 1427 1430 1528
f 1427 1525 1528
f 1428 1431 1529
f 1428 1526 1529
f 1429 1430 1527
f 1429 1433 1527
f 1430 1527 1528
f 1431 1432 1435
f 1431 1434 1435
f 1431 1435 1531
f 1431 1529 1531
f 1433 1436 1533
f 1433 1527 1530
f 1433 1530 1533
f 1435 1437 1532
f 1435 1531 1532
f 1436 1438 1535
f 1436 1533 1535
f 1437 1439 1534
f 1437 1532 1534
f 1438 1440 1535
f 1439 1441 1538
f 1439 1534 1536
f 1439 1536 1538
f 1440 1442 1539
f 1440 1535 1537
f 1440 1537 1539
f 1441 1443 1538
f 1442 1444 1541
f 1442 1539 1541
f 1443 1445 1540
f 1443 1538 1540
f 1444 1446 1541
f 1445 1447 1542
f 1445 1540 1542
f 1446 1448 1545
f 1446 1541 1543
f 1446 1543 1545
f 1447 1449 1546
f 1447 1542 1544
f 1447 1544 1546
f 1448 1450 1545
f 1449 1451 1546
f 1450 1452 1547
f 1450 1545 1547
f 1451 1453 1550
f 1451 1546 1548
f 1451 1548 1550
f 1452 1454 1549
f 1452 1547 1549
f 1453 1455 1550
f 1454 1456 1553
f 1454 1549 1551
f 1454 1551 1553
f 1455 1457 1554
f 1455 1550 1552
f 1455 1552 1554
f 1456 1458 1553
f 1457 1459 1556
f 1457 1554 1556
f 1458 1460 1557
f 1458 1553 1555
f 1458 1555 1557
f 1459 1470 1556
f 1460 1461 1557
f 1461 1462 1472
f 1461 1471 1472
f 1461 1471 1560
f 1461 1557 1558
f 1461 1558 1560
f 1462 1463 1472
f 1463 1464 1474
f 1463 1472 1473
f 1463 1473 1474
f 1464 1465 1475
f 1464 1474 1475
f 1465 1466 1476
f 1465 1475 1476
f 1466 1467 1476
f 1467 1468 1477
f 1467 1476 1477
f 1468 1469 1478
f 1468 1477 1567
f 1468 1478 1567
f 1469 1470 1559
f 1469 1478 1479
f 1469 1479 1568
f 1469 1559 1568
f 1470 1556 1559
f 1471 1472 1561
f 1471 1560 1561
f 1472 1473 1561
f 1473 1474 1563
f 1473 1561 1562
f 1473 1562 1563
f 1474 1475 1564
f 1474 1563 1564
f 1475 1476 1565
f 1475 1564 1565
f 1476 1477 1566
f 1476 1565 1566
f 1477 1566 1567
f 1478 1479 1568
f 1478 1567 1568
f 1480 1481 1487
f 1480 1481 1590
f 1480 1487 1599
f 1480 1590 1599
f 1481 1482 1489
f 1481 1482 1592
f 1481 1487 1488
f 1481 1488 1489
f 1481 1590 1591
f 1481 1591 1592
f 1482 1483 1489
f 1482 1483 1593
f 1482 1592 1593
f 1483 1484 1491
f 1483 1484 1593
f 1483 1489 1490
f 1483 1490 1491
f 1484 1485 1492
f 1484 1485 1594
f 1484 1491 1492
f 1484 1593 1594
f 1485 1486 1492
f 1485 1486 1596
f 1485 1594 1595
f 1485 1595 1596
f 1486 1492 1493
f 1486 1493 1596
f 1487 1488 1495
f 1487 1494 1495
f 1487 1494 1599
f 1488 1489 1495
f 1489 1490 1496
f 1489 1495 1496
f 1490 1491 1497
f 1490 1496 1497
f 1491 1492 1498
f 1491 1497 1498
f 1492 1493 1499
f 1492 1498 1499
f 1493 1499 1500
f 1493 1500 1600
f 1493 1596 1600
f 1494 1495 1502
f 1494 1501 1502
f 1494 1501 1606
f 1494 1599 1603
f 1494 1603 1606
f 1495 1496 1502
f 1496 1497 1504
f 1496 1502 1503
f 1496 1503 1504
f 1497 1498 1504
f 1498 1499 1506
f 1498 1504 1505
f 1498 1505 1506
f 1499 1500 1507
f 1499 1506 1507
f 1500 1507 1607
f 1500 1600 1605
f 1500 1604 1605
f 1500 1604 1607
f 1501 1502 1510
f 1501 1509 1606
f 1502 1503 1510
f 1503 1504 1512
f 1503 1511 1512
f 1505 1506 1513
f 1506 1507 1514
f 1506 1513 1514
f 1507 1514 1515
f 1507 1515 1607
f 1508 1509 1609
f 1508 1516 1611
f 1508 1608 1609
f 1508 1608 1611
f 1509 1606 1609
f 1515 1517 1518
f 1515 1518 1613
f 1515 1607 1610
f 1515 1610 1612
f 1515 1612 1613
f 1516 1519 1614
f 1516 1611 1614
f 1518 1520 1615
f 1518 1613 1615
f 1519 1521 1614
f 1520 1522 1615
f 1521 1523 1618
f 1521 1614 1616
f 1521 1616 1618
f 1522 1524 1617
f 1522 1615 1617
f 1523 1525 1618
f 1524 1526 1619
f 1524 1617 1619
f 1525 1528 1623
f 1525 1618 1620
f 1525 1620 1623
f 1526 1529 1624
f 1526 1619 1621
f 1526 1621 1624
f 1527 1528 1622
f 1527 1530 1625
f 1527 1622 1625
f 1528 1622 1623
f 1529 1531 1624
f 1530 1533 1625
f 1531 1532 1627
f 1531 1624 1626
f 1531 1626 1627
f 1532 1534 1630
f 1532 1627 1630
f 1533 1535 1631
f 1533 1625 1628
f 1533 1628 1631
f 1534 1536 1630
f 1535 1537 1633
f 1535 1631 1633
f 1536 1538 1632
f 1536 1630 1632
f 1537 1539 1633
f 1538 1540 1634
f 1538 1632 1634
f 1539 1541 1637
f 1539 1633 1635
f 1539 1635 1637
f 1540 1542 1636
f 1540 1634 1636
f 1541 1543 1639
f 1541 1637 1639
f 1542 1544 1640
f 1542 1636 1638
f 1542 1638 1640
f 1543 1545 1639
f 1544 1546 1642
f 1544 1640 1642
f 1545 1547 1643
f 1545 1639 1641
f 1545 1641 1643
f 1546 1548 1644
f 1546 1642 1644
f 1547 1549 1645
f 1547 1643 1645
f 1548 1550 1644
f 1549 1551 1647
f 1549 1645 1647
f 1550 1552 1646
f 1550 1644 1646
f 1551 1553 1647
f 1552 1554 1648
f 1552 1646 1648
f 1553 1555 1651
f 1553 1647 1649
f 1553 1649 1651
f 1554 1556 1652
f 1554 1648 1650
f 1554 1650 1652
f 1555 1557 1651
f 1556 1559 1652
f 1557 1558 1560
f 1557 1560 1655
f 1557 1651 1653
f 1557 1653 1655
f 1559 1568 1569
f 1559 1569 1665
f 1559 1652 1654
f 1559 1654 1665
f 1560 1561 1657
f 1560 1655 1656
f 1560 1656 1657
f 1561 1562 1658
f 1561 1657 1658
f 1562 1563 1658
f 1563 1564 1660
f 1563 1658 1659
f 1563 1659 1660
f 1564 1565 1661
f 1564 1660 1661
f 1565 1566 1662
f 1565 1661 1662
f 1566 1567 1663
f 1566 1662 1663
f 1567 1568 1663
f 1568 1569 1664
f 1568 1663 1664
f 1569 1664 1665
f 1570 1571 1576
f 1570 1571 1684
f 1570 1576 1684
f 1571 1572 1577
f 1571 1572 1686
f 1571 1576 1577
f 1571 1684 1685
f 1571 1685 1686
f 1572 1573 1579
f 1572 1573 1687
f 1572 1577 1578
f 1572 1578 1579
f 1572 1679 1686
f 1572 1686 1687
f 1573 1574 1580
f 1573 1574 1688
f 1573 1579 1580
f 1573 1687 1688
f 1574 1580 1688
f 1575 1576 1582
f 1575 1576 1691
f 1575 1582 1691
f 1576 1577 1583
f 1576 1582 1583
f 1576 1684 1692
f 1576 1691 1692
f 1577 1578 1584
f 1577 1583 1584
f 1578 1579 1586
f 1578 1584 1585
f 1578 1585 1586
f 1579 1580 1587
f 1579 1586 1587
f 1580 1581 1587
f 1580 1581 1694
f 1580 1688 1693
f 1580 1693 1694
f 1581 1587 1588
f 1581 1588 1694
f 1582 1583 1591
f 1582 1590 1591
f 1582 1590 1697
f 1582 1691 1697
f 1583 1584 1592
f 1583 1591 1592
f 1584 1585 1593
f 1584 1592 1593
f 1585 1586 1594
f 1585 1593 1594
f 1586 1587 1595
f 1586 1594 1595
f 1587 1588 1595
f 1588 1595 1596
f 1588 1596 1698
f 1588 1694 1698
f 1589 1590 1598
f 1589 1590 1700
f 1589 1598 1700
f 1590 1598 1599
f 1590 1697 1701
f 1590 1700 1701
f 1596 1597 1601
f 1596 1597 1703
f 1596 1600 1601
f 1596 1698 1702
f 1596 1702 1703
f 1597 1601 1703
f 1598 1599 1602
f 1598 1602 1706
f 1598 1700 1704
f 1598 1704 1706
f 1599 1602 1603
f 1600 1601 1605
f 1601 1605 1709
f 1601 1703 1705
f 1601 1705 1709
f 1602 1603 1706
f 1603 1606 1707
f 1603 1706 1707
f 1604 1605 1708
f 1604 1607 1711
f 1604 1708 1711
f 1605 1708 1709
f 1606 1609 1713
f 1606 1707 1710
f 1606 1710 1713
f 1607 1610 1714
f 1607 1711 1714
f 1608 1609 1611
f 1608 1609 1713
f 1608 1611 1715
f 1608 1713 1715
f 1610 1612 1714
f 1611 1614 1719
f 1611 1715 1719
f 1612 1613 1717
f 1612 1714 1717
f 1613 1615 1720
f 1613 1717 1718
f 1613 1718 1720
f 1614 1616 1721
f 1614 1719 1721
f 1615 1617 1720
f 1616 1618 1723
f 1616 1721 1723
f 1617 1619 1722
f 1617 1720 1722
f 1618 1620 1723
f 1619 1621 1724
f 1619 1722 1724
f 1620 1623 1728
f 1620 1723 1725
f 1620 1725 1728
f 1621 1624 1726
f 1621 1724 1726
f 1622 1623 1728
f 1622 1625 1730
f 1622 1728 1730
f 1624 1626 1732
f 1624 1726 1729
f 1624 1729 1732
f 1625 1628 1730
f 1626 1627 1629
f 1626 1629 1734
f 1626 1732 1734
f 1627 1629 1630
f 1628 1631 1733
f 1628 1730 1733
f 1629 1630 1735
f 1629 1734 1735
f 1630 1632 1735
f 1631 1633 1739
f 1631 1733 1736
f 1631 1736 1739
f 1632 1634 1738
f 1632 1735 1738
f 1633 1635 1739
f 1634 1636 1740
f 1634 1738 1740
f 1635 1637 1743
f 1635 1739 1741
f 1635 1741 1743
f 1636 1638 1744
f 1636 1740 1742
f 1636 1742 1744
f 1637 1639 1745
f 1637 1743 1745
f 1638 1640 1744
f 1639 1641 1745
f 1640 1642 1746
f 1640 1744 1746
f 1641 1643 1747
f 1641 1745 1747
f 1642 1644 1750
f 1642 1746 1748
f 1642 1748 1750
f 1643 1645 1749
f 1643 1747 1749
f 1644 1646 1750
f 1645 1647 1753
f 1645 1749 1751
f 1645 1751 1753
f 1646 1648 1752
f 1646 1750 1752
f 1647 1649 1755
f 1647 1753 1755
f 1648 1650 1756
f 1648 1752 1754
f 1648 1754 1756
f 1649 1651 1757
f 1649 1755 1757
f 1650 1652 1756
f 1651 1653 1757
f 1652 1654 1760
f 1652 1756 1758
f 1652 1758 1760
f 1653 1655 1761
f 1653 1757 1759
f 1653 1759 1761
f 1654 1665 1768
f 1654 1760 1768
f 1655 1656 1761
f 1656 1657 1667
f 1656 1666 1667
f 1656 1666 1769
f 1656 1761 1762
f 1656 1762 1769
f 1657 1658 1668
f 1657 1667 1668
f 1658 1659 1669
f 1658 1668 1669
f 1659 1660 1670
f 1659 1669 1670
f 1660 1661 1763
f 1660 1670 1773
f 1660 1763 1773
f 1661 1662 1764
f 1661 1763 1774
f 1661 1764 1774
f 1662 1663 1766
f 1662 1764 1765
f 1662 1765 1766
f 1663 1664 1766
f 1663 1766 1776
f 1664 1665 1768
f 1664 1766 1767
f 1664 1767 1768
f 1664 1767 1777
f 1666 1667 1769
f 1667 1668 1771
f 1667 1769 1770
f 1667 1770 1771
f 1668 1669 1772
f 1668 1771 1772
f 1669 1670 1773
f 1669 1772 1773
f 1671 1672 1678
f 1671 1672 1792
f 1671 1677 1678
f 1671 1677 1791
f 1671 1791 1792
f 1672 1673 1678
f 1672 1673 1792
f 1673 1674 1680
f 1673 1674 1794
f 1673 1678 1679
f 1673 1679 1680
f 1673 1792 1793
f 1673 1793 1794
f 1674 1675 1681
f 1674 1675 1795
f 1674 1680 1681
f 1674 1794 1795
f 1675 1681 1795
f 1676 1677 1683
f 1676 1677 1798
f 1676 1683 1803
f 1676 1797 1798
f 1676 1797 1803
f 1677 1678 1685
f 1677 1683 1684
f 1677 1684 1685
f 1677 1791 1798
f 1678 1679 1685
f 1679 1680 1687
f 1679 1685 1686
f 1679 1686 1687
f 1680 1681 1687
f 1681 1682 1689
f 1681 1682 1800
f 1681 1687 1688
f 1681 1688 1689
f 1681 1795 1799
f 1681 1799 1800
f 1682 1689 1800
f 1683 1684 1691
f 1683 1691 1803
f 1684 1691 1692
f 1688 1689 1694
f 1688 1693 1694
f 1689 1694 1804
f 1689 1800 1804
f 1690 1691 1697
f 1690 1691 1807
f 1690 1697 1810
f 1690 1806 1807
f 1690 1806 1810
f 1691 1803 1807
f 1694 1695 1699
f 1694 1695 1809
f 1694 1698 1699
f 1694 1804 1808
f 1694 1808 1809
f 1695 1699 1809
f 1696 1697 1701
f 1696 1697 1810
f 1696 1700 1701
f 1696 1700 1812
f 1696 1810 1812
f 1698 1699 1702
f 1699 1702 1703
f 1699 1703 1813
f 1699 1809 1811
f 1699 1811 1813
f 1700 1704 1814
f 1700 1812 1814
f 1703 1705 1813
f 1704 1706 1816
f 1704 1814 1816
f 1705 1709 1815
f 1705 1813 1815
f 1706 1707 1710
f 1706 1710 1818
f 1706 1816 1818
f 1708 1709 1711
f 1709 1711 1712
f 1709 1712 1821
f 1709 1815 1817
f 1709 1817 1821
f 1710 1713 1822
f 1710 1818 1819
f 1710 1819 1822
f 1711 1712 1820
f 1711 1714 1820
f 1712 1820 1821
f 1713 1715 1716
f 1713 1716 1822
f 1714 1717 1823
f 1714 1820 1823
f 1715 1716 1824
f 1715 1719 1824
f 1716 1822 1825
f 1716 1824 1825
f 1717 1718 1826
f 1717 1823 1826
f 1718 1720 1827
f 1718 1826 1827
f 1719 1721 1830
f 1719 1824 1828
f 1719 1828 1830
f 1720 1722 1831
f 1720 1827 1829
f 1720 1829 1831
f 1721 1723 1832
f 1721 1830 1832
f 1722 1724 1833
f 1722 1831 1833
f 1723 1725 1832
f 1724 1726 1835
f 1724 1833 1835
f 1725 1728 1836
f 1725 1832 1834
f 1725 1834 1836
f 1726 1729 1835
f 1727 1728 1730
f 1728 1730 1731
f 1728 1731 1839
f 1728 1836 1839
f 1729 1732 1840
f 1729 1835 1837
f 1729 1837 1840
f 1730 1731 1839
f 1730 1733 1841
f 1730 1838 1839
f 1730 1838 1841
f 1732 1734 1840
f 1733 1736 1843
f 1733 1841 1843
f 1734 1735 1738
f 1734 1737 1738
f 1734 1737 1844
f 1734 1840 1842
f 1734 1842 1844
f 1736 1739 1846
f 1736 1843 1846
f 1737 1738 1844
f 1738 1740 1845
f 1738 1844 1845
f 1739 1741 1849
f 1739 1846 1849
f 1740 1742 1850
f 1740 1845 1848
f 1740 1848 1850
f 1741 1743 1849
f 1742 1744 1850
f 1743 1745 1853
f 1743 1849 1851
f 1743 1851 1853
f 1744 1746 1852
f 1744 1850 1852
f 1745 1747 1855
f 1745 1853 1855
f 1746 1748 1854
f 1746 1852 1854
f 1747 1749 1855
f 1748 1750 1856
f 1748 1854 1856
f 1749 1751 1857
f 1749 1855 1857
f 1750 1752 1858
f 1750 1856 1858
f 1751 1753 1859
f 1751 1857 1859
f 1752 1754 1860
f 1752 1858 1860
f 1753 1755 1863
f 1753 1859 1861
f 1753 1861 1863
f 1754 1756 1864
f 1754 1860 1862
f 1754 1862 1864
f 1755 1757 1863
f 1756 1758 1864
f 1757 1759 1867
f 1757 1863 1865
f 1757 1865 1867
f 1758 1760 1866
f 1758 1864 1866
f 1759 1761 1869
f 1759 1867 1869
f 1760 1768 1868
f 1760 1866 1868
f 1761 1762 1869
f 1762 1769 1873
f 1762 1869 1870
f 1762 1870 1873
f 1763 1773 1774
f 1764 1765 1774
f 1765 1766 1775
f 1765 1774 1775
f 1766 1767 1777
f 1766 1775 1776
f 1766 1776 1777
f 1767 1768 1777
f 1768 1777 1778
f 1768 1778 1882
f 1768 1868 1871
f 1768 1871 1882
f 1769 1770 1874
f 1769 1873 1874
f 1770 1771 1875
f 1770 1874 1875
f 1771 1772 1876
f 1771 1875 1876
f 1772 1773 1876
f 1773 1774 1877
f 1773 1876 1877
f 1774 1775 1878
f 1774 1877 1878
f 1775 1776 1879
f 1775 1878 1879
f 1776 1777 1881
f 1776 1879 1880
f 1776 1880 1881
f 1777 1778 1881
f 1778 1881 1882
f 1779 1780 1784
f 1779 1780 1896
f 1779 1784 1895
f 1779 1895 1896
f 1780 1781 1785
f 1780 1781 1897
f 1780 1784 1785
f 1780 1896 1897
f 1781 1782 1787
f 1781 1782 1898
f 1781 1785 1786
f 1781 1786 1787
f 1781 1897 1898
f 1782 1783 1788
f 1782 1783 1899
f 1782 1787 1788
f 1782 1898 1899
f 1783 1788 1899
f 1784 1785 1791
f 1784 1791 1906
f 1784 1895 1902
f 1784 1902 1906
f 1785 1786 1792
f 1785 1791 1792
f 1786 1787 1794
f 1786 1792 1793
f 1786 1793 1794
f 1787 1788 1795
f 1787 1794 1795
f 1788 1789 1795
f 1788 1789 1904
f 1788 1899 1903
f 1788 1903 1904
f 1789 1795 1796
f 1789 1796 1907
f 1789 1904 1907
f 1790 1791 1797
f 1790 1791 1906
f 1790 1797 1906
f 1791 1797 1798
f 1795 1796 1799
f 1796 1799 1800
f 1796 1800 1907
f 1797 1803 1910
f 1797 1906 1910
f 1800 1801 1804
f 1800 1801 1912
f 1800 1907 1911
f 1800 1911 1912
f 1801 1804 1805
f 1801 1805 1912
f 1802 1803 1807
f 1802 1803 1913
f 1802 1806 1807
f 1802 1806 1916
f 1802 1913 1916
f 1803 1910 1914
f 1803 1913 1914
f 1804 1805 1809
f 1804 1808 1809
f 1805 1809 1915
f 1805 1912 1915
f 1806 1810 1918
f 1806 1916 1918
f 1809 1811 1917
f 1809 1915 1917
f 1810 1812 1918
f 1811 1813 1921
f 1811 1917 1919
f 1811 1919 1921
f 1812 1814 1920
f 1812 1918 1920
f 1813 1815 1921
f 1814 1816 1924
f 1814 1920 1922
f 1814 1922 1924
f 1815 1817 1923
f 1815 1921 1923
f 1816 1818 1926
f 1816 1924 1926
f 1817 1820 1821
f 1817 1821 1925
f 1817 1923 1925
f 1818 1819 1926
f 1819 1822 1927
f 1819 1926 1927
f 1820 1821 1929
f 1820 1823 1932
f 1820 1928 1929
f 1820 1928 1932
f 1821 1925 1929
f 1822 1825 1934
f 1822 1927 1931
f 1822 1931 1934
f 1823 1826 1932
f 1824 1825 1934
f 1824 1828 1936
f 1824 1933 1934
f 1824 1933 1936
f 1826 1827 1829
f 1826 1829 1938
f 1826 1932 1935
f 1826 1935 1938
f 1828 1830 1936
f 1829 1831 1939
f 1829 1938 1939
f 1830 1832 1942
f 1830 1936 1940
f 1830 1940 1942
f 1831 1833 1943
f 1831 1939 1941
f 1831 1941 1943
f 1832 1834 1944
f 1832 1942 1944
f 1833 1835 1945
f 1833 1943 1945
f 1834 1836 1944
f 1835 1837 1947
f 1835 1945 1947
f 1836 1839 1949
f 1836 1944 1946
f 1836 1946 1949
f 1837 1840 1950
f 1837 1947 1950
f 1838 1839 1949
f 1838 1841 1951
f 1838 1948 1949
f 1838 1948 1951
f 1840 1842 1952
f 1840 1950 1952
f 1841 1843 1951
f 1842 1844 1952
f 1843 1846 1955
f 1843 1951 1953
f 1843 1953 1955
f 1844 1845 1848
f 1844 1847 1848
f 1844 1847 1956
f 1844 1952 1954
f 1844 1954 1956
f 1846 1849 1958
f 1846 1955 1958
f 1847 1848 1956
f 1848 1850 1959
f 1848 1956 1957
f 1848 1957 1959
f 1849 1851 1960
f 1849 1958 1960
f 1850 1852 1959
f 1851 1853 1960
f 1852 1854 1961
f 1852 1959 1961
f 1853 1855 1962
f 1853 1960 1962
f 1854 1856 1965
f 1854 1961 1963
f 1854 1963 1965
f 1855 1857 1966
f 1855 1962 1964
f 1855 1964 1966
f 1856 1858 1967
f 1856 1965 1967
f 1857 1859 1966
f 1858 1860 1967
f 1859 1861 1970
f 1859 1966 1968
f 1859 1968 1970
f 1860 1862 1969
f 1860 1967 1969
f 1861 1863 1970
f 1862 1864 1971
f 1862 1969 1971
f 1863 1865 1974
f 1863 1970 1972
f 1863 1972 1974
f 1864 1866 1975
f 1864 1971 1973
f 1864 1973 1975
f 1865 1867 1976
f 1865 1974 1976
f 1866 1868 1975
f 1867 1869 1976
f 1868 1871 1977
f 1868 1975 1977
f 1869 1870 1873
f 1869 1872 1873
f 1869 1872 1978
f 1869 1976 1978
f 1871 1881 1882
f 1871 1882 1990
f 1871 1977 1979
f 1871 1979 1990
f 1872 1873 1978
f 1873 1874 1981
f 1873 1978 1981
f 1874 1875 1982
f 1874 1981 1982
f 1875 1876 1984
f 1875 1982 1983
f 1875 1983 1984
f 1876 1877 1984
f 1877 1878 1985
f 1877 1984 1985
f 1878 1879 1987
f 1878 1985 1986
f 1878 1986 1987
f 1879 1880 1987
f 1880 1881 1988
f 1880 1987 1988
f 1881 1882 1990
f 1881 1988 1989
f 1881 1989 1990
f 1883 1884 1889
f 1883 1884 2008
f 1883 1888 1889
f 1883 1888 2008
f 1884 1885 1890
f 1884 1885 2009
f 1884 1889 1890
f 1884 2008 2009
f 1885 1886 1890
f 1885 1886 2011
f 1885 2004 2009
f 1885 2004 2010
f 1885 2010 2011
f 1886 1887 1891
f 1886 1887 2012
f 1886 1890 1891
f 1886 2011 2012
f 1887 1891 1892
f 1887 1892 2012
f 1888 1889 1895
f 1888 1895 2018
f 1888 2008 2015
f 1888 2015 2018
f 1889 1890 1896
f 1889 1895 1896
f 1890 1891 1897
f 1890 1896 1897
f 1891 1892 1899
f 1891 1897 1898
f 1891 1898 1899
f 1892 1893 1899
f 1892 1893 2017
f 1892 2012 2016
f 1892 2016 2017
f 1893 1899 1900
f 1893 1900 2019
f 1893 2017 2019
f 1894 1895 1901
f 1894 1895 2018
f 1894 1901 2018
f 1895 1901 1902
f 1899 1900 1903
f 1900 1903 1904
f 1900 1904 2023
f 1900 2019 2023
f 1901 1902 1906
f 1901 1906 2026
f 1901 2018 2022
f 1901 2022 2026
f 1904 1907 2027
f 1904 2023 2027
f 1905 1906 1909
f 1905 1906 2025
f 1905 1909 2029
f 1905 2025 2029
f 1906 1909 1910
f 1906 2025 2026
f 1907 1908 1912
f 1907 1908 2028
f 1907 1911 1912
f 1907 2027 2028
f 1908 1912 2030
f 1908 2028 2030
f 1909 1910 1913
f 1909 1913 2031
f 1909 2029 2031
f 1910 1913 1914
f 1912 1915 2032
f 1912 2030 2032
f 1913 1916 2033
f 1913 2031 2033
f 1915 1917 2034
f 1915 2032 2034
f 1916 1918 2033
f 1917 1919 2034
f 1918 1920 2037
f 1918 2033 2035
f 1918 2035 2037
f 1919 1921 2038
f 1919 2034 2036
f 1919 2036 2038
f 1920 1922 2039
f 1920 2037 2039
f 1921 1923 2040
f 1921 2038 2040
f 1922 1924 2041
f 1922 2039 2041
f 1923 1925 2040
f 1924 1926 2043
f 1924 2041 2043
f 1925 1929 2045
f 1925 2040 2042
f 1925 2042 2045
f 1926 1927 1931
f 1926 1930 1931
f 1926 1930 2046
f 1926 2043 2046
f 1928 1929 2045
f 1928 1932 2048
f 1928 2044 2045
f 1928 2044 2048
f 1930 1931 2046
f 1931 1934 2047
f 1931 2046 2047
f 1932 1935 2050
f 1932 2048 2050
f 1933 1934 1937
f 1933 1936 1937
f 1934 1937 2052
f 1934 2047 2049
f 1934 2049 2052
f 1935 1938 2050
f 1936 1937 2052
f 1936 1940 2055
f 1936 2051 2052
f 1936 2051 2055
f 1938 1939 2053
f 1938 2050 2053
f 1939 1941 2057
f 1939 2053 2054
f 1939 2054 2057
f 1940 1942 2055
f 1941 1943 2057
f 1942 1944 2060
f 1942 2055 2058
f 1942 2058 2060
f 1943 1945 2059
f 1943 2057 2059
f 1944 1946 2062
f 1944 2060 2062
f 1945 1947 2063
f 1945 2059 2061
f 1945 2061 2063
f 1946 1949 2062
f 1947 1950 2066
f 1947 2063 2066
f 1948 1949 2064
f 1948 1951 2067
f 1948 2064 2067
f 1949 2062 2065
f 1949 2064 2065
f 1950 1952 2066
f 1951 1953 2067
f 1952 1954 2068
f 1952 2066 2068
f 1953 1955 2069
f 1953 2067 2069
f 1954 1956 2072
f 1954 2068 2070
f 1954 2070 2072
f 1955 1958 2071
f 1955 2069 2071
f 1956 1957 1959
f 1956 1959 2072
f 1958 1960 2076
f 1958 2071 2073
f 1958 2073 2076
f 1959 1961 2077
f 1959 2072 2075
f 1959 2075 2077
f 1960 1962 2076
f 1961 1963 2077
f 1962 1964 2078
f 1962 2076 2078
f 1963 1965 2081
f 1963 2077 2079
f 1963 2079 2081
f 1964 1966 2082
f 1964 2078 2080
f 1964 2080 2082
f 1965 1967 2083
f 1965 2081 2083
f 1966 1968 2084
f 1966 2082 2084
f 1967 1969 2083
f 1968 1970 2084
f 1969 1971 2085
f 1969 2083 2085
f 1970 1972 2088
f 1970 2084 2086
f 1970 2086 2088
f 1971 1973 2089
f 1971 2085 2087
f 1971 2087 2089
f 1972 1974 2090
f 1972 2088 2090
f 1973 1975 2089
f 1974 1976 2090
f 1975 1977 2093
f 1975 2089 2091
f 1975 2091 2093
f 1976 1978 2094
f 1976 2090 2092
f 1976 2092 2094
f 1977 1979 2093
f 1978 1980 1981
f 1978 1981 2098
f 1978 2094 2098
f 1979 1990 2107
f 1979 2093 2097
f 1979 2096 2097
f 1979 2096 2107
f 1981 1982 2100
f 1981 2098 2099
f 1981 2099 2100
f 1982 1983 1991
f 1982 1991 2100
f 1983 1984 2101
f 1983 1991 1992
f 1983 1992 2101
f 1984 1985 2103
f 1984 2101 2102
f 1984 2102 2103
f 1985 1986 1993
f 1985 1993 1994
f 1985 1994 2103
f 1986 1987 1994
f 1986 1987 1995
f 1986 1987 2105
f 1986 1993 1994
f 1986 1994 1995
f 1986 1994 2104
f 1986 2104 2105
f 1987 1988 2106
f 1987 1994 1995
f 1987 2105 2106
f 1988 1989 2107
f 1988 2106 2107
f 1989 1990 2107
f 1991 1992 2101
f 1991 2100 2101
f 1994 2103 2104
f 1996 1999 2118
f 1996 1999 2124
f 1996 2118 2124
f 1997 1998 2003
f 1997 1998 2123
f 1997 2002 2003
f 1997 2002 2129
f 1997 2122 2123
f 1997 2122 2129
f 1998 1999 2004
f 1998 1999 2123
f 1998 2003 2004
f 1999 2000 2005
f 1999 2000 2118
f 1999 2004 2005
f 1999 2123 2124
f 2000 2001 2005
f 2000 2001 2126
f 2000 2118 2125
f 2000 2125 2126
f 2001 2005 2006
f 2001 2006 2126
f 2002 2003 2008
f 2002 2008 2128
f 2002 2128 2129
f 2003 2004 2009
f 2003 2008 2009
f 2004 2005 2010
f 2005 2006 2011
f 2005 2010 2011
f 2006 2011 2012
f 2006 2012 2013
f 2006 2013 2131
f 2006 2126 2130
f 2006 2130 2131
f 2007 2008 2014
f 2007 2008 2132
f 2007 2014 2132
f 2008 2014 2015
f 2008 2128 2132
f 2012 2013 2017
f 2012 2016 2017
f 2013 2017 2133
f 2013 2131 2133
f 2014 2015 2018
f 2014 2018 2135
f 2014 2132 2135
f 2017 2019 2136
f 2017 2133 2136
f 2018 2022 2139
f 2018 2135 2139
f 2018 2138 2139
f 2019 2020 2024
f 2019 2020 2141
f 2019 2023 2024
f 2019 2136 2140
f 2019 2140 2141
f 2020 2024 2143
f 2020 2141 2143
f 2021 2022 2025
f 2021 2022 2142
f 2021 2025 2144
f 2021 2142 2144
f 2022 2025 2026
f 2022 2139 2142
f 2023 2024 2028
f 2023 2027 2028
f 2024 2028 2145
f 2024 2143 2145
f 2025 2029 2144
f 2028 2030 2147
f 2028 2145 2147
f 2029 2031 2148
f 2029 2144 2146
f 2029 2146 2148
f 2030 2032 2147
f 2031 2033 2151
f 2031 2148 2151
f 2032 2034 2149
f 2032 2147 2149
f 2033 2035 2154
f 2033 2151 2154
f 2034 2036 2155
f 2034 2149 2152
f 2034 2152 2155
f 2035 2037 2154
f 2036 2038 2157
f 2036 2155 2157
f 2037 2039 2158
f 2037 2154 2156
f 2037 2156 2158
f 2038 2040 2157
f 2039 2041 2160
f 2039 2158 2160
f 2040 2042 2159
f 2040 2157 2159
f 2041 2043 2160
f 2042 2045 2164
f 2042 2159 2161
f 2042 2161 2164
f 2043 2046 2162
f 2043 2160 2162
f 2044 2045 2164
f 2044 2048 2163
f 2044 2163 2164
f 2046 2047 2165
f 2046 2162 2165
f 2047 2049 2168
f 2047 2165 2168
f 2048 2050 2169
f 2048 2163 2166
f 2048 2166 2169
f 2049 2052 2171
f 2049 2168 2171
f 2050 2053 2172
f 2050 2169 2172
f 2051 2052 2170
f 2051 2055 2170
f 2052 2170 2171
f 2053 2054 2057
f 2053 2056 2057
f 2053 2056 2172
f 2055 2058 2173
f 2055 2170 2173
f 2056 2057 2174
f 2056 2172 2174
f 2057 2059 2175
f 2057 2174 2175
f 2058 2060 2178
f 2058 2173 2176
f 2058 2176 2178
f 2059 2061 2177
f 2059 2175 2177
f 2060 2062 2180
f 2060 2178 2180
f 2061 2063 2181
f 2061 2177 2179
f 2061 2179 2181
f 2062 2065 2183
f 2062 2180 2183
f 2063 2066 2181
f 2064 2065 2183
f 2064 2067 2185
f 2064 2182 2183
f 2064 2182 2185
f 2066 2068 2184
f 2066 2181 2184
f 2067 2069 2187
f 2067 2185 2187
f 2068 2070 2186
f 2068 2184 2186
f 2069 2071 2189
f 2069 2187 2189
f 2070 2072 2188
f 2070 2186 2188
f 2071 2073 2191
f 2071 2189 2191
f 2072 2074 2075
f 2072 2074 2192
f 2072 2188 2190
f 2072 2190 2192
f 2073 2076 2194
f 2073 2191 2194
f 2074 2075 2193
f 2074 2192 2193
f 2075 2077 2196
f 2075 2193 2196
f 2076 2078 2194
f 2077 2079 2198
f 2077 2196 2198
f 2078 2080 2197
f 2078 2194 2197
f 2079 2081 2198
f 2080 2082 2199
f 2080 2197 2199
f 2081 2083 2200
f 2081 2198 2200
f 2082 2084 2203
f 2082 2199 2201
f 2082 2201 2203
f 2083 2085 2204
f 2083 2200 2202
f 2083 2202 2204
f 2084 2086 2205
f 2084 2203 2205
f 2085 2087 2206
f 2085 2204 2206
f 2086 2088 2207
f 2086 2205 2207
f 2087 2089 2206
f 2088 2090 2207
f 2089 2091 2208
f 2089 2206 2208
f 2090 2092 2209
f 2090 2207 2209
f 2091 2093 2213
f 2091 2208 2210
f 2091 2210 2213
f 2092 2094 2214
f 2092 2209 2211
f 2092 2211 2214
f 2093 2097 2219
f 2093 2213 2219
f 2094 2095 2099
f 2094 2095 2215
f 2094 2098 2099
f 2094 2214 2215
f 2095 2099 2215
f 2096 2097 2218
f 2096 2107 2228
f 2096 2218 2228
f 2097 2218 2219
f 2099 2100 2221
f 2099 2215 2220
f 2099 2220 2221
f 2100 2101 2221
f 2101 2102 2223
f 2101 2221 2222
f 2101 2222 2223
f 2102 2103 2223
f 2103 2104 2225
f 2103 2223 2224
f 2103 2224 2225
f 2104 2105 2225
f 2105 2106 2227
f 2105 2225 2226
f 2105 2226 2227
f 2106 2107 2228
f 2106 2227 2228
f 2108 2109 2113
f 2108 2109 2240
f 2108 2112 2113
f 2108 2112 2239
f 2108 2239 2240
f 2109 2110 2113
f 2109 2110 2240
f 2110 2113 2114
f 2110 2114 2241
f 2110 2114 2247
f 2110 2240 2241
f 2110 2241 2247
f 2111 2112 2116
f 2111 2112 2245
f 2111 2116 2245
f 2112 2113 2118
f 2112 2116 2117
f 2112 2117 2118
f 2112 2239 2246
f 2112 2245 2246
f 2113 2114 2118
f 2114 2115 2119
f 2114 2115 2248
f 2114 2118 2119
f 2114 2247 2248
f 2115 2119 2120
f 2115 2120 2248
f 2116 2117 2122
f 2116 2122 2250
f 2116 2245 2251
f 2116 2250 2251
f 2117 2118 2123
f 2117 2122 2123
f 2118 2119 2125
f 2118 2123 2124
f 2119 2120 2126
f 2119 2125 2126
f 2120 2126 2127
f 2120 2127 2253
f 2120 2248 2252
f 2120 2252 2253
f 2121 2122 2128
f 2121 2122 2254
f 2121 2128 2257
f 2121 2254 2257
f 2122 2128 2129
f 2122 2250 2254
f 2126 2127 2131
f 2126 2130 2131
f 2127 2131 2255
f 2127 2253 2255
f 2128 2132 2257
f 2131 2133 2258
f 2131 2255 2258
f 2132 2135 2261
f 2132 2257 2261
f 2133 2136 2266
f 2133 2258 2262
f 2133 2262 2266
f 2134 2135 2139
f 2134 2135 2264
f 2134 2138 2139
f 2134 2138 2267
f 2134 2264 2267
f 2135 2261 2265
f 2135 2264 2265
f 2136 2137 2141
f 2136 2137 2266
f 2136 2140 2141
f 2137 2141 2268
f 2137 2266 2268
f 2138 2139 2142
f 2138 2142 2267
f 2141 2143 2268
f 2142 2144 2269
f 2142 2267 2269
f 2143 2145 2270
f 2143 2268 2270
f 2144 2146 2271
f 2144 2269 2271
f 2145 2147 2274
f 2145 2270 2272
f 2145 2272 2274
f 2146 2148 2273
f 2146 2271 2273
f 2147 2149 2276
f 2147 2274 2276
f 2148 2151 2275
f 2148 2273 2275
f 2149 2152 2279
f 2149 2276 2279
f 2150 2151 2154
f 2150 2151 2277
f 2150 2153 2154
f 2150 2153 2277
f 2151 2275 2278
f 2151 2277 2278
f 2152 2155 2282
f 2152 2279 2282
f 2153 2154 2280
f 2153 2277 2280
f 2154 2156 2284
f 2154 2280 2281
f 2154 2281 2284
f 2155 2157 2282
f 2156 2158 2286
f 2156 2284 2286
f 2157 2159 2287
f 2157 2282 2285
f 2157 2285 2287
f 2158 2160 2288
f 2158 2286 2288
f 2159 2161 2289
f 2159 2287 2289
f 2160 2162 2290
f 2160 2288 2290
f 2161 2164 2291
f 2161 2289 2291
f 2162 2165 2290
f 2163 2164 2166
f 2164 2166 2293
f 2164 2291 2293
f 2165 2167 2168
f 2165 2167 2292
f 2165 2290 2292
f 2166 2169 2293
f 2167 2168 2295
f 2167 2292 2295
f 2168 2171 2296
f 2168 2295 2296
f 2169 2172 2297
f 2169 2293 2297
f 2170 2171 2173
f 2171 2173 2300
f 2171 2296 2298
f 2171 2298 2300
f 2172 2174 2302
f 2172 2297 2299
f 2172 2299 2302
f 2173 2176 2304
f 2173 2300 2304
f 2174 2175 2302
f 2175 2177 2306
f 2175 2302 2303
f 2175 2303 2306
f 2176 2178 2304
f 2177 2179 2306
f 2178 2180 2309
f 2178 2304 2307
f 2178 2307 2309
f 2179 2181 2308
f 2179 2306 2308
f 2180 2183 2309
f 2181 2184 2310
f 2181 2308 2310
f 2182 2183 2185
f 2183 2185 2311
f 2183 2309 2312
f 2183 2311 2312
f 2184 2186 2316
f 2184 2310 2313
f 2184 2313 2316
f 2185 2187 2314
f 2185 2311 2314
f 2186 2188 2318
f 2186 2316 2318
f 2187 2189 2317
f 2187 2314 2317
f 2188 2190 2320
f 2188 2318 2320
f 2189 2191 2321
f 2189 2317 2319
f 2189 2319 2321
f 2190 2192 2320
f 2191 2194 2323
f 2191 2321 2323
f 2192 2193 2196
f 2192 2195 2196
f 2192 2195 2324
f 2192 2320 2322
f 2192 2322 2324
f 2194 2197 2326
f 2194 2323 2326
f 2195 2196 2324
f 2196 2198 2328
f 2196 2324 2325
f 2196 2325 2328
f 2197 2199 2329
f 2197 2326 2329
f 2198 2200 2328
f 2199 2201 2329
f 2200 2202 2332
f 2200 2328 2330
f 2200 2330 2332
f 2201 2203 2331
f 2201 2329 2331
f 2202 2204 2332
f 2203 2205 2335
f 2203 2331 2333
f 2203 2333 2335
f 2204 2206 2336
f 2204 2332 2334
f 2204 2334 2336
f 2205 2207 2335
f 2206 2208 2338
f 2206 2336 2338
f 2207 2209 2339
f 2207 2335 2337
f 2207 2337 2339
f 2208 2210 2340
f 2208 2338 2340
f 2209 2211 2339
f 2210 2213 2340
f 2211 2214 2345
f 2211 2339 2341
f 2211 2341 2345
f 2212 2213 2218
f 2212 2213 2343
f 2212 2218 2348
f 2212 2343 2348
f 2213 2218 2219
f 2213 2340 2344
f 2213 2343 2344
f 2214 2215 2345
f 2215 2216 2220
f 2215 2216 2345
f 2216 2220 2221
f 2216 2221 2346
f 2216 2345 2346
f 2217 2218 2227
f 2217 2218 2347
f 2217 2227 2355
f 2217 2347 2355
f 2218 2227 2228
f 2218 2347 2348
f 2221 2222 2349
f 2221 2346 2349
f 2222 2223 2351
f 2222 2349 2350
f 2222 2350 2351
f 2223 2224 2351
f 2224 2225 2353
f 2224 2351 2352
f 2224 2352 2353
f 2225 2226 2353
f 2226 2227 2354
f 2226 2353 2354
f 2227 2354 2355
f 2229 2230 2234
f 2229 2230 2372
f 2229 2233 2234
f 2229 2233 2377
f 2229 2370 2371
f 2229 2370 2377
f 2229 2371 2372
f 2230 2231 2235
f 2230 2231 2373
f 2230 2234 2235
f 2230 2372 2373
f 2231 2235 2374
f 2231 2373 2374
f 2232 2233 2239
f 2232 2233 2377
f 2232 2238 2239
f 2232 2238 2377
f 2233 2234 2239
f 2234 2235 2240
f 2234 2239 2240
f 2235 2236 2241
f 2235 2236 2378
f 2235 2240 2241
f 2235 2374 2378
f 2236 2241 2242
f 2236 2242 2378
f 2237 2238 2245
f 2237 2238 2380
f 2237 2244 2245
f 2237 2244 2380
f 2238 2239 2245
f 2238 2377 2381
f 2238 2380 2381
f 2239 2245 2246
f 2241 2242 2248
f 2241 2247 2248
f 2242 2243 2249
f 2242 2243 2383
f 2242 2248 2249
f 2242 2378 2382
f 2242 2382 2383
f 2243 2249 2385
f 2243 2383 2385
f 2244 2245 2250
f 2244 2250 2387
f 2244 2380 2384
f 2244 2384 2387
f 2245 2250 2251
f 2248 2249 2253
f 2248 2252 2253
f 2249 2253 2388
f 2249 2385 2388
f 2250 2254 2387
f 2253 2255 2388
f 2254 2257 2390
f 2254 2387 2390
f 2255 2258 2395
f 2255 2388 2391
f 2255 2391 2395
f 2256 2257 2260
f 2256 2257 2393
f 2256 2260 2393
f 2257 2260 2261
f 2257 2390 2394
f 2257 2393 2394
f 2258 2259 2263
f 2258 2259 2396
f 2258 2262 2263
f 2258 2395 2396
f 2259 2263 2398
f 2259 2396 2398
f 2260 2261 2264
f 2260 2264 2397
f 2260 2393 2397
f 2261 2264 2265
f 2262 2263 2266
f 2263 2266 2400
f 2263 2398 2400
f 2264 2267 2399
f 2264 2397 2399
f 2266 2268 2400
f 2267 2269 2401
f 2267 2399 2401
f 2268 2270 2402
f 2268 2400 2402
f 2269 2271 2405
f 2269 2401 2403
f 2269 2403 2405
f 2270 2272 2406
f 2270 2402 2404
f 2270 2404 2406
f 2271 2273 2405
f 2272 2274 2406
f 2273 2275 2407
f 2273 2405 2407
f 2274 2276 2410
f 2274 2406 2408
f 2274 2408 2410
f 2275 2278 2412
f 2275 2407 2409
f 2275 2409 2412
f 2276 2279 2410
f 2277 2278 2411
f 2277 2280 2414
f 2277 2411 2414
f 2278 2411 2412
f 2279 2282 2415
f 2279 2410 2413
f 2279 2413 2415
f 2280 2281 2284
f 2280 2283 2284
f 2280 2283 2416
f 2280 2414 2416
f 2282 2285 2418
f 2282 2415 2418
f 2283 2284 2416
f 2284 2286 2417
f 2284 2416 2417
f 2285 2287 2418
f 2286 2288 2421
f 2286 2417 2419
f 2286 2419 2421
f 2287 2289 2422
f 2287 2418 2420
f 2287 2420 2422
f 2288 2290 2423
f 2288 2421 2423
f 2289 2291 2424
f 2289 2422 2424
f 2290 2292 2423
f 2291 2293 2294
f 2291 2294 2427
f 2291 2424 2427
f 2292 2295 2425
f 2292 2423 2425
f 2293 2294 2427
f 2293 2297 2429
f 2293 2426 2427
f 2293 2426 2429
f 2295 2296 2298
f 2295 2298 2428
f 2295 2425 2428
f 2297 2299 2429
f 2298 2300 2301
f 2298 2301 2434
f 2298 2428 2431
f 2298 2431 2434
f 2299 2302 2435
f 2299 2429 2432
f 2299 2432 2435
f 2300 2301 2434
f 2300 2304 2436
f 2300 2433 2434
f 2300 2433 2436
f 2302 2303 2306
f 2302 2305 2306
f 2302 2305 2437
f 2302 2435 2437
f 2304 2307 2439
f 2304 2436 2439
f 2305 2306 2437
f 2306 2308 2441
f 2306 2437 2438
f 2306 2438 2441
f 2307 2309 2442
f 2307 2439 2442
f 2308 2310 2443
f 2308 2441 2443
f 2309 2312 2444
f 2309 2442 2444
f 2310 2313 2445
f 2310 2443 2445
f 2311 2312 2314
f 2312 2314 2315
f 2312 2315 2447
f 2312 2444 2447
f 2313 2316 2448
f 2313 2445 2448
f 2314 2315 2446
f 2314 2317 2446
f 2315 2446 2447
f 2316 2318 2455
f 2316 2448 2455
f 2317 2319 2456
f 2317 2446 2449
f 2317 2449 2456
f 2318 2320 2463
f 2318 2455 2463
f 2319 2321 2464
f 2319 2456 2464
f 2320 2322 2463
f 2321 2323 2464
f 2322 2324 2470
f 2322 2463 2468
f 2322 2468 2470
f 2323 2326 2471
f 2323 2464 2469
f 2323 2469 2471
f 2324 2325 2327
f 2324 2327 2470
f 2325 2327 2328
f 2326 2329 2471
f 2327 2328 2472
f 2327 2470 2472
f 2328 2330 2476
f 2328 2472 2473
f 2328 2473 2476
f 2329 2331 2477
f 2329 2471 2474
f 2329 2474 2477
f 2330 2332 2478
f 2330 2476 2478
f 2331 2333 2477
f 2332 2334 2480
f 2332 2478 2480
f 2333 2335 2479
f 2333 2477 2479
f 2334 2336 2482
f 2334 2480 2482
f 2335 2337 2483
f 2335 2479 2481
f 2335 2481 2483
f 2336 2338 2482
f 2337 2339 2485
f 2337 2483 2485
f 2338 2340 2487
f 2338 2482 2484
f 2338 2484 2487
f 2339 2341 2488
f 2339 2485 2488
f 2340 2344 2487
f 2341 2342 2345
f 2341 2342 2489
f 2341 2488 2489
f 2342 2345 2489
f 2343 2344 2491
f 2343 2348 2495
f 2343 2490 2491
f 2343 2490 2495
f 2344 2487 2491
f 2345 2346 2493
f 2345 2489 2492
f 2345 2492 2493
f 2346 2349 2496
f 2346 2493 2496
f 2347 2348 2494
f 2347 2355 2494
f 2348 2494 2495
f 2349 2350 2496
f 2350 2351 2498
f 2350 2496 2497
f 2350 2497 2498
f 2351 2352 2499
f 2351 2498 2499
f 2352 2353 2499
f 2353 2354 2501
f 2353 2499 2500
f 2353 2500 2501
f 2354 2355 2502
f 2354 2501 2502
f 2355 2494 2502
f 2356 2357 2361
f 2356 2357 2515
f 2356 2360 2361
f 2356 2360 2514
f 2356 2514 2515
f 2357 2358 2361
f 2357 2358 2516
f 2357 2515 2516
f 2358 2361 2362
f 2358 2362 2516
f 2359 2360 2364
f 2359 2360 2519
f 2359 2364 2519
f 2360 2361 2366
f 2360 2364 2365
f 2360 2365 2366
f 2360 2514 2520
f 2360 2519 2520
f 2361 2362 2366
f 2362 2363 2367
f 2362 2363 2522
f 2362 2366 2367
f 2362 2516 2521
f 2362 2521 2522
f 2363 2367 2368
f 2363 2368 2522
f 2364 2365 2371
f 2364 2370 2371
f 2364 2370 2529
f 2364 2519 2525
f 2364 2525 2529
f 2365 2366 2371
f 2366 2367 2372
f 2366 2371 2372
f 2367 2368 2373
f 2367 2372 2373
f 2368 2373 2374
f 2368 2374 2526
f 2368 2522 2526
f 2369 2370 2377
f 2369 2370 2528
f 2369 2376 2377
f 2369 2376 2528
f 2370 2528 2529
f 2374 2375 2379
f 2374 2375 2531
f 2374 2378 2379
f 2374 2526 2530
f 2374 2530 2531
f 2375 2379 2531
f 2376 2377 2380
f 2376 2380 2535
f 2376 2528 2532
f 2376 2532 2535
f 2377 2380 2381
f 2378 2379 2383
f 2378 2382 2383
f 2379 2383 2536
f 2379 2531 2533
f 2379 2533 2536
f 2380 2384 2538
f 2380 2535 2538
f 2383 2385 2539
f 2383 2536 2539
f 2384 2387 2541
f 2384 2538 2541
f 2385 2388 2542
f 2385 2539 2542
f 2386 2387 2390
f 2386 2387 2540
f 2386 2389 2390
f 2386 2389 2540
f 2387 2540 2541
f 2388 2391 2545
f 2388 2542 2545
f 2389 2390 2393
f 2389 2393 2544
f 2389 2540 2544
f 2390 2393 2394
f 2391 2392 2395
f 2391 2392 2546
f 2391 2545 2546
f 2392 2395 2396
f 2392 2396 2548
f 2392 2546 2548
f 2393 2397 2547
f 2393 2544 2547
f 2396 2398 2550
f 2396 2548 2550
f 2397 2399 2551
f 2397 2547 2549
f 2397 2549 2551
f 2398 2400 2552
f 2398 2550 2552
f 2399 2401 2551
f 2400 2402 2552
f 2401 2403 2553
f 2401 2551 2553
f 2402 2404 2554
f 2402 2552 2554
f 2403 2405 2555
f 2403 2553 2555
f 2404 2406 2556
f 2404 2554 2556
f 2405 2407 2557
f 2405 2555 2557
f 2406 2408 2560
f 2406 2556 2558
f 2406 2558 2560
f 2407 2409 2561
f 2407 2557 2559
f 2407 2559 2561
f 2408 2410 2560
f 2409 2411 2412
f 2409 2411 2561
f 2410 2413 2562
f 2410 2560 2562
f 2411 2414 2566
f 2411 2561 2564
f 2411 2563 2564
f 2411 2563 2566
f 2413 2415 2565
f 2413 2562 2565
f 2414 2416 2569
f 2414 2566 2569
f 2415 2418 2571
f 2415 2565 2568
f 2415 2568 2571
f 2416 2417 2570
f 2416 2569 2570
f 2417 2419 2573
f 2417 2570 2573
f 2418 2420 2571
f 2419 2421 2575
f 2419 2573 2575
f 2420 2422 2574
f 2420 2571 2574
f 2421 2423 2575
f 2422 2424 2576
f 2422 2574 2576
f 2423 2425 2579
f 2423 2575 2577
f 2423 2577 2579
f 2424 2427 2578
f 2424 2576 2578
f 2425 2428 2582
f 2425 2579 2582
f 2426 2427 2581
f 2426 2429 2583
f 2426 2580 2581
f 2426 2580 2583
f 2427 2578 2581
f 2428 2430 2431
f 2428 2430 2584
f 2428 2582 2584
f 2429 2432 2586
f 2429 2583 2586
f 2430 2431 2584
f 2431 2434 2585
f 2431 2584 2585
f 2432 2435 2589
f 2432 2586 2589
f 2433 2434 2588
f 2433 2436 2590
f 2433 2587 2588
f 2433 2587 2590
f 2434 2585 2588
f 2435 2437 2592
f 2435 2589 2592
f 2436 2439 2593
f 2436 2590 2593
f 2437 2438 2441
f 2437 2440 2441
f 2437 2440 2594
f 2437 2592 2594
f 2439 2442 2593
f 2440 2441 2594
f 2441 2443 2595
f 2441 2594 2595
f 2442 2444 2605
f 2442 2593 2596
f 2442 2596 2605
f 2443 2445 2604
f 2443 2595 2604
f 2444 2447 2614
f 2444 2605 2614
f 2445 2448 2613
f 2445 2604 2613
f 2446 2447 2450
f 2446 2449 2450
f 2447 2450 2614
f 2448 2455 2631
f 2448 2613 2622
f 2448 2622 2631
f 2449 2450 2456
f 2450 2451 2457
f 2450 2451 2624
f 2450 2456 2457
f 2450 2614 2623
f 2450 2623 2624
f 2451 2452 2458
f 2451 2452 2625
f 2451 2457 2458
f 2451 2458 2633
f 2451 2624 2625
f 2452 2458 2459
f 2452 2459 2625
f 2453 2626 2635
f 2454 2455 2462
f 2454 2455 2631
f 2454 2462 2630
f 2454 2630 2631
f 2455 2462 2463
f 2456 2457 2465
f 2456 2464 2465
f 2457 2458 2632
f 2457 2465 2632
f 2458 2459 2634
f 2458 2632 2633
f 2458 2633 2634
f 2459 2625 2634
f 2460 2461 2637
f 2460 2636 2637
f 2461 2462 2466
f 2461 2462 2629
f 2461 2466 2645
f 2461 2629 2638
f 2461 2637 2638
f 2461 2638 2645
f 2462 2463 2467
f 2462 2466 2467
f 2462 2629 2630
f 2463 2467 2468
f 2464 2465 2649
f 2464 2469 2649
f 2465 2632 2639
f 2465 2639 2649
f 2466 2467 2645
f 2467 2468 2646
f 2467 2645 2646
f 2468 2470 2657
f 2468 2646 2647
f 2468 2647 2657
f 2469 2471 2648
f 2469 2648 2649
f 2470 2472 2657
f 2471 2474 2658
f 2471 2648 2659
f 2471 2658 2659
f 2472 2473 2475
f 2472 2475 2665
f 2472 2657 2665
f 2473 2475 2476
f 2474 2477 2671
f 2474 2658 2666
f 2474 2666 2671
f 2475 2476 2669
f 2475 2665 2669
f 2476 2478 2670
f 2476 2669 2670
f 2477 2479 2671
f 2478 2480 2677
f 2478 2670 2673
f 2478 2673 2674
f 2478 2674 2677
f 2479 2481 2678
f 2479 2671 2675
f 2479 2675 2678
f 2480 2482 2680
f 2480 2677 2680
f 2481 2483 2681
f 2481 2678 2681
f 2482 2484 2680
f 2483 2485 2684
f 2483 2681 2684
f 2484 2487 2685
f 2484 2680 2683
f 2484 2682 2683
f 2484 2682 2685
f 2485 2488 2686
f 2485 2684 2686
f 2486 2487 2491
f 2486 2487 2685
f 2486 2490 2491
f 2486 2490 2689
f 2486 2685 2689
f 2488 2489 2686
f 2489 2492 2687
f 2489 2686 2687
f 2490 2494 2495
f 2490 2494 2693
f 2490 2689 2693
f 2492 2493 2690
f 2492 2687 2690
f 2493 2496 2691
f 2493 2690 2691
f 2494 2501 2502
f 2494 2501 2699
f 2494 2693 2699
f 2496 2497 2694
f 2496 2691 2694
f 2497 2498 2696
f 2497 2694 2695
f 2497 2695 2696
f 2498 2499 2697
f 2498 2696 2697
f 2499 2500 2698
f 2499 2697 2698
f 2500 2501 2699
f 2500 2698 2699
f 2503 2504 2507
f 2503 2504 2715
f 2503 2507 2721
f 2503 2714 2715
f 2503 2714 2721
f 2504 2505 2509
f 2504 2505 2716
f 2504 2507 2508
f 2504 2508 2509
f 2504 2715 2716
f 2505 2506 2509
f 2505 2506 2717
f 2505 2716 2717
f 2506 2509 2510
f 2506 2510 2511
f 2506 2511 2722
f 2506 2717 2718
f 2506 2718 2722
f 2507 2508 2514
f 2507 2513 2514
f 2507 2513 2721
f 2508 2509 2514
f 2509 2510 2515
f 2509 2514 2515
f 2510 2511 2517
f 2510 2515 2516
f 2510 2516 2517
f 2511 2517 2722
f 2512 2513 2518
f 2512 2513 2724
f 2512 2518 2728
f 2512 2724 2728
f 2513 2514 2519
f 2513 2518 2519
f 2513 2721 2725
f 2513 2724 2725
f 2514 2519 2520
f 2516 2517 2522
f 2516 2521 2522
f 2517 2522 2523
f 2517 2523 2727
f 2517 2722 2726
f 2517 2726 2727
f 2518 2519 2524
f 2518 2524 2728
f 2519 2524 2525
f 2522 2523 2527
f 2522 2526 2527
f 2523 2527 2729
f 2523 2727 2729
f 2524 2525 2529
f 2524 2528 2529
f 2524 2528 2730
f 2524 2728 2730
f 2526 2527 2530
f 2527 2530 2531
f 2527 2531 2731
f 2527 2729 2731
f 2528 2532 2733
f 2528 2730 2733
f 2531 2533 2734
f 2531 2731 2734
f 2532 2535 2736
f 2532 2733 2736
f 2533 2536 2740
f 2533 2734 2737
f 2533 2737 2740
f 2534 2535 2538
f 2534 2535 2738
f 2534 2537 2538
f 2534 2537 2742
f 2534 2738 2742
f 2535 2736 2739
f 2535 2738 2739
f 2536 2539 2743
f 2536 2740 2743
f 2537 2538 2540
f 2537 2540 2742
f 2538 2540 2541
f 2539 2542 2543
f 2539 2543 2744
f 2539 2743 2744
f 2540 2544 2745
f 2540 2742 2745
f 2542 2543 2545
f 2543 2545 2546
f 2543 2546 2748
f 2543 2744 2746
f 2543 2746 2748
f 2544 2547 2747
f 2544 2745 2747
f 2546 2548 2748
f 2547 2549 2751
f 2547 2747 2749
f 2547 2749 2751
f 2548 2550 2752
f 2548 2748 2750
f 2548 2750 2752
f 2549 2551 2753
f 2549 2751 2753
f 2550 2552 2754
f 2550 2752 2754
f 2551 2553 2753
f 2552 2554 2756
f 2552 2754 2756
f 2553 2555 2757
f 2553 2753 2755
f 2553 2755 2757
f 2554 2556 2756
f 2555 2557 2759
f 2555 2757 2759
f 2556 2558 2758
f 2556 2756 2758
f 2557 2559 2761
f 2557 2759 2761
f 2558 2560 2762
f 2558 2758 2760
f 2558 2760 2762
f 2559 2561 2763
f 2559 2761 2763
f 2560 2562 2764
f 2560 2762 2764
f 2561 2564 2763
f 2562 2565 2766
f 2562 2764 2766
f 2563 2564 2566
f 2564 2566 2567
f 2564 2567 2767
f 2564 2763 2765
f 2564 2765 2767
f 2565 2568 2766
f 2566 2567 2569
f 2567 2569 2570
f 2567 2570 2769
f 2567 2767 2769
f 2568 2571 2768
f 2568 2766 2768
f 2569 2570 2573
f 2569 2570 2769
f 2569 2572 2573
f 2569 2573 2771
f 2569 2769 2771
f 2571 2574 2772
f 2571 2768 2770
f 2571 2770 2772
f 2573 2575 2773
f 2573 2771 2773
f 2574 2576 2775
f 2574 2772 2775
f 2575 2577 2776
f 2575 2773 2776
f 2576 2578 2775
f 2577 2579 2779
f 2577 2776 2779
f 2578 2581 2781
f 2578 2775 2778
f 2578 2778 2781
f 2579 2582 2779
f 2580 2581 2780
f 2580 2583 2784
f 2580 2780 2784
f 2581 2780 2781
f 2582 2584 2785
f 2582 2779 2782
f 2582 2782 2785
f 2583 2586 2792
f 2583 2784 2792
f 2584 2585 2785
f 2585 2588 2793
f 2585 2785 2793
f 2586 2589 2799
f 2586 2792 2799
f 2587 2588 2590
f 2588 2590 2591
f 2588 2591 2793
f 2589 2592 2807
f 2589 2799 2807
f 2590 2591 2800
f 2590 2593 2808
f 2590 2800 2808
f 2591 2793 2801
f 2591 2800 2801
f 2592 2594 2807
f 2593 2596 2808
f 2594 2595 2603
f 2594 2603 2815
f 2594 2807 2815
f 2595 2603 2604
f 2596 2597 2606
f 2596 2597 2808
f 2596 2605 2606
f 2597 2598 2606
f 2597 2598 2816
f 2597 2808 2816
f 2597 2809 2816
f 2598 2599 2607
f 2598 2599 2818
f 2598 2606 2607
f 2598 2816 2817
f 2598 2817 2818
f 2599 2600 2608
f 2599 2600 2818
f 2599 2607 2608
f 2600 2601 2610
f 2600 2601 2819
f 2600 2608 2609
f 2600 2609 2610
f 2600 2818 2819
f 2601 2602 2610
f 2601 2602 2821
f 2601 2819 2820
f 2601 2820 2821
f 2602 2603 2612
f 2602 2603 2821
f 2602 2610 2611
f 2602 2611 2612
f 2603 2604 2613
f 2603 2612 2613
f 2603 2815 2822
f 2603 2821 2822
f 2605 2606 2614
f 2606 2607 2615
f 2606 2614 2615
f 2607 2608 2616
f 2607 2615 2616
f 2608 2609 2618
f 2608 2616 2617
f 2608 2617 2618
f 2609 2610 2619
f 2609 2618 2619
f 2610 2611 2620
f 2610 2619 2620
f 2611 2612 2621
f 2611 2620 2621
f 2612 2613 2622
f 2612 2621 2622
f 2614 2615 2624
f 2614 2623 2624
f 2615 2616 2624
f 2616 2617 2626
f 2616 2624 2625
f 2616 2625 2626
f 2617 2618 2627
f 2617 2626 2627
f 2618 2619 2628
f 2618 2627 2628
f 2619 2620 2628
f 2620 2621 2629
f 2620 2628 2629
f 2621 2622 2630
f 2621 2629 2630
f 2622 2630 2631
f 2625 2626 2634
f 2626 2627 2636
f 2626 2634 2635
f 2626 2635 2636
f 2627 2628 2637
f 2627 2636 2637
f 2628 2629 2637
f 2629 2637 2638
f 2632 2633 2639
f 2633 2634 2640
f 2633 2639 2640
f 2634 2635 2641
f 2634 2640 2641
f 2635 2636 2643
f 2635 2641 2642
f 2635 2642 2643
f 2636 2637 2644
f 2636 2643 2644
f 2637 2638 2645
f 2637 2644 2645
f 2639 2640 2649
f 2640 2641 2651
f 2640 2649 2650
f 2640 2650 2651
f 2641 2642 2651
f 2642 2643 2652
f 2642 2651 2652
f 2643 2644 2653
f 2643 2652 2653
f 2644 2645 2654
f 2644 2653 2654
f 2645 2646 2655
f 2645 2654 2655
f 2646 2647 2657
f 2646 2655 2656
f 2646 2656 2657
f 2648 2649 2659
f 2649 2650 2660
f 2649 2659 2660
f 2650 2651 2661
f 2650 2660 2661
f 2651 2652 2662
f 2651 2661 2662
f 2652 2653 2824
f 2652 2662 2828
f 2652 2823 2824
f 2652 2823 2828
f 2653 2654 2824
f 2654 2655 2830
f 2654 2824 2825
f 2654 2825 2830
f 2655 2656 2664
f 2655 2663 2664
f 2655 2663 2831
f 2655 2830 2831
f 2656 2657 2664
f 2657 2664 2665
f 2658 2659 2666
f 2659 2660 2826
f 2659 2666 2667
f 2659 2667 2834
f 2659 2826 2834
f 2660 2661 2826
f 2661 2662 2828
f 2661 2826 2827
f 2661 2827 2828
f 2663 2664 2831
f 2664 2665 2668
f 2664 2668 2838
f 2664 2831 2832
f 2664 2832 2838
f 2665 2668 2669
f 2666 2667 2671
f 2667 2671 2672
f 2667 2672 2840
f 2667 2833 2834
f 2667 2833 2840
f 2668 2669 2838
f 2669 2670 2673
f 2669 2673 2839
f 2669 2838 2839
f 2671 2672 2840
f 2671 2675 2844
f 2671 2840 2844
f 2673 2674 2677
f 2673 2676 2677
f 2673 2676 2843
f 2673 2839 2843
f 2675 2678 2847
f 2675 2844 2847
f 2676 2677 2679
f 2676 2679 2849
f 2676 2843 2846
f 2676 2846 2849
f 2677 2679 2680
f 2678 2681 2847
f 2679 2680 2682
f 2679 2682 2849
f 2680 2682 2683
f 2681 2684 2852
f 2681 2847 2850
f 2681 2850 2852
f 2682 2685 2854
f 2682 2849 2851
f 2682 2851 2854
f 2684 2686 2855
f 2684 2852 2855
f 2685 2689 2858
f 2685 2854 2858
f 2686 2687 2856
f 2686 2855 2856
f 2687 2690 2856
f 2688 2689 2693
f 2688 2689 2858
f 2688 2693 2857
f 2688 2857 2858
f 2690 2691 2859
f 2690 2856 2859
f 2691 2694 2860
f 2691 2859 2860
f 2692 2693 2699
f 2692 2693 2862
f 2692 2699 2868
f 2692 2862 2868
f 2693 2857 2862
f 2694 2695 2864
f 2694 2860 2863
f 2694 2863 2864
f 2695 2696 2864
f 2696 2697 2865
f 2696 2864 2865
f 2697 2698 2866
f 2697 2865 2866
f 2698 2699 2867
f 2698 2866 2867
f 2699 2867 2868
f 2700 2701 2704
f 2700 2701 2885
f 2700 2704 2884
f 2700 2884 2885
f 2701 2702 2706
f 2701 2702 2886
f 2701 2704 2705
f 2701 2705 2706
f 2701 2885 2886
f 2702 2706 2886
f 2703 2704 2708
f 2703 2704 2890
f 2703 2708 2890
f 2704 2705 2709
f 2704 2708 2709
f 2704 2884 2890
f 2705 2706 2711
f 2705 2709 2710
f 2705 2710 2711
f 2706 2707 2712
f 2706 2707 2891
f 2706 2711 2712
f 2706 2886 2891
f 2707 2712 2895
f 2707 2891 2895
f 2708 2709 2714
f 2708 2714 2897
f 2708 2890 2894
f 2708 2893 2894
f 2708 2893 2897
f 2709 2710 2715
f 2709 2714 2715
f 2710 2711 2716
f 2710 2715 2716
f 2711 2712 2717
f 2711 2716 2717
f 2712 2717 2718
f 2712 2718 2898
f 2712 2895 2898
f 2713 2714 2720
f 2713 2714 2897
f 2713 2720 2897
f 2714 2720 2721
f 2718 2719 2722
f 2718 2719 2899
f 2718 2898 2899
f 2719 2722 2723
f 2719 2723 2899
f 2720 2721 2725
f 2720 2724 2725
f 2720 2724 2903
f 2720 2897 2900
f 2720 2900 2903
f 2722 2723 2727
f 2722 2726 2727
f 2723 2727 2901
f 2723 2899 2901
f 2724 2728 2906
f 2724 2903 2906
f 2727 2729 2904
f 2727 2901 2904
f 2728 2730 2909
f 2728 2906 2909
f 2729 2731 2907
f 2729 2904 2907
f 2730 2733 2911
f 2730 2908 2909
f 2730 2908 2911
f 2731 2734 2912
f 2731 2907 2910
f 2731 2910 2912
f 2732 2733 2736
f 2732 2733 2911
f 2732 2735 2736
f 2732 2735 2911
f 2734 2737 2912
f 2735 2736 2738
f 2735 2738 2917
f 2735 2911 2914
f 2735 2914 2917
f 2736 2738 2739
f 2737 2740 2918
f 2737 2912 2915
f 2737 2915 2918
f 2738 2742 2917
f 2740 2741 2744
f 2740 2741 2918
f 2740 2743 2744
f 2741 2744 2918
f 2742 2745 2919
f 2742 2917 2919
f 2744 2746 2920
f 2744 2918 2920
f 2745 2747 2921
f 2745 2919 2921
f 2746 2748 2922
f 2746 2920 2922
f 2747 2749 2923
f 2747 2921 2923
f 2748 2750 2926
f 2748 2922 2924
f 2748 2924 2926
f 2749 2751 2925
f 2749 2923 2925
f 2750 2752 2926
f 2751 2753 2929
f 2751 2925 2927
f 2751 2927 2929
f 2752 2754 2930
f 2752 2926 2928
f 2752 2928 2930
f 2753 2755 2929
f 2754 2756 2930
f 2755 2757 2933
f 2755 2929 2931
f 2755 2931 2933
f 2756 2758 2934
f 2756 2930 2932
f 2756 2932 2934
f 2757 2759 2935
f 2757 2933 2935
f 2758 2760 2934
f 2759 2761 2935
f 2760 2762 2937
f 2760 2934 2937
f 2761 2763 2938
f 2761 2935 2938
f 2762 2764 2940
f 2762 2937 2940
f 2763 2765 2941
f 2763 2938 2941
f 2764 2766 2943
f 2764 2940 2943
f 2765 2767 2944
f 2765 2941 2944
f 2766 2768 2949
f 2766 2943 2946
f 2766 2946 2949
f 2767 2769 2947
f 2767 2944 2947
f 2768 2770 2952
f 2768 2949 2952
f 2769 2771 2950
f 2769 2947 2950
f 2770 2772 2956
f 2770 2952 2956
f 2771 2773 2953
f 2771 2950 2953
f 2772 2775 2956
f 2773 2776 2960
f 2773 2953 2957
f 2773 2957 2960
f 2774 2775 2777
f 2774 2775 2959
f 2774 2777 2963
f 2774 2959 2963
f 2775 2777 2778
f 2775 2956 2959
f 2776 2779 2960
f 2777 2778 2780
f 2777 2780 2963
f 2778 2780 2781
f 2779 2782 2964
f 2779 2960 2964
f 2780 2784 2971
f 2780 2963 2971
f 2782 2783 2785
f 2782 2783 2973
f 2782 2964 2972
f 2782 2972 2973
f 2783 2785 2786
f 2783 2786 2973
f 2784 2792 2979
f 2784 2971 2979
f 2785 2786 2793
f 2786 2787 2794
f 2786 2787 2980
f 2786 2793 2794
f 2786 2973 2980
f 2787 2788 2795
f 2787 2788 2981
f 2787 2794 2795
f 2787 2980 2981
f 2788 2789 2795
f 2788 2789 2983
f 2788 2981 2982
f 2788 2982 2983
f 2789 2790 2796
f 2789 2790 2983
f 2789 2795 2796
f 2789 2976 2983
f 2790 2791 2797
f 2790 2791 2984
f 2790 2796 2797
f 2790 2977 2983
f 2790 2977 2984
f 2791 2792 2798
f 2791 2792 2979
f 2791 2797 2798
f 2791 2978 2979
f 2791 2978 2985
f 2791 2984 2985
f 2792 2798 2799
f 2793 2794 2802
f 2793 2801 2802
f 2794 2795 2803
f 2794 2802 2803
f 2795 2796 2804
f 2795 2803 2804
f 2796 2797 2804
f 2797 2798 2806
f 2797 2804 2805
f 2797 2805 2806
f 2798 2799 2807
f 2798 2806 2807
f 2800 2801 2809
f 2800 2808 2809
f 2801 2802 2810
f 2801 2809 2810
f 2802 2803 2811
f 2802 2810 2811
f 2803 2804 2812
f 2803 2811 2812
f 2804 2805 2813
f 2804 2812 2813
f 2805 2806 2814
f 2805 2813 2814
f 2806 2807 2814
f 2807 2814 2815
f 2808 2809 2816
f 2809 2810 2816
f 2810 2811 2818
f 2810 2816 2817
f 2810 2817 2818
f 2811 2812 2818
f 2812 2813 2820
f 2812 2818 2819
f 2812 2819 2820
f 2813 2814 2820
f 2814 2815 2822
f 2814 2820 2821
f 2814 2821 2822
f 2823 2824 2828
f 2824 2825 2829
f 2824 2828 2829
f 2825 2829 2830
f 2826 2827 2835
f 2826 2834 2835
f 2827 2828 2836
f 2827 2835 2836
f 2828 2829 2836
f 2828 2836 2990
f 2829 2830 2986
f 2829 2836 2991
f 2829 2986 2991
f 2830 2831 2837
f 2830 2837 2992
f 2830 2986 2987
f 2830 2987 2992
f 2831 2832 2838
f 2831 2837 2838
f 2833 2834 2840
f 2834 2835 2988
f 2834 2840 2841
f 2834 2841 2995
f 2834 2988 2995
f 2835 2836 2989
f 2835 2988 2989
f 2836 2989 2990
f 2836 2990 2991
f 2837 2838 2993
f 2837 2992 2993
f 2838 2839 2843
f 2838 2842 2843
f 2838 2842 2998
f 2838 2993 2998
f 2840 2841 2995
f 2840 2844 2845
f 2840 2845 2999
f 2840 2994 2995
f 2840 2994 2999
f 2842 2843 2846
f 2842 2846 3001
f 2842 2998 3001
f 2844 2845 2847
f 2845 2847 2848
f 2845 2848 2999
f 2846 2849 3002
f 2846 3001 3002
f 2847 2848 3004
f 2847 2850 3007
f 2847 3003 3004
f 2847 3003 3007
f 2848 2999 3004
f 2849 2851 3006
f 2849 3002 3006
f 2850 2852 3010
f 2850 3007 3010
f 2851 2854 3012
f 2851 3006 3009
f 2851 3009 3012
f 2852 2853 2856
f 2852 2853 3011
f 2852 2855 2856
f 2852 3010 3011
f 2853 2856 3013
f 2853 3011 3013
f 2854 2858 3012
f 2856 2859 3013
f 2857 2858 2862
f 2858 2862 3018
f 2858 3012 3015
f 2858 3015 3018
f 2859 2860 3016
f 2859 3013 3016
f 2860 2863 3019
f 2860 3016 3017
f 2860 3017 3019
f 2861 2862 2868
f 2862 2868 3024
f 2862 3018 3024
f 2863 2864 3019
f 2864 2865 3021
f 2864 3019 3020
f 2864 3020 3021
f 2865 2866 3022
f 2865 3021 3022
f 2865 3021 3027
f 2866 2867 3022
f 2867 2868 3023
f 2867 3022 3023
f 2868 3023 3024
f 2869 2870 2873
f 2869 2870 3043
f 2869 2873 3042
f 2869 3042 3043
f 2870 2871 2875
f 2870 2871 3043
f 2870 2873 2874
f 2870 2874 2875
f 2871 2875 3044
f 2871 3043 3044
f 2872 2873 2878
f 2872 2873 3048
f 2872 2877 2878
f 2872 2877 3048
f 2873 2874 2879
f 2873 2878 2879
f 2873 3042 3049
f 2873 3048 3049
f 2874 2875 2879
f 2875 2876 2880
f 2875 2876 3051
f 2875 2879 2880
f 2875 3044 3050
f 2875 3050 3051
f 2876 2880 2881
f 2876 2881 3051
f 2877 2878 2884
f 2877 2883 2884
f 2877 2883 3053
f 2877 3048 3054
f 2877 3053 3054
f 2878 2879 2884
f 2879 2880 2885
f 2879 2884 2885
f 2880 2881 2886
f 2880 2885 2886
f 2881 2886 2887
f 2881 2887 3058
f 2881 3051 3055
f 2881 3055 3058
f 2882 2883 2890
f 2882 2883 3057
f 2882 2889 2890
f 2882 2889 3057
f 2883 2884 2890
f 2883 3053 3057
f 2886 2887 2891
f 2887 2888 2891
f 2887 2888 3059
f 2887 3058 3059
f 2888 2891 2892
f 2888 2892 3059
f 2889 2890 2893
f 2889 2893 3061
f 2889 3057 3061
f 2890 2893 2894
f 2891 2892 2895
f 2892 2895 2896
f 2892 2896 3062
f 2892 3059 3062
f 2893 2897 3064
f 2893 3061 3064
f 2895 2896 2899
f 2895 2898 2899
f 2896 2899 3068
f 2896 3062 3065
f 2896 3065 3068
f 2897 2900 3067
f 2897 3064 3067
f 2899 2901 3071
f 2899 3068 3071
f 2900 2903 3070
f 2900 3067 3070
f 2900 3069 3070
f 2901 2904 3073
f 2901 3071 3073
f 2902 2903 2905
f 2902 2903 3072
f 2902 2905 3075
f 2902 3072 3075
f 2903 2905 2906
f 2903 3069 3070
f 2903 3069 3072
f 2904 2907 3073
f 2905 2906 2909
f 2905 2908 2909
f 2905 2908 3075
f 2907 2910 3079
f 2907 3073 3076
f 2907 3076 3079
f 2908 2911 3078
f 2908 3075 3078
f 2910 2912 3082
f 2910 3079 3080
f 2910 3080 3082
f 2911 2914 3083
f 2911 3078 3081
f 2911 3081 3083
f 2912 2913 2915
f 2912 2913 3082
f 2913 2915 2916
f 2913 2916 3082
f 2914 2917 3083
f 2915 2916 2918
f 2916 2918 3084
f 2916 3082 3084
f 2917 2919 3087
f 2917 3083 3085
f 2917 3085 3087
f 2918 2920 3086
f 2918 3084 3086
f 2919 2921 3089
f 2919 3087 3089
f 2920 2922 3090
f 2920 3086 3088
f 2920 3088 3090
f 2921 2923 3089
f 2922 2924 3090
f 2923 2925 3093
f 2923 3089 3091
f 2923 3091 3093
f 2924 2926 3095
f 2924 3090 3092
f 2924 3092 3095
f 2925 2927 3093
f 2926 2928 3095
f 2927 2929 3099
f 2927 3093 3096
f 2927 3096 3099
f 2928 2930 3101
f 2928 3095 3098
f 2928 3098 3101
f 2929 2931 3102
f 2929 3099 3102
f 2930 2932 3101
f 2931 2933 3105
f 2931 3102 3105
f 2932 2934 3104
f 2932 3101 3104
f 2933 2935 3108
f 2933 3105 3108
f 2934 2937 3109
f 2934 3104 3107
f 2934 3106 3107
f 2934 3106 3109
f 2935 2938 3108
f 2936 2937 2940
f 2936 2937 3109
f 2936 2939 2940
f 2936 2939 3111
f 2936 3109 3111
f 2938 2941 3112
f 2938 3108 3110
f 2938 3110 3112
f 2939 2940 2942
f 2939 2942 3111
f 2940 2942 2943
f 2941 2944 3114
f 2941 3112 3114
f 2942 2943 2945
f 2942 2945 3116
f 2942 3111 3113
f 2942 3113 3116
f 2943 2945 2946
f 2944 2947 3117
f 2944 3114 3117
f 2945 2946 2948
f 2945 2948 3116
f 2946 2948 2949
f 2947 2950 3121
f 2947 3117 3121
f 2948 2949 2951
f 2948 2951 3120
f 2948 3116 3120
f 2949 2951 2952
f 2950 2953 3121
f 2951 2952 2955
f 2951 2955 3130
f 2951 3120 3124
f 2951 3124 3130
f 2952 2955 2956
f 2953 2954 2957
f 2953 2954 3126
f 2953 3121 3125
f 2953 3125 3126
f 2954 2957 2958
f 2954 2958 3131
f 2954 3126 3131
f 2955 2956 2959
f 2955 2959 3130
f 2957 2958 2961
f 2957 2960 2961
f 2958 2961 3131
f 2959 2963 3137
f 2959 3130 3137
f 2959 3136 3137
f 2960 2961 2965
f 2960 2964 2965
f 2961 2965 3138
f 2961 3131 3138
f 2962 2963 2970
f 2962 2963 3143
f 2962 2970 3149
f 2962 3143 3149
f 2963 2970 2971
f 2963 3137 3143
f 2964 2965 2972
f 2965 2966 2974
f 2965 2966 3144
f 2965 2972 2973
f 2965 2973 2974
f 2965 3138 3144
f 2966 2967 2975
f 2966 2967 3146
f 2966 2974 2975
f 2966 3144 3145
f 2966 3145 3146
f 2967 2968 2975
f 2967 2968 3146
f 2968 2969 2976
f 2968 2969 3147
f 2968 2975 2976
f 2968 3146 3147
f 2969 2970 2977
f 2969 2970 3148
f 2969 2976 2977
f 2969 3147 3148
f 2970 2971 2978
f 2970 2977 2978
f 2970 3148 3149
f 2971 2978 2979
f 2973 2974 2980
f 2974 2975 2981
f 2974 2980 2981
f 2975 2976 2982
f 2975 2981 2982
f 2976 2977 2983
f 2976 2982 2983
f 2977 2978 2985
f 2977 2984 2985
f 2986 2987 2991
f 2987 2991 2992
f 2988 2989 2995
f 2989 2990 3151
f 2989 2995 2996
f 2989 2996 3155
f 2989 3150 3151
f 2989 3150 3155
f 2990 2991 3151
f 2991 2992 3152
f 2991 3151 3152
f 2992 2993 3158
f 2992 3152 3153
f 2992 3153 3158
f 2993 2997 2998
f 2993 2997 3159
f 2993 3158 3159
f 2994 2995 2999
f 2995 2996 3154
f 2995 2999 3000
f 2995 3000 3162
f 2995 3154 3162
f 2996 3154 3155
f 2997 2998 3159
f 2998 3001 3160
f 2998 3159 3160
f 2999 3000 3162
f 2999 3004 3165
f 2999 3161 3162
f 2999 3161 3165
f 3001 3002 3006
f 3001 3005 3006
f 3001 3005 3164
f 3001 3160 3164
f 3003 3004 3007
f 3004 3007 3008
f 3004 3008 3167
f 3004 3165 3167
f 3005 3006 3166
f 3005 3164 3166
f 3006 3009 3166
f 3007 3008 3010
f 3008 3010 3011
f 3008 3011 3170
f 3008 3167 3170
f 3009 3012 3169
f 3009 3166 3168
f 3009 3168 3169
f 3011 3013 3173
f 3011 3170 3173
f 3012 3015 3175
f 3012 3169 3172
f 3012 3172 3175
f 3013 3016 3176
f 3013 3173 3176
f 3014 3015 3018
f 3015 3018 3177
f 3015 3175 3177
f 3016 3017 3176
f 3017 3019 3180
f 3017 3176 3180
f 3018 3024 3025
f 3018 3025 3177
f 3019 3020 3180
f 3020 3021 3027
f 3020 3026 3027
f 3020 3026 3181
f 3020 3180 3181
f 3021 3022 3028
f 3021 3027 3028
f 3022 3023 3028
f 3023 3024 3030
f 3023 3028 3029
f 3023 3029 3030
f 3024 3025 3182
f 3024 3030 3189
f 3024 3182 3189
f 3025 3177 3183
f 3025 3182 3183
f 3026 3027 3186
f 3026 3181 3185
f 3026 3185 3186
f 3027 3028 3187
f 3027 3186 3187
f 3028 3029 3187
f 3029 3030 3189
f 3029 3187 3188
f 3029 3188 3189
f 3031 3032 3036
f 3031 3032 3206
f 3031 3035 3036
f 3031 3035 3206
f 3032 3033 3037
f 3032 3033 3208
f 3032 3036 3037
f 3032 3206 3207
f 3032 3207 3208
f 3033 3034 3038
f 3033 3034 3208
f 3033 3037 3038
f 3033 3202 3208
f 3034 3038 3039
f 3034 3039 3210
f 3034 3208 3209
f 3034 3209 3210
f 3035 3036 3042
f 3035 3041 3042
f 3035 3041 3213
f 3035 3206 3213
f 3036 3037 3043
f 3036 3042 3043
f 3037 3038 3043
f 3038 3039 3045
f 3038 3043 3044
f 3038 3044 3045
f 3039 3045 3214
f 3039 3210 3214
f 3040 3041 3047
f 3040 3041 3216
f 3040 3047 3216
f 3041 3042 3049
f 3041 3047 3048
f 3041 3048 3049
f 3041 3212 3213
f 3041 3212 3216
f 3044 3045 3051
f 3044 3050 3051
f 3045 3046 3052
f 3045 3046 3218
f 3045 3051 3052
f 3045 3214 3217
f 3045 3217 3218
f 3046 3052 3218
f 3047 3048 3053
f 3047 3053 3220
f 3047 3216 3220
f 3048 3053 3054
f 3051 3052 3056
f 3051 3055 3056
f 3052 3056 3224
f 3052 3218 3221
f 3052 3221 3224
f 3053 3057 3226
f 3053 3220 3223
f 3053 3223 3226
f 3055 3056 3058
f 3056 3058 3059
f 3056 3059 3224
f 3057 3061 3230
f 3057 3225 3226
f 3057 3225 3230
f 3059 3062 3227
f 3059 3224 3227
f 3060 3061 3064
f 3060 3061 3229
f 3060 3063 3064
f 3060 3063 3229
f 3061 3229 3230
f 3062 3065 3234
f 3062 3227 3231
f 3062 3231 3234
f 3063 3064 3067
f 3063 3066 3067
f 3063 3066 3233
f 3063 3229 3233
f 3065 3068 3237
f 3065 3234 3237
f 3066 3067 3070
f 3066 3069 3070
f 3066 3069 3236
f 3066 3233 3236
f 3068 3071 3240
f 3068 3237 3240
f 3069 3072 3242
f 3069 3236 3239
f 3069 3239 3242
f 3071 3073 3074
f 3071 3074 3243
f 3071 3240 3241
f 3071 3241 3243
f 3072 3075 3244
f 3072 3242 3244
f 3073 3074 3076
f 3073 3074 3243
f 3074 3076 3077
f 3074 3077 3243
f 3075 3078 3246
f 3075 3244 3246
f 3076 3077 3079
f 3077 3079 3080
f 3077 3080 3245
f 3077 3243 3245
f 3078 3081 3248
f 3078 3246 3248
f 3080 3082 3247
f 3080 3245 3247
f 3081 3083 3248
f 3082 3084 3249
f 3082 3247 3249
f 3083 3085 3250
f 3083 3248 3250
f 3084 3086 3255
f 3084 3249 3252
f 3084 3252 3255
f 3085 3087 3256
f 3085 3250 3253
f 3085 3253 3256
f 3086 3088 3258
f 3086 3255 3258
f 3087 3089 3259
f 3087 3256 3259
f 3088 3090 3258
f 3089 3091 3259
f 3090 3092 3261
f 3090 3258 3261
f 3091 3093 3265
f 3091 3259 3262
f 3091 3262 3265
f 3092 3095 3266
f 3092 3261 3264
f 3092 3263 3264
f 3092 3263 3266
f 3093 3096 3267
f 3093 3265 3267
f 3094 3095 3097
f 3094 3095 3266
f 3094 3097 3268
f 3094 3266 3268
f 3095 3097 3098
f 3096 3099 3269
f 3096 3267 3269
f 3097 3098 3100
f 3097 3100 3270
f 3097 3268 3270
f 3098 3100 3101
f 3099 3102 3271
f 3099 3269 3271
f 3100 3101 3103
f 3100 3103 3270
f 3101 3103 3104
f 3102 3105 3274
f 3102 3271 3274
f 3103 3104 3106
f 3103 3106 3276
f 3103 3270 3273
f 3103 3273 3276
f 3104 3106 3107
f 3105 3108 3277
f 3105 3274 3277
f 3106 3109 3276
f 3108 3110 3277
f 3109 3111 3284
f 3109 3276 3280
f 3109 3280 3284
f 3110 3112 3281
f 3110 3277 3281
f 3111 3113 3284
f 3112 3114 3115
f 3112 3115 3286
f 3112 3281 3285
f 3112 3285 3286
f 3113 3116 3294
f 3113 3284 3289
f 3113 3289 3294
f 3114 3115 3118
f 3114 3117 3118
f 3115 3118 3290
f 3115 3286 3290
f 3116 3120 3294
f 3117 3118 3122
f 3117 3121 3122
f 3118 3122 3295
f 3118 3290 3295
f 3119 3120 3124
f 3119 3120 3300
f 3119 3123 3124
f 3119 3123 3307
f 3119 3300 3307
f 3120 3294 3301
f 3120 3300 3301
f 3121 3122 3126
f 3121 3125 3126
f 3122 3126 3302
f 3122 3295 3302
f 3123 3124 3130
f 3123 3129 3130
f 3123 3129 3307
f 3126 3127 3132
f 3126 3127 3308
f 3126 3131 3132
f 3126 3302 3308
f 3127 3132 3308
f 3128 3129 3136
f 3128 3129 3311
f 3128 3135 3136
f 3128 3135 3311
f 3129 3130 3136
f 3129 3307 3312
f 3129 3311 3312
f 3130 3136 3137
f 3131 3132 3139
f 3131 3138 3139
f 3132 3133 3139
f 3132 3133 3313
f 3132 3308 3313
f 3133 3139 3140
f 3133 3140 3141
f 3133 3141 3315
f 3133 3313 3314
f 3133 3314 3315
f 3134 3135 3141
f 3134 3135 3315
f 3134 3141 3315
f 3135 3136 3143
f 3135 3141 3142
f 3135 3142 3143
f 3135 3311 3316
f 3135 3315 3316
f 3136 3137 3143
f 3138 3139 3145
f 3138 3144 3145
f 3139 3140 3146
f 3139 3145 3146
f 3140 3141 3146
f 3141 3142 3147
f 3141 3146 3147
f 3142 3143 3148
f 3142 3147 3148
f 3143 3148 3149
f 3150 3151 3155
f 3151 3152 3156
f 3151 3155 3156
f 3152 3153 3157
f 3152 3156 3157
f 3153 3157 3158
f 3154 3155 3318
f 3154 3162 3317
f 3154 3317 3318
f 3155 3156 3319
f 3155 3318 3319
f 3156 3157 3320
f 3156 3319 3320
f 3157 3158 3321
f 3157 3320 3321
f 3158 3159 3321
f 3159 3160 3163
f 3159 3163 3327
f 3159 3321 3322
f 3159 3322 3327
f 3160 3163 3164
f 3161 3162 3324
f 3161 3165 3329
f 3161 3323 3324
f 3161 3323 3329
f 3162 3317 3324
f 3163 3164 3327
f 3164 3166 3328
f 3164 3327 3328
f 3165 3167 3333
f 3165 3329 3333
f 3166 3168 3332
f 3166 3328 3332
f 3167 3170 3336
f 3167 3333 3336
f 3168 3169 3172
f 3168 3171 3172
f 3168 3171 3334
f 3168 3332 3334
f 3170 3173 3339
f 3170 3336 3339
f 3171 3172 3175
f 3171 3175 3341
f 3171 3334 3337
f 3171 3337 3341
f 3173 3176 3339
f 3174 3175 3178
f 3174 3175 3341
f 3174 3177 3178
f 3174 3177 3344
f 3174 3340 3341
f 3174 3340 3344
f 3175 3177 3178
f 3176 3179 3180
f 3176 3179 3346
f 3176 3339 3343
f 3176 3343 3346
f 3177 3183 3349
f 3177 3344 3349
f 3179 3180 3346
f 3180 3181 3185
f 3180 3184 3185
f 3180 3184 3351
f 3180 3346 3347
f 3180 3347 3351
f 3182 3183 3348
f 3182 3189 3356
f 3182 3348 3356
f 3183 3348 3349
f 3184 3185 3351
f 3185 3186 3352
f 3185 3351 3352
f 3185 3352 3359
f 3186 3187 3354
f 3186 3352 3360
f 3186 3353 3354
f 3186 3353 3360
f 3187 3188 3355
f 3187 3354 3355
f 3188 3189 3356
f 3188 3355 3356
f 3190 3191 3194
f 3190 3191 3379
f 3190 3194 3379
f 3191 3192 3196
f 3191 3192 3380
f 3191 3194 3195
f 3191 3195 3196
f 3191 3379 3380
f 3192 3193 3197
f 3192 3193 3382
f 3192 3196 3197
f 3192 3380 3381
f 3192 3381 3382
f 3193 3197 3198
f 3193 3198 3383
f 3193 3382 3383
f 3194 3195 3201
f 3194 3200 3201
f 3194 3200 3390
f 3194 3379 3386
f 3194 3386 3390
f 3195 3196 3202
f 3195 3201 3202
f 3196 3197 3203
f 3196 3202 3203
f 3197 3198 3204
f 3197 3203 3204
f 3198 3204 3391
f 3198 3383 3387
f 3198 3387 3391
f 3199 3200 3205
f 3199 3200 3389
f 3199 3205 3394
f 3199 3389 3394
f 3200 3201 3207
f 3200 3205 3206
f 3200 3206 3207
f 3200 3389 3390
f 3201 3202 3208
f 3201 3207 3208
f 3202 3203 3208
f 3203 3204 3209
f 3203 3208 3209
f 3204 3209 3210
f 3204 3210 3392
f 3204 3391 3392
f 3205 3206 3213
f 3205 3212 3213
f 3205 3212 3394
f 3210 3211 3215
f 3210 3211 3395
f 3210 3214 3215
f 3210 3392 3395
f 3211 3215 3395
f 3212 3216 3400
f 3212 3394 3397
f 3212 3397 3400
f 3214 3215 3218
f 3214 3217 3218
f 3215 3218 3398
f 3215 3395 3398
f 3216 3220 3400
f 3218 3221 3404
f 3218 3398 3401
f 3218 3401 3404
f 3219 3220 3222
f 3219 3220 3403
f 3219 3222 3403
f 3220 3222 3223
f 3220 3400 3403
f 3221 3224 3404
f 3222 3223 3226
f 3222 3225 3226
f 3222 3225 3409
f 3222 3403 3406
f 3222 3406 3409
f 3224 3227 3410
f 3224 3404 3407
f 3224 3407 3410
f 3225 3229 3230
f 3225 3229 3409
f 3227 3228 3231
f 3227 3228 3411
f 3227 3410 3411
f 3228 3231 3232
f 3228 3232 3411
f 3229 3233 3414
f 3229 3409 3412
f 3229 3412 3414
f 3231 3232 3234
f 3232 3234 3235
f 3232 3235 3413
f 3232 3411 3413
f 3233 3236 3416
f 3233 3414 3416
f 3234 3235 3237
f 3235 3237 3238
f 3235 3238 3417
f 3235 3413 3415
f 3235 3415 3417
f 3236 3239 3416
f 3237 3238 3241
f 3237 3240 3241
f 3238 3241 3419
f 3238 3417 3419
f 3239 3242 3418
f 3239 3416 3418
f 3241 3243 3419
f 3242 3244 3422
f 3242 3418 3420
f 3242 3420 3422
f 3243 3245 3421
f 3243 3419 3421
f 3244 3246 3424
f 3244 3422 3424
f 3245 3247 3423
f 3245 3421 3423
f 3246 3248 3427
f 3246 3424 3427
f 3247 3249 3426
f 3247 3423 3426
f 3248 3250 3430
f 3248 3427 3430
f 3249 3252 3432
f 3249 3426 3429
f 3249 3429 3432
f 3250 3253 3430
f 3251 3252 3255
f 3251 3252 3431
f 3251 3254 3255
f 3251 3254 3431
f 3252 3431 3432
f 3253 3256 3433
f 3253 3430 3433
f 3254 3255 3257
f 3254 3257 3436
f 3254 3431 3434
f 3254 3434 3436
f 3255 3257 3258
f 3256 3259 3435
f 3256 3433 3435
f 3257 3258 3260
f 3257 3260 3438
f 3257 3436 3438
f 3258 3260 3261
f 3259 3262 3439
f 3259 3435 3437
f 3259 3437 3439
f 3260 3261 3264
f 3260 3263 3264
f 3260 3263 3440
f 3260 3438 3440
f 3262 3265 3441
f 3262 3439 3441
f 3263 3266 3443
f 3263 3440 3443
f 3265 3267 3441
f 3266 3268 3446
f 3266 3443 3446
f 3267 3269 3447
f 3267 3441 3444
f 3267 3444 3447
f 3268 3270 3450
f 3268 3446 3450
f 3269 3271 3451
f 3269 3447 3451
f 3270 3273 3450
f 3271 3272 3452
f 3271 3272 3455
f 3271 3274 3275
f 3271 3275 3455
f 3271 3451 3452
f 3272 3452 3455
f 3273 3276 3458
f 3273 3450 3454
f 3273 3454 3458
f 3274 3275 3277
f 3275 3277 3278
f 3275 3278 3455
f 3276 3280 3458
f 3277 3278 3281
f 3278 3281 3282
f 3278 3282 3464
f 3278 3455 3459
f 3278 3459 3464
f 3279 3280 3284
f 3279 3280 3462
f 3279 3283 3284
f 3279 3283 3469
f 3279 3462 3469
f 3280 3458 3463
f 3280 3462 3463
f 3281 3282 3285
f 3282 3285 3286
f 3282 3286 3464
f 3283 3284 3289
f 3283 3288 3289
f 3283 3288 3475
f 3283 3469 3475
f 3286 3287 3290
f 3286 3287 3471
f 3286 3464 3470
f 3286 3470 3471
f 3287 3290 3291
f 3287 3291 3471
f 3288 3289 3294
f 3288 3293 3294
f 3288 3293 3475
f 3290 3291 3296
f 3290 3295 3296
f 3291 3296 3477
f 3291 3471 3476
f 3291 3476 3477
f 3292 3293 3299
f 3292 3293 3479
f 3292 3299 3479
f 3293 3294 3301
f 3293 3299 3300
f 3293 3300 3301
f 3293 3475 3480
f 3293 3479 3480
f 3295 3296 3302
f 3296 3297 3304
f 3296 3297 3477
f 3296 3302 3303
f 3296 3303 3304
f 3297 3298 3304
f 3297 3298 3481
f 3297 3477 3481
f 3298 3299 3305
f 3298 3299 3482
f 3298 3304 3305
f 3298 3481 3482
f 3299 3300 3306
f 3299 3305 3306
f 3299 3479 3483
f 3299 3482 3483
f 3300 3306 3307
f 3302 3303 3308
f 3303 3304 3308
f 3304 3305 3310
f 3304 3308 3309
f 3304 3309 3310
f 3305 3306 3311
f 3305 3310 3311
f 3306 3307 3312
f 3306 3311 3312
f 3308 3309 3314
f 3308 3313 3314
f 3309 3310 3315
f 3309 3314 3315
f 3310 3311 3316
f 3310 3315 3316
f 3317 3318 3324
f 3318 3319 3485
f 3318 3324 3325
f 3318 3325 3484
f 3318 3484 3485
f 3318 3484 3489
f 3319 3320 3485
f 3320 3321 3487
f 3320 3485 3486
f 3320 3486 3487
f 3321 3322 3327
f 3321 3326 3327
f 3321 3326 3491
f 3321 3487 3491
f 3323 3324 3329
f 3324 3325 3489
f 3324 3329 3330
f 3324 3330 3488
f 3324 3488 3489
f 3325 3484 3489
f 3326 3327 3491
f 3327 3328 3332
f 3327 3331 3332
f 3327 3331 3492
f 3327 3491 3492
f 3329 3330 3494
f 3329 3333 3493
f 3329 3493 3494
f 3330 3488 3494
f 3331 3332 3495
f 3331 3492 3495
f 3332 3334 3496
f 3332 3495 3496
f 3333 3336 3501
f 3333 3493 3498
f 3333 3498 3501
f 3334 3337 3502
f 3334 3496 3499
f 3334 3499 3502
f 3335 3336 3338
f 3335 3336 3500
f 3335 3338 3504
f 3335 3500 3504
f 3336 3338 3339
f 3336 3500 3501
f 3337 3340 3341
f 3337 3341 3505
f 3337 3502 3503
f 3337 3503 3505
f 3338 3339 3342
f 3338 3342 3506
f 3338 3504 3506
f 3339 3342 3343
f 3340 3341 3345
f 3340 3344 3345
f 3341 3345 3507
f 3341 3505 3507
f 3342 3343 3506
f 3343 3346 3506
f 3344 3345 3349
f 3345 3349 3511
f 3345 3507 3511
f 3346 3347 3350
f 3346 3350 3513
f 3346 3506 3508
f 3346 3508 3509
f 3346 3509 3513
f 3347 3350 3351
f 3348 3349 3357
f 3348 3356 3357
f 3349 3357 3516
f 3349 3510 3511
f 3349 3510 3516
f 3350 3351 3513
f 3351 3352 3359
f 3351 3358 3359
f 3351 3358 3519
f 3351 3513 3514
f 3351 3514 3519
f 3352 3359 3360
f 3353 3354 3361
f 3353 3360 3361
f 3354 3355 3361
f 3355 3356 3362
f 3355 3361 3362
f 3356 3357 3515
f 3356 3362 3363
f 3356 3363 3524
f 3356 3515 3524
f 3357 3515 3516
f 3358 3359 3519
f 3359 3360 3520
f 3359 3519 3520
f 3360 3361 3521
f 3360 3520 3521
f 3360 3521 3529
f 3361 3362 3522
f 3361 3521 3522
f 3362 3363 3523
f 3362 3522 3523
f 3363 3523 3524
f 3364 3365 3369
f 3364 3365 3554
f 3364 3368 3369
f 3364 3368 3552
f 3364 3552 3553
f 3364 3553 3554
f 3365 3366 3369
f 3365 3366 3555
f 3365 3554 3555
f 3366 3369 3370
f 3366 3370 3555
f 3367 3368 3374
f 3367 3368 3552
f 3367 3373 3374
f 3367 3373 3559
f 3367 3552 3559
f 3368 3369 3374
f 3369 3370 3376
f 3369 3374 3375
f 3369 3375 3376
f 3370 3371 3376
f 3370 3371 3561
f 3370 3555 3560
f 3370 3560 3561
f 3371 3376 3377
f 3371 3377 3561
f 3372 3373 3379
f 3372 3373 3564
f 3372 3378 3379
f 3372 3378 3569
f 3372 3564 3569
f 3373 3374 3379
f 3373 3559 3565
f 3373 3564 3565
f 3374 3375 3381
f 3374 3379 3380
f 3374 3380 3381
f 3375 3376 3381
f 3376 3377 3383
f 3376 3381 3382
f 3376 3382 3383
f 3377 3383 3567
f 3377 3561 3566
f 3377 3566 3567
f 3378 3379 3386
f 3378 3385 3386
f 3378 3385 3572
f 3378 3569 3572
f 3383 3384 3388
f 3383 3384 3567
f 3383 3387 3388
f 3384 3388 3573
f 3384 3567 3570
f 3384 3570 3573
f 3385 3386 3389
f 3385 3389 3576
f 3385 3572 3576
f 3386 3389 3390
f 3387 3388 3391
f 3388 3391 3392
f 3388 3392 3577
f 3388 3573 3577
f 3389 3394 3575
f 3389 3575 3576
f 3392 3395 3580
f 3392 3577 3580
f 3393 3394 3396
f 3393 3394 3579
f 3393 3396 3582
f 3393 3579 3582
f 3394 3396 3397
f 3394 3575 3579
f 3395 3398 3580
f 3396 3397 3399
f 3396 3399 3582
f 3397 3399 3400
f 3398 3401 3583
f 3398 3580 3583
f 3399 3400 3403
f 3399 3403 3585
f 3399 3582 3585
f 3401 3402 3404
f 3401 3402 3587
f 3401 3583 3586
f 3401 3586 3587
f 3402 3404 3405
f 3402 3405 3589
f 3402 3587 3589
f 3403 3406 3588
f 3403 3585 3588
f 3404 3405 3407
f 3405 3407 3408
f 3405 3408 3591
f 3405 3589 3591
f 3406 3409 3592
f 3406 3588 3590
f 3406 3590 3592
f 3407 3408 3411
f 3407 3410 3411
f 3408 3411 3593
f 3408 3591 3593
f 3409 3412 3594
f 3409 3592 3594
f 3411 3413 3595
f 3411 3593 3595
f 3412 3414 3596
f 3412 3594 3596
f 3413 3415 3597
f 3413 3595 3597
f 3414 3416 3596
f 3415 3417 3599
f 3415 3597 3599
f 3416 3418 3600
f 3416 3596 3598
f 3416 3598 3600
f 3417 3419 3599
f 3418 3420 3602
f 3418 3600 3602
f 3419 3421 3604
f 3419 3599 3601
f 3419 3601 3604
f 3420 3422 3602
f 3421 3423 3604
f 3422 3424 3608
f 3422 3602 3605
f 3422 3605 3608
f 3423 3426 3606
f 3423 3604 3607
f 3423 3606 3607
f 3424 3427 3608
f 3425 3426 3428
f 3425 3426 3609
f 3425 3428 3611
f 3425 3609 3611
f 3426 3428 3429
f 3426 3606 3609
f 3427 3430 3612
f 3427 3608 3610
f 3427 3610 3612
f 3428 3429 3431
f 3428 3431 3611
f 3429 3431 3432
f 3430 3433 3612
f 3431 3434 3615
f 3431 3611 3613
f 3431 3613 3615
f 3433 3435 3614
f 3433 3612 3614
f 3434 3436 3618
f 3434 3615 3618
f 3435 3437 3619
f 3435 3614 3616
f 3435 3616 3619
f 3436 3438 3618
f 3437 3439 3619
f 3438 3440 3621
f 3438 3618 3621
f 3439 3441 3626
f 3439 3619 3622
f 3439 3622 3623
f 3439 3623 3626
f 3440 3443 3625
f 3440 3621 3625
f 3441 3442 3445
f 3441 3442 3626
f 3441 3444 3445
f 3442 3445 3629
f 3442 3626 3629
f 3443 3446 3628
f 3443 3625 3628
f 3444 3445 3448
f 3444 3447 3448
f 3445 3448 3629
f 3446 3450 3636
f 3446 3628 3632
f 3446 3631 3632
f 3446 3631 3636
f 3447 3448 3451
f 3448 3451 3452
f 3448 3452 3633
f 3448 3629 3633
f 3449 3450 3453
f 3449 3450 3636
f 3449 3453 3642
f 3449 3636 3642
f 3450 3453 3454
f 3452 3455 3643
f 3452 3633 3637
f 3452 3637 3643
f 3453 3454 3457
f 3453 3457 3648
f 3453 3642 3648
f 3454 3457 3458
f 3455 3456 3459
f 3455 3456 3644
f 3455 3643 3644
f 3456 3459 3460
f 3456 3460 3644
f 3457 3458 3463
f 3457 3462 3463
f 3457 3462 3653
f 3457 3648 3653
f 3459 3460 3465
f 3459 3464 3465
f 3460 3465 3466
f 3460 3466 3650
f 3460 3644 3649
f 3460 3649 3650
f 3461 3462 3469
f 3461 3462 3652
f 3461 3468 3469
f 3461 3468 3652
f 3462 3652 3653
f 3464 3465 3471
f 3464 3470 3471
f 3465 3466 3472
f 3465 3471 3472
f 3466 3467 3473
f 3466 3467 3654
f 3466 3472 3473
f 3466 3650 3654
f 3467 3468 3473
f 3467 3468 3655
f 3467 3654 3655
f 3468 3469 3474
f 3468 3473 3474
f 3468 3652 3655
f 3469 3474 3475
f 3471 3472 3477
f 3471 3476 3477
f 3472 3473 3477
f 3473 3474 3479
f 3473 3477 3478
f 3473 3478 3479
f 3474 3475 3479
f 3475 3479 3480
f 3477 3478 3481
f 3478 3479 3482
f 3478 3481 3482
f 3479 3482 3483
f 3484 3485 3489
f 3485 3486 3657
f 3485 3489 3490
f 3485 3490 3661
f 3485 3656 3657
f 3485 3656 3661
f 3486 3487 3658
f 3486 3657 3658
f 3487 3491 3663
f 3487 3658 3663
f 3488 3489 3660
f 3488 3494 3659
f 3488 3659 3660
f 3489 3490 3660
f 3490 3660 3661
f 3491 3492 3664
f 3491 3663 3664
f 3492 3495 3664
f 3493 3494 3666
f 3493 3498 3670
f 3493 3665 3666
f 3493 3665 3670
f 3494 3659 3666
f 3495 3496 3668
f 3495 3664 3667
f 3495 3667 3668
f 3496 3499 3668
f 3497 3498 3500
f 3497 3498 3669
f 3497 3500 3673
f 3497 3669 3673
f 3498 3500 3501
f 3498 3669 3670
f 3499 3502 3671
f 3499 3668 3671
f 3500 3504 3677
f 3500 3673 3677
f 3502 3503 3675
f 3502 3671 3674
f 3502 3674 3675
f 3503 3505 3678
f 3503 3675 3678
f 3504 3506 3680
f 3504 3677 3680
f 3505 3507 3678
f 3506 3508 3680
f 3507 3511 3681
f 3507 3678 3681
f 3508 3509 3513
f 3508 3512 3513
f 3508 3512 3687
f 3508 3680 3683
f 3508 3683 3687
f 3510 3511 3516
f 3511 3516 3517
f 3511 3517 3690
f 3511 3681 3684
f 3511 3684 3690
f 3512 3513 3687
f 3513 3514 3519
f 3513 3518 3519
f 3513 3518 3694
f 3513 3687 3688
f 3513 3688 3694
f 3515 3516 3525
f 3515 3524 3525
f 3516 3517 3690
f 3516 3525 3695
f 3516 3689 3690
f 3516 3689 3695
f 3518 3519 3527
f 3518 3526 3527
f 3518 3526 3694
f 3519 3520 3527
f 3520 3521 3528
f 3520 3527 3528
f 3521 3522 3530
f 3521 3528 3529
f 3521 3529 3530
f 3522 3523 3530
f 3523 3524 3532
f 3523 3530 3531
f 3523 3531 3532
f 3524 3525 3533
f 3524 3532 3533
f 3525 3533 3703
f 3525 3695 3703
f 3526 3527 3698
f 3526 3694 3698
f 3527 3528 3534
f 3527 3534 3704
f 3527 3698 3699
f 3527 3699 3704
f 3528 3529 3536
f 3528 3534 3535
f 3528 3535 3536
f 3528 3535 3705
f 3529 3530 3706
f 3529 3536 3706
f 3530 3531 3700
f 3530 3700 3707
f 3530 3706 3707
f 3531 3532 3701
f 3531 3700 3708
f 3531 3701 3708
f 3532 3533 3702
f 3532 3701 3702
f 3533 3702 3703
f 3534 3535 3704
f 3535 3536 3706
f 3535 3704 3705
f 3535 3705 3706
f 3537 3538 3542
f 3537 3538 3727
f 3537 3540 3541
f 3537 3540 3726
f 3537 3541 3542
f 3537 3726 3727
f 3538 3539 3542
f 3538 3539 3727
f 3539 3542 3543
f 3539 3543 3733
f 3539 3727 3728
f 3539 3728 3733
f 3540 3541 3547
f 3540 3541 3732
f 3540 3546 3547
f 3540 3546 3732
f 3540 3725 3726
f 3540 3725 3732
f 3541 3542 3548
f 3541 3547 3548
f 3542 3543 3548
f 3543 3544 3550
f 3543 3544 3734
f 3543 3548 3549
f 3543 3549 3550
f 3543 3728 3733
f 3543 3728 3734
f 3544 3550 3734
f 3544 3550 3739
f 3544 3734 3739
f 3545 3546 3551
f 3545 3546 3737
f 3545 3551 3742
f 3545 3737 3742
f 3546 3547 3553
f 3546 3551 3552
f 3546 3552 3553
f 3546 3732 3738
f 3546 3737 3738
f 3547 3548 3554
f 3547 3553 3554
f 3548 3549 3554
f 3549 3550 3556
f 3549 3554 3555
f 3549 3555 3556
f 3550 3556 3743
f 3550 3739 3743
f 3551 3552 3558
f 3551 3558 3745
f 3551 3742 3745
f 3552 3558 3559
f 3555 3556 3560
f 3556 3557 3562
f 3556 3557 3743
f 3556 3560 3561
f 3556 3561 3562
f 3557 3562 3743
f 3558 3559 3564
f 3558 3564 3749
f 3558 3745 3749
f 3559 3564 3565
f 3561 3562 3567
f 3561 3566 3567
f 3562 3567 3750
f 3562 3743 3746
f 3562 3746 3750
f 3563 3564 3568
f 3563 3564 3748
f 3563 3568 3752
f 3563 3748 3752
f 3564 3568 3569
f 3564 3748 3749
f 3567 3570 3750
f 3568 3569 3572
f 3568 3571 3572
f 3568 3571 3755
f 3568 3752 3755
f 3570 3573 3753
f 3570 3750 3753
f 3571 3572 3575
f 3571 3575 3755
f 3572 3575 3576
f 3573 3574 3578
f 3573 3574 3757
f 3573 3577 3578
f 3573 3753 3756
f 3573 3756 3757
f 3574 3578 3759
f 3574 3757 3759
f 3575 3579 3758
f 3575 3755 3758
f 3577 3578 3581
f 3577 3578 3759
f 3577 3580 3581
f 3578 3581 3761
f 3578 3759 3761
f 3579 3582 3762
f 3579 3758 3760
f 3579 3760 3762
f 3580 3581 3583
f 3581 3583 3584
f 3581 3584 3761
f 3582 3585 3764
f 3582 3762 3764
f 3583 3584 3586
f 3584 3586 3587
f 3584 3587 3763
f 3584 3761 3763
f 3585 3588 3764
f 3587 3589 3767
f 3587 3763 3765
f 3587 3765 3767
f 3588 3590 3768
f 3588 3764 3766
f 3588 3766 3768
f 3589 3591 3769
f 3589 3767 3769
f 3590 3592 3770
f 3590 3768 3770
f 3591 3593 3771
f 3591 3769 3771
f 3592 3594 3770
f 3593 3595 3773
f 3593 3771 3773
f 3594 3596 3774
f 3594 3770 3772
f 3594 3772 3774
f 3595 3597 3773
f 3596 3598 3774
f 3597 3599 3778
f 3597 3773 3775
f 3597 3775 3778
f 3598 3600 3779
f 3598 3774 3776
f 3598 3776 3779
f 3599 3601 3778
f 3600 3602 3779
f 3601 3604 3784
f 3601 3778 3781
f 3601 3781 3784
f 3602 3605 3782
f 3602 3779 3782
f 3603 3604 3606
f 3603 3604 3783
f 3603 3606 3783
f 3604 3606 3607
f 3604 3783 3784
f 3605 3608 3785
f 3605 3782 3785
f 3606 3609 3788
f 3606 3783 3786
f 3606 3786 3788
f 3608 3610 3787
f 3608 3785 3787
f 3609 3611 3790
f 3609 3788 3790
f 3610 3612 3789
f 3610 3787 3789
f 3611 3613 3793
f 3611 3790 3793
f 3612 3614 3794
f 3612 3789 3791
f 3612 3791 3794
f 3613 3615 3797
f 3613 3793 3797
f 3614 3616 3794
f 3615 3618 3801
f 3615 3797 3801
f 3616 3617 3620
f 3616 3617 3799
f 3616 3619 3620
f 3616 3794 3798
f 3616 3798 3799
f 3617 3620 3799
f 3618 3621 3801
f 3619 3620 3622
f 3620 3622 3623
f 3620 3623 3805
f 3620 3799 3802
f 3620 3802 3805
f 3621 3625 3804
f 3621 3801 3804
f 3623 3626 3805
f 3624 3625 3628
f 3624 3625 3808
f 3624 3627 3628
f 3624 3627 3814
f 3624 3808 3814
f 3625 3804 3808
f 3626 3629 3815
f 3626 3805 3809
f 3626 3809 3815
f 3627 3628 3631
f 3627 3631 3814
f 3628 3631 3632
f 3629 3630 3634
f 3629 3630 3816
f 3629 3633 3634
f 3629 3815 3816
f 3630 3634 3816
f 3631 3636 3819
f 3631 3814 3820
f 3631 3819 3820
f 3633 3634 3638
f 3633 3637 3638
f 3634 3638 3822
f 3634 3816 3821
f 3634 3821 3822
f 3635 3636 3641
f 3635 3636 3824
f 3635 3641 3824
f 3636 3641 3642
f 3636 3819 3824
f 3637 3638 3643
f 3638 3639 3645
f 3638 3639 3825
f 3638 3643 3644
f 3638 3644 3645
f 3638 3822 3825
f 3639 3640 3646
f 3639 3640 3825
f 3639 3645 3646
f 3640 3641 3646
f 3640 3641 3827
f 3640 3825 3826
f 3640 3826 3827
f 3641 3642 3647
f 3641 3646 3647
f 3641 3824 3827
f 3642 3647 3648
f 3644 3645 3650
f 3644 3649 3650
f 3645 3646 3651
f 3645 3650 3651
f 3646 3647 3651
f 3647 3648 3653
f 3647 3651 3652
f 3647 3652 3653
f 3650 3651 3654
f 3651 3652 3655
f 3651 3654 3655
f 3656 3657 3662
f 3656 3661 3662
f 3657 3658 3663
f 3657 3662 3663
f 3659 3660 3829
f 3659 3666 3828
f 3659 3828 3829
f 3660 3661 3829
f 3661 3662 3831
f 3661 3829 3830
f 3661 3830 3831
f 3662 3663 3831
f 3663 3664 3833
f 3663 3831 3832
f 3663 3832 3833
f 3664 3667 3833
f 3665 3666 3834
f 3665 3670 3834
f 3666 3828 3835
f 3666 3834 3835
f 3667 3668 3836
f 3667 3833 3836
f 3668 3671 3837
f 3668 3836 3837
f 3669 3670 3838
f 3669 3673 3843
f 3669 3838 3843
f 3670 3834 3839
f 3670 3838 3839
f 3671 3672 3675
f 3671 3672 3841
f 3671 3674 3675
f 3671 3837 3840
f 3671 3840 3841
f 3672 3675 3841
f 3673 3677 3843
f 3675 3678 3847
f 3675 3841 3844
f 3675 3844 3847
f 3676 3677 3680
f 3676 3677 3845
f 3676 3679 3680
f 3676 3679 3845
f 3677 3843 3846
f 3677 3845 3846
f 3678 3681 3847
f 3679 3680 3682
f 3679 3682 3850
f 3679 3845 3850
f 3680 3682 3683
f 3681 3684 3851
f 3681 3847 3851
f 3682 3683 3686
f 3682 3686 3857
f 3682 3850 3854
f 3682 3854 3857
f 3683 3686 3687
f 3684 3685 3690
f 3684 3685 3856
f 3684 3851 3855
f 3684 3855 3856
f 3685 3690 3691
f 3685 3691 3859
f 3685 3856 3859
f 3686 3687 3693
f 3686 3692 3693
f 3686 3692 3860
f 3686 3857 3860
f 3687 3688 3694
f 3687 3693 3694
f 3689 3690 3696
f 3689 3695 3696
f 3690 3691 3859
f 3690 3696 3858
f 3690 3858 3859
f 3692 3693 3860
f 3693 3694 3698
f 3693 3697 3698
f 3693 3697 3864
f 3693 3860 3861
f 3693 3861 3864
f 3695 3696 3868
f 3695 3703 3868
f 3696 3858 3862
f 3696 3862 3868
f 3697 3698 3864
f 3698 3699 3704
f 3698 3704 3865
f 3698 3864 3865
f 3700 3707 3708
f 3701 3702 3708
f 3702 3703 3875
f 3702 3708 3709
f 3702 3709 3875
f 3703 3866 3867
f 3703 3866 3875
f 3703 3867 3868
f 3704 3705 3870
f 3704 3865 3870
f 3705 3706 3871
f 3705 3870 3871
f 3706 3707 3872
f 3706 3871 3872
f 3707 3708 3873
f 3707 3872 3873
f 3708 3709 3875
f 3708 3873 3874
f 3708 3874 3875
f 3710 3711 3715
f 3710 3711 3897
f 3710 3714 3715
f 3710 3714 3897
f 3711 3712 3716
f 3711 3712 3899
f 3711 3715 3716
f 3711 3897 3898
f 3711 3898 3899
f 3712 3716 3899
f 3713 3714 3720
f 3713 3714 3904
f 3713 3719 3720
f 3713 3719 3910
f 3713 3903 3904
f 3713 3903 3910
f 3714 3715 3721
f 3714 3720 3721
f 3714 3897 3904
f 3715 3716 3722
f 3715 3721 3722
f 3716 3717 3723
f 3716 3717 3906
f 3716 3722 3723
f 3716 3899 3905
f 3716 3905 3906
f 3717 3723 3906
f 3718 3719 3725
f 3718 3719 3909
f 3718 3724 3725
f 3718 3724 3909
f 3719 3720 3725
f 3719 3909 3910
f 3720 3721 3727
f 3720 3725 3726
f 3720 3726 3727
f 3721 3722 3728
f 3721 3727 3728
f 3722 3723 3729
f 3722 3728 3729
f 3723 3729 3915
f 3723 3906 3911
f 3723 3911 3912
f 3723 3912 3915
f 3724 3725 3731
f 3724 3731 3918
f 3724 3909 3914
f 3724 3914 3918
f 3725 3731 3732
f 3728 3729 3734
f 3729 3730 3734
f 3729 3730 3915
f 3730 3734 3735
f 3730 3735 3915
f 3731 3732 3738
f 3731 3737 3738
f 3731 3737 3918
f 3734 3735 3740
f 3734 3739 3740
f 3735 3740 3919
f 3735 3915 3919
f 3736 3737 3741
f 3736 3737 3921
f 3736 3741 3924
f 3736 3921 3924
f 3737 3741 3742
f 3737 3918 3921
f 3739 3740 3743
f 3740 3743 3925
f 3740 3919 3922
f 3740 3922 3925
f 3741 3742 3744
f 3741 3744 3927
f 3741 3924 3927
f 3742 3744 3745
f 3743 3746 3928
f 3743 3925 3926
f 3743 3926 3928
f 3744 3745 3749
f 3744 3748 3749
f 3744 3748 3927
f 3746 3747 3751
f 3746 3747 3928
f 3746 3750 3751
f 3747 3751 3930
f 3747 3928 3930
f 3748 3752 3931
f 3748 3927 3929
f 3748 3929 3931
f 3750 3751 3753
f 3751 3753 3754
f 3751 3754 3930
f 3752 3755 3931
f 3753 3754 3757
f 3753 3756 3757
f 3754 3757 3934
f 3754 3930 3932
f 3754 3932 3934
f 3755 3758 3935
f 3755 3931 3933
f 3755 3933 3935
f 3757 3759 3936
f 3757 3934 3936
f 3758 3760 3935
f 3759 3761 3938
f 3759 3936 3938
f 3760 3762 3939
f 3760 3935 3937
f 3760 3937 3939
f 3761 3763 3940
f 3761 3938 3940
f 3762 3764 3941
f 3762 3939 3941
f 3763 3765 3940
f 3764 3766 3941
f 3765 3767 3944
f 3765 3940 3942
f 3765 3942 3944
f 3766 3768 3943
f 3766 3941 3943
f 3767 3769 3946
f 3767 3944 3946
f 3768 3770 3947
f 3768 3943 3945
f 3768 3945 3947
f 3769 3771 3946
f 3770 3772 3949
f 3770 3947 3949
f 3771 3773 3948
f 3771 3946 3948
f 3772 3774 3951
f 3772 3949 3951
f 3773 3775 3953
f 3773 3948 3950
f 3773 3950 3953
f 3774 3776 3951
f 3775 3778 3953
f 3776 3779 3954
f 3776 3951 3954
f 3777 3778 3780
f 3777 3778 3955
f 3777 3780 3958
f 3777 3955 3958
f 3778 3780 3781
f 3778 3953 3956
f 3778 3955 3956
f 3779 3782 3957
f 3779 3954 3957
f 3780 3781 3783
f 3780 3783 3960
f 3780 3958 3960
f 3781 3783 3784
f 3782 3785 3959
f 3782 3957 3959
f 3783 3786 3960
f 3785 3787 3961
f 3785 3959 3961
f 3786 3788 3962
f 3786 3960 3962
f 3787 3789 3963
f 3787 3961 3963
f 3788 3790 3969
f 3788 3962 3965
f 3788 3965 3969
f 3789 3791 3966
f 3789 3963 3966
f 3790 3793 3972
f 3790 3969 3972
f 3791 3792 3795
f 3791 3792 3970
f 3791 3794 3795
f 3791 3966 3970
f 3792 3795 3970
f 3793 3797 3977
f 3793 3972 3977
f 3794 3795 3799
f 3794 3798 3799
f 3795 3799 3978
f 3795 3970 3973
f 3795 3973 3978
f 3796 3797 3800
f 3796 3797 3977
f 3796 3800 3976
f 3796 3976 3977
f 3797 3800 3801
f 3799 3802 3978
f 3800 3801 3803
f 3800 3803 3989
f 3800 3976 3983
f 3800 3983 3989
f 3801 3803 3804
f 3802 3805 3985
f 3802 3978 3984
f 3802 3984 3985
f 3803 3804 3808
f 3803 3808 3994
f 3803 3989 3994
f 3805 3806 3810
f 3805 3806 3990
f 3805 3809 3810
f 3805 3985 3990
f 3806 3810 3990
f 3807 3808 3814
f 3807 3808 3993
f 3807 3813 3814
f 3807 3813 3997
f 3807 3993 3997
f 3808 3993 3994
f 3809 3810 3816
f 3809 3815 3816
f 3810 3811 3817
f 3810 3811 3995
f 3810 3816 3817
f 3810 3990 3995
f 3811 3812 3817
f 3811 3812 3996
f 3811 3995 3996
f 3812 3813 3819
f 3812 3813 3996
f 3812 3817 3818
f 3812 3818 3819
f 3813 3814 3820
f 3813 3819 3820
f 3813 3996 3997
f 3816 3817 3822
f 3816 3821 3822
f 3817 3818 3822
f 3818 3819 3824
f 3818 3822 3823
f 3818 3823 3824
f 3822 3823 3825
f 3823 3824 3827
f 3823 3825 3826
f 3823 3826 3827
f 3828 3829 4002
f 3828 3835 4009
f 3828 4001 4002
f 3828 4001 4009
f 3829 3830 4003
f 3829 4002 4003
f 3830 3831 4003
f 3831 3832 4005
f 3831 4003 4004
f 3831 4004 4005
f 3832 3833 4006
f 3832 4005 4006
f 3833 3836 4010
f 3833 4006 4010
f 3834 3835 4008
f 3834 3838 3839
f 3834 3838 4007
f 3834 4007 4008
f 3835 4008 4009
f 3836 3837 4010
f 3837 3840 4015
f 3837 4010 4011
f 3837 4011 4015
f 3838 3843 4017
f 3838 4007 4014
f 3838 4014 4017
f 3840 3841 4016
f 3840 4015 4016
f 3841 3844 4016
f 3842 3843 3845
f 3842 3843 4017
f 3842 3845 4021
f 3842 4017 4021
f 3843 3845 3846
f 3844 3847 4022
f 3844 4016 4018
f 3844 4018 4022
f 3845 3850 4021
f 3847 3848 3852
f 3847 3848 4023
f 3847 3851 3852
f 3847 4022 4023
f 3848 3852 4023
f 3849 3850 3854
f 3849 3850 4024
f 3849 3853 3854
f 3849 3853 4024
f 3850 4021 4024
f 3850 4024 4025
f 3851 3852 3856
f 3851 3855 3856
f 3852 3856 4029
f 3852 4023 4026
f 3852 4026 4029
f 3853 3854 4027
f 3853 4024 4027
f 3854 3857 4028
f 3854 4027 4028
f 3856 3859 4031
f 3856 4029 4031
f 3857 3860 4030
f 3857 4028 4030
f 3858 3859 3862
f 3859 3862 3863
f 3859 3862 4031
f 3860 3861 4032
f 3860 4030 4032
f 3861 3864 4036
f 3861 4032 4033
f 3861 4033 4036
f 3862 3868 4034
f 3862 4031 4035
f 3862 4034 4035
f 3864 3865 4036
f 3865 3869 3870
f 3865 3869 4041
f 3865 4036 4037
f 3865 4037 4041
f 3866 3867 3875
f 3867 3868 4038
f 3867 3875 3876
f 3867 3876 4046
f 3867 4038 4046
f 3868 4034 4039
f 3868 4038 4039
f 3869 3870 4042
f 3869 4041 4042
f 3870 3871 4043
f 3870 4042 4043
f 3871 3872 3877
f 3871 3877 4043
f 3872 3873 3878
f 3872 3877 3878
f 3873 3874 3879
f 3873 3878 3879
f 3874 3875 4044
f 3874 3879 3880
f 3874 3880 4044
f 3875 3876 4045
f 3875 4044 4045
f 3876 4045 4046
f 3877 3878 4048
f 3877 4043 4048
f 3878 3879 4049
f 3878 4048 4049
f 3879 3880 4050
f 3879 4049 4050
f 3880 4044 4051
f 3880 4050 4051
f 3881 3882 3885
f 3881 3882 4055
f 3881 3885 4054
f 3881 4054 4055
f 3882 3883 3887
f 3882 3883 4056
f 3882 3885 3886
f 3882 3886 3887
f 3882 4055 4056
f 3883 3887 4056
f 3884 3885 3891
f 3884 3885 4058
f 3884 3890 3891
f 3884 3890 4058
f 3885 3886 3892
f 3885 3891 3892
f 3885 4054 4059
f 3885 4058 4059
f 3886 3887 3892
f 3887 3888 3894
f 3887 3888 4061
f 3887 3892 3893
f 3887 3893 3894
f 3887 4056 4060
f 3887 4060 4061
f 3888 3894 4066
f 3888 4061 4066
f 3889 3890 3896
f 3889 3890 4064
f 3889 3895 3896
f 3889 3895 4064
f 3890 3891 3897
f 3890 3896 3897
f 3890 4058 4065
f 3890 4064 4065
f 3891 3892 3897
f 3892 3893 3899
f 3892 3897 3898
f 3892 3898 3899
f 3893 3894 3899
f 3894 3899 3900
f 3894 3900 4067
f 3894 4066 4067
f 3895 3896 3902
f 3895 3902 4069
f 3895 4064 4069
f 3896 3897 3904
f 3896 3902 3903
f 3896 3903 3904
f 3899 3900 3905
f 3900 3901 3907
f 3900 3901 4070
f 3900 3905 3906
f 3900 3906 3907
f 3900 4067 4070
f 3901 3907 4070
f 3902 3903 3909
f 3902 3909 4072
f 3902 4069 4073
f 3902 4072 4073
f 3903 3909 3910
f 3906 3907 3912
f 3906 3911 3912
f 3907 3912 4077
f 3907 4070 4074
f 3907 4074 4077
f 3908 3909 3914
f 3908 3909 4076
f 3908 3913 3914
f 3908 3913 4076
f 3909 4072 4076
f 3912 3915 4077
f 3913 3914 3917
f 3913 3917 4079
f 3913 4076 4079
f 3914 3917 3918
f 3915 3916 3920
f 3915 3916 4081
f 3915 3919 3920
f 3915 4077 4080
f 3915 4080 4081
f 3916 3920 4083
f 3916 4081 4083
f 3917 3918 3921
f 3917 3921 4082
f 3917 4079 4082
f 3919 3920 3922
f 3920 3922 3923
f 3920 3923 4085
f 3920 4083 4085
f 3921 3924 4084
f 3921 4082 4084
f 3922 3923 3926
f 3922 3925 3926
f 3923 3926 4085
f 3924 3927 4086
f 3924 4084 4086
f 3926 3928 4090
f 3926 4085 4087
f 3926 4087 4090
f 3927 3929 4092
f 3927 4086 4089
f 3927 4089 4092
f 3928 3930 4090
f 3929 3931 4095
f 3929 4092 4095
f 3930 3932 4096
f 3930 4090 4093
f 3930 4093 4096
f 3931 3933 4095
f 3932 3934 4099
f 3932 4096 4099
f 3933 3935 4101
f 3933 4095 4098
f 3933 4098 4101
f 3934 3936 4102
f 3934 4099 4102
f 3935 3937 4104
f 3935 4101 4104
f 3936 3938 4105
f 3936 4102 4105
f 3937 3939 4106
f 3937 4104 4106
f 3938 3940 4105
f 3939 3941 4108
f 3939 4106 4108
f 3940 3942 4109
f 3940 4105 4107
f 3940 4107 4109
f 3941 3943 4108
f 3942 3944 4109
f 3943 3945 4112
f 3943 4108 4110
f 3943 4110 4112
f 3944 3946 4111
f 3944 4109 4111
f 3945 3947 4112
f 3946 3948 4116
f 3946 4111 4113
f 3946 4113 4116
f 3947 3949 4117
f 3947 4112 4114
f 3947 4114 4117
f 3948 3950 4116
f 3949 3951 4117
f 3950 3953 4121
f 3950 4116 4119
f 3950 4118 4119
f 3950 4118 4121
f 3951 3954 4122
f 3951 4117 4120
f 3951 4120 4122
f 3952 3953 3956
f 3952 3953 4121
f 3952 3955 3956
f 3952 3955 4123
f 3952 4121 4123
f 3954 3957 4122
f 3955 3958 4125
f 3955 4123 4125
f 3957 3959 4126
f 3957 4122 4124
f 3957 4124 4126
f 3958 3960 4128
f 3958 4125 4128
f 3959 3961 4129
f 3959 4126 4129
f 3960 3962 4128
f 3961 3963 4133
f 3961 4129 4133
f 3962 3965 4132
f 3962 4128 4132
f 3963 3964 3967
f 3963 3964 4134
f 3963 3966 3967
f 3963 4133 4134
f 3964 3967 4134
f 3965 3969 4140
f 3965 4132 4136
f 3965 4136 4140
f 3966 3967 3970
f 3967 3970 4137
f 3967 4134 4137
f 3968 3969 3971
f 3968 3969 4140
f 3968 3971 4146
f 3968 4140 4146
f 3969 3971 3972
f 3970 3973 4141
f 3970 4137 4141
f 3971 3972 3977
f 3971 3976 3977
f 3971 3976 4146
f 3973 3974 3978
f 3973 3974 4148
f 3973 4141 4147
f 3973 4147 4148
f 3974 3978 3979
f 3974 3979 4148
f 3975 3976 3982
f 3975 3976 4151
f 3975 3982 4156
f 3975 4151 4156
f 3976 3982 3983
f 3976 4146 4152
f 3976 4151 4152
f 3978 3979 3984
f 3979 3980 3985
f 3979 3980 4153
f 3979 3984 3985
f 3979 4148 4153
f 3980 3985 3986
f 3980 3986 4154
f 3980 4153 4154
f 3981 3982 3988
f 3981 3982 4156
f 3981 3987 3988
f 3981 3987 4155
f 3981 4155 4156
f 3982 3983 3988
f 3983 3988 3989
f 3985 3986 3991
f 3985 3990 3991
f 3986 3987 3992
f 3986 3987 4157
f 3986 3991 3992
f 3986 4154 4157
f 3987 3988 3993
f 3987 3992 3993
f 3987 4155 4157
f 3988 3989 3993
f 3989 3993 3994
f 3990 3991 3995
f 3991 3992 3996
f 3991 3995 3996
f 3992 3993 3996
f 3993 3996 3997
f 3998 3999 4004
f 3998 3999 4162
f 3998 4004 4161
f 3998 4161 4162
f 3999 4004 4005
f 3999 4005 4162
f 4000 4001 4008
f 4000 4001 4163
f 4000 4008 4163
f 4001 4002 4164
f 4001 4008 4009
f 4001 4163 4164
f 4002 4003 4166
f 4002 4164 4165
f 4002 4165 4166
f 4003 4004 4160
f 4003 4160 4166
f 4004 4160 4161
f 4005 4006 4167
f 4005 4162 4167
f 4006 4010 4168
f 4006 4167 4168
f 4007 4008 4170
f 4007 4014 4176
f 4007 4170 4176
f 4008 4163 4171
f 4008 4170 4171
f 4010 4011 4173
f 4010 4168 4172
f 4010 4172 4173
f 4011 4012 4016
f 4011 4012 4174
f 4011 4015 4016
f 4011 4173 4174
f 4012 4016 4177
f 4012 4174 4177
f 4013 4014 4017
f 4013 4014 4175
f 4013 4017 4179
f 4013 4175 4179
f 4014 4175 4176
f 4016 4018 4177
f 4017 4021 4179
f 4018 4019 4023
f 4018 4019 4180
f 4018 4022 4023
f 4018 4177 4178
f 4018 4178 4180
f 4019 4023 4183
f 4019 4180 4183
f 4020 4021 4024
f 4020 4021 4181
f 4020 4024 4184
f 4020 4181 4184
f 4021 4179 4182
f 4021 4181 4182
f 4023 4026 4183
f 4024 4027 4186
f 4024 4184 4186
f 4026 4029 4188
f 4026 4183 4185
f 4026 4185 4188
f 4027 4028 4186
f 4028 4030 4190
f 4028 4186 4187
f 4028 4187 4190
f 4029 4031 4191
f 4029 4188 4191
f 4030 4032 4192
f 4030 4190 4192
f 4031 4035 4191
f 4032 4033 4036
f 4032 4036 4195
f 4032 4192 4195
f 4034 4035 4194
f 4034 4039 4193
f 4034 4193 4194
f 4035 4191 4194
f 4036 4037 4041
f 4036 4040 4041
f 4036 4040 4198
f 4036 4195 4196
f 4036 4196 4198
f 4038 4039 4197
f 4038 4046 4197
f 4039 4193 4197
f 4040 4041 4198
f 4041 4042 4199
f 4041 4198 4199
f 4042 4043 4048
f 4042 4047 4048
f 4042 4047 4205
f 4042 4199 4200
f 4042 4200 4205
f 4044 4045 4051
f 4045 4046 4201
f 4045 4051 4052
f 4045 4052 4210
f 4045 4201 4210
f 4046 4197 4202
f 4046 4201 4202
f 4047 4048 4206
f 4047 4205 4206
f 4048 4049 4207
f 4048 4206 4207
f 4049 4050 4208
f 4049 4207 4208
f 4050 4051 4208
f 4051 4052 4209
f 4051 4208 4209
f 4052 4209 4210
f 5150 4053 5151
f 5152 4053 5153
f 5154 4054 5155
f 5156 4053 4054
f 5156 4054 5157
f 5158 4056 5159
f 5160 4054 4055
f 5160 4055 5161
f 5162 4055 4056
f 5162 4056 5163
f 5164 4056 5165
f 5166 4053 4058
f 5166 4058 5167
f 5168 4057 4058
f 5168 4058 5169
f 5170 4057 4215
f 5170 4215 5171
f 5172 4215 5173
f 4053 4054 4059
f 4053 4058 4059
f 4056 5174 5175
f 4056 5175 4061
f 4056 4060 4061
f 5176 4061 5177
f 5178 4061 4062
f 5178 4062 5179
f 5180 4062 5181
f 4057 4058 4065
f 4057 4064 4065
f 4057 4064 4214
f 4057 4214 4215
f 4061 4062 4066
f 4062 4066 4067
f 4062 4067 4216
f 4062 5182 5183
f 4062 5183 4216
f 4063 4064 4068
f 4063 4064 4218
f 4063 4068 4221
f 4063 4218 4221
f 4064 4068 4069
f 4064 4214 4218
f 4067 4070 4220
f 4067 4216 4219
f 4067 4219 4220
f 4068 4069 4073
f 4068 4072 4073
f 4068 4072 4221
f 4070 4071 4075
f 4070 4071 4222
f 4070 4074 4075
f 4070 4220 4222
f 4071 4075 4222
f 4072 4076 4227
f 4072 4221 4224
f 4072 4224 4227
f 4074 4075 4078
f 4074 4077 4078
f 4075 4078 4225
f 4075 4222 4225
f 4076 4079 4227
f 4077 4078 4081
f 4077 4080 4081
f 4078 4081 4231
f 4078 4225 4228
f 4078 4228 4231
f 4079 4082 4233
f 4079 4227 4230
f 4079 4230 4233
f 4081 4083 4231
f 4082 4084 4233
f 4083 4085 4237
f 4083 4231 4234
f 4083 4234 4237
f 4084 4086 4239
f 4084 4233 4236
f 4084 4236 4239
f 4085 4087 4237
f 4086 4089 4238
f 4086 4238 4239
f 4087 4090 4242
f 4087 4237 4240
f 4087 4240 4242
f 4088 4089 4091
f 4088 4089 4241
f 4088 4091 4243
f 4088 4241 4243
f 4089 4091 4092
f 4089 4238 4241
f 4090 4093 4244
f 4090 4242 4244
f 4091 4092 4094
f 4091 4094 4245
f 4091 4243 4245
f 4092 4094 4095
f 4093 4096 4246
f 4093 4244 4246
f 4094 4095 4097
f 4094 4097 4247
f 4094 4245 4247
f 4095 4097 4098
f 4096 4099 4248
f 4096 4246 4248
f 4097 4098 4101
f 4097 4101 4247
f 4099 4102 4248
f 4100 4101 4103
f 4100 4101 4247
f 4100 4101 4249
f 4100 4103 4249
f 4100 4247 4249
f 4101 4103 4104
f 4102 4105 4253
f 4102 4248 4250
f 4102 4250 4253
f 4103 4104 4251
f 4103 4249 4251
f 4104 4106 4254
f 4104 4251 4252
f 4104 4252 4254
f 4105 4107 4253
f 4106 4108 4256
f 4106 4254 4256
f 4107 4109 4257
f 4107 4253 4255
f 4107 4255 4257
f 4108 4110 4258
f 4108 4256 4258
f 4109 4111 4260
f 4109 4257 4260
f 4110 4112 4258
f 4111 4113 4260
f 4112 4114 4261
f 4112 4258 4261
f 4113 4116 4262
f 4113 4260 4263
f 4113 4262 4263
f 4114 4117 4266
f 4114 4261 4264
f 4114 4264 4266
f 4115 4116 4118
f 4115 4116 4262
f 4115 4118 4265
f 4115 4262 4265
f 4116 4118 4119
f 4117 4120 4266
f 4118 4121 4267
f 4118 4265 4267
f 4120 4122 4270
f 4120 4266 4268
f 4120 4268 4270
f 4121 4123 4269
f 4121 4267 4269
f 4122 4124 4270
f 4123 4125 4273
f 4123 4269 4273
f 4124 4126 4278
f 4124 4270 4274
f 4124 4274 4278
f 4125 4128 4277
f 4125 4273 4277
f 4126 4127 4130
f 4126 4127 4279
f 4126 4129 4130
f 4126 4278 4279
f 4127 4130 4279
f 4128 4131 4132
f 4128 4131 4281
f 4128 4277 4282
f 4128 4281 4282
f 4129 4130 4134
f 4129 4133 4134
f 4130 4134 4283
f 4130 4279 4283
f 4131 4132 4135
f 4131 4135 4286
f 4131 4281 4286
f 4132 4135 4136
f 4134 4137 4288
f 4134 4283 4287
f 4134 4287 4288
f 4135 4136 4140
f 4135 4140 4297
f 4135 4286 4292
f 4135 4292 4297
f 4137 4138 4141
f 4137 4138 4293
f 4137 4288 4293
f 4138 4141 4142
f 4138 4142 4293
f 4139 4140 4146
f 4139 4140 4296
f 4139 4145 4146
f 4139 4145 4296
f 4140 4296 4297
f 4141 4142 4148
f 4141 4147 4148
f 4142 4143 4149
f 4142 4143 4299
f 4142 4148 4149
f 4142 4293 4298
f 4142 4298 4299
f 4143 4144 4149
f 4143 4144 4299
f 4144 4145 4151
f 4144 4145 4300
f 4144 4149 4150
f 4144 4150 4151
f 4144 4299 4300
f 4145 4146 4151
f 4145 4296 4301
f 4145 4300 4301
f 4146 4151 4152
f 4148 4149 4154
f 4148 4153 4154
f 4149 4150 4154
f 4150 4151 4156
f 4150 4154 4155
f 4150 4155 4156
f 4154 4155 4157
f 4158 4159 4164
f 4158 4159 4303
f 4158 4164 4302
f 4158 4302 4303
f 4159 4160 4165
f 4159 4160 4166
f 4159 4160 4303
f 4159 4164 4165
f 4159 4165 4166
f 4160 4161 4304
f 4160 4303 4304
f 4161 4162 4305
f 4161 4304 4305
f 4162 4167 4168
f 4162 4168 4306
f 4162 4305 4306
f 4163 4164 4307
f 4163 4170 4171
f 4163 4171 4313
f 4163 4307 4314
f 4163 4313 4314
f 4164 4302 4308
f 4164 4307 4308
f 4168 4169 4172
f 4168 4169 4312
f 4168 4306 4311
f 4168 4311 4312
f 4169 4172 4173
f 4169 4173 4312
f 4170 4171 4313
f 4170 4176 4318
f 4170 4313 4318
f 4173 4174 4316
f 4173 4312 4315
f 4173 4315 4316
f 4174 4177 4319
f 4174 4316 4319
f 4175 4176 4318
f 4175 4179 4317
f 4175 4317 4318
f 4177 4178 4319
f 4178 4180 4320
f 4178 4319 4320
f 4179 4182 4321
f 4179 4317 4321
f 4180 4183 4323
f 4180 4320 4323
f 4181 4182 4324
f 4181 4184 4324
f 4182 4321 4325
f 4182 4324 4325
f 4183 4185 4328
f 4183 4323 4326
f 4183 4326 4328
f 4184 4186 4329
f 4184 4324 4327
f 4184 4327 4329
f 4185 4188 4330
f 4185 4328 4330
f 4186 4187 4190
f 4186 4189 4190
f 4186 4189 4329
f 4188 4191 4333
f 4188 4330 4333
f 4189 4190 4331
f 4189 4329 4331
f 4190 4192 4334
f 4190 4331 4332
f 4190 4332 4334
f 4191 4194 4333
f 4192 4195 4334
f 4193 4194 4336
f 4193 4197 4335
f 4193 4335 4336
f 4194 4333 4336
f 4195 4196 4337
f 4195 4334 4337
f 4196 4198 4341
f 4196 4337 4338
f 4196 4338 4341
f 4197 4202 4203
f 4197 4203 4344
f 4197 4335 4339
f 4197 4339 4344
f 4198 4199 4341
f 4199 4200 4204
f 4199 4204 4342
f 4199 4341 4342
f 4200 4204 4205
f 4201 4202 4210
f 4202 4203 4344
f 4202 4210 4211
f 4202 4211 4351
f 4202 4343 4344
f 4202 4343 4351
f 4204 4205 4345
f 4204 4342 4345
f 4205 4206 4346
f 4205 4345 4346
f 4206 4207 4348
f 4206 4346 4347
f 4206 4347 4353
f 4206 4348 4353
f 4207 4208 4212
f 4207 4212 4354
f 4207 4348 4354
f 4208 4209 4355
f 4208 4212 4213
f 4208 4213 4355
f 4209 4210 4349
f 4209 4349 4355
f 4210 4211 4350
f 4210 4349 4350
f 4211 4350 4351
f 4212 4213 4355
f 4212 4354 4355
f 5184 4215 5185
f 5186 4214 4215
f 5186 4215 5187
f 5188 4214 4358
f 5188 4358 5189
f 5190 4358 5191
f 5192 4217 5193
f 5194 4216 4217
f 5194 4217 5195
f 5196 4217 5197
f 4214 4218 4361
f 4214 4358 4361
f 4216 4217 4220
f 4216 4219 4220
f 4217 4220 4362
f 4217 5198 5199
f 4217 5199 4359
f 4217 4359 4362
f 4218 4221 4364
f 4218 4361 4364
f 4220 4222 4365
f 4220 4362 4365
f 4221 4224 4364
f 4222 4225 4365
f 4223 4224 4227
f 4223 4224 4366
f 4223 4226 4227
f 4223 4226 4366
f 4224 4363 4364
f 4224 4363 4366
f 4225 4228 4367
f 4225 4365 4367
f 4226 4227 4229
f 4226 4229 4368
f 4226 4366 4368
f 4227 4229 4230
f 4228 4231 4371
f 4228 4367 4369
f 4228 4369 4371
f 4229 4230 4232
f 4229 4232 4372
f 4229 4368 4370
f 4229 4370 4372
f 4230 4232 4233
f 4231 4234 4371
f 4232 4233 4235
f 4232 4235 4372
f 4233 4235 4236
f 4234 4237 4375
f 4234 4371 4373
f 4234 4373 4375
f 4235 4236 4238
f 4235 4238 4374
f 4235 4372 4374
f 4236 4238 4239
f 4237 4240 4375
f 4238 4241 4376
f 4238 4374 4376
f 4240 4242 4377
f 4240 4375 4377
f 4241 4243 4380
f 4241 4376 4378
f 4241 4378 4380
f 4242 4244 4381
f 4242 4377 4379
f 4242 4379 4381
f 4243 4245 4382
f 4243 4380 4382
f 4244 4246 4383
f 4244 4381 4383
f 4245 4247 4382
f 4246 4248 4385
f 4246 4383 4385
f 4247 4249 4386
f 4247 4382 4384
f 4247 4384 4386
f 4248 4250 4385
f 4249 4251 4388
f 4249 4386 4388
f 4250 4253 4390
f 4250 4385 4387
f 4250 4387 4390
f 4251 4252 4389
f 4251 4388 4389
f 4252 4254 4391
f 4252 4389 4391
f 4253 4255 4390
f 4254 4256 4394
f 4254 4391 4394
f 4255 4257 4396
f 4255 4390 4393
f 4255 4393 4396
f 4256 4258 4394
f 4257 4260 4399
f 4257 4396 4399
f 4258 4261 4397
f 4258 4394 4397
f 4259 4260 4263
f 4259 4260 4398
f 4259 4262 4263
f 4259 4262 4401
f 4259 4398 4401
f 4260 4398 4399
f 4261 4264 4400
f 4261 4397 4400
f 4262 4265 4403
f 4262 4401 4403
f 4264 4266 4402
f 4264 4400 4402
f 4265 4267 4403
f 4266 4268 4404
f 4266 4402 4404
f 4267 4269 4411
f 4267 4403 4407
f 4267 4407 4411
f 4268 4270 4408
f 4268 4404 4408
f 4269 4273 4417
f 4269 4411 4417
f 4270 4271 4275
f 4270 4271 4413
f 4270 4274 4275
f 4270 4408 4412
f 4270 4412 4413
f 4271 4275 4413
f 4272 4273 4276
f 4272 4273 4416
f 4272 4276 4423
f 4272 4416 4423
f 4273 4276 4277
f 4273 4416 4417
f 4274 4275 4279
f 4274 4278 4279
f 4275 4279 4424
f 4275 4413 4418
f 4275 4418 4424
f 4276 4277 4281
f 4276 4281 4429
f 4276 4423 4429
f 4277 4281 4282
f 4279 4280 4283
f 4279 4280 4424
f 4279 4424 4425
f 4280 4283 4284
f 4280 4284 4425
f 4280 4424 4425
f 4281 4286 4433
f 4281 4429 4433
f 4283 4284 4287
f 4284 4287 4288
f 4284 4288 4289
f 4284 4289 4431
f 4284 4425 4430
f 4284 4430 4431
f 4285 4286 4291
f 4285 4286 4433
f 4285 4291 4433
f 4286 4291 4292
f 4288 4289 4294
f 4288 4293 4294
f 4289 4290 4294
f 4289 4290 4435
f 4289 4431 4434
f 4289 4434 4435
f 4290 4291 4295
f 4290 4291 4433
f 4290 4294 4295
f 4290 4432 4433
f 4290 4432 4435
f 4291 4292 4296
f 4291 4295 4296
f 4292 4296 4297
f 4293 4294 4299
f 4293 4298 4299
f 4294 4295 4299
f 4295 4296 4300
f 4295 4299 4300
f 4296 4300 4301
f 4302 4303 4308
f 4303 4304 4437
f 4303 4308 4309
f 4303 4309 4442
f 4303 4436 4437
f 4303 4436 4442
f 4304 4305 4438
f 4304 4437 4438
f 4305 4306 4438
f 4306 4310 4311
f 4306 4310 4445
f 4306 4438 4439
f 4306 4439 4445
f 4307 4308 4440
f 4307 4314 4449
f 4307 4440 4449
f 4308 4309 4442
f 4308 4440 4441
f 4308 4441 4442
f 4310 4311 4445
f 4311 4312 4446
f 4311 4445 4446
f 4312 4315 4451
f 4312 4446 4447
f 4312 4447 4451
f 4313 4314 4449
f 4313 4318 4448
f 4313 4448 4449
f 4315 4316 4452
f 4315 4451 4452
f 4316 4319 4452
f 4317 4318 4454
f 4317 4321 4453
f 4317 4453 4454
f 4318 4448 4454
f 4319 4320 4323
f 4319 4322 4323
f 4319 4322 4458
f 4319 4452 4456
f 4319 4456 4458
f 4321 4325 4461
f 4321 4453 4457
f 4321 4457 4461
f 4322 4323 4458
f 4323 4326 4462
f 4323 4458 4459
f 4323 4459 4462
f 4324 4325 4461
f 4324 4327 4463
f 4324 4460 4461
f 4324 4460 4463
f 4326 4328 4464
f 4326 4462 4464
f 4327 4329 4463
f 4328 4330 4466
f 4328 4464 4466
f 4329 4331 4467
f 4329 4463 4465
f 4329 4465 4467
f 4330 4333 4468
f 4330 4466 4468
f 4331 4332 4334
f 4331 4334 4467
f 4333 4336 4471
f 4333 4468 4471
f 4334 4337 4472
f 4334 4467 4470
f 4334 4470 4472
f 4335 4336 4339
f 4336 4339 4340
f 4336 4340 4471
f 4337 4338 4341
f 4337 4341 4475
f 4337 4472 4475
f 4339 4340 4474
f 4339 4344 4479
f 4339 4473 4474
f 4339 4473 4479
f 4340 4471 4474
f 4341 4342 4476
f 4341 4475 4476
f 4342 4345 4477
f 4342 4476 4477
f 4343 4344 4479
f 4343 4351 4487
f 4343 4478 4479
f 4343 4478 4487
f 4345 4346 4482
f 4345 4477 4481
f 4345 4481 4482
f 4346 4347 4353
f 4346 4352 4353
f 4346 4352 4488
f 4346 4482 4488
f 4348 4353 4354
f 4349 4350 4486
f 4349 4355 4356
f 4349 4356 4492
f 4349 4486 4492
f 4350 4351 4487
f 4350 4486 4487
f 4352 4353 4489
f 4352 4488 4489
f 4353 4354 4490
f 4353 4489 4490
f 4354 4355 4491
f 4354 4490 4491
f 4355 4356 4491
f 4356 4491 4492
f 5200 4358 5201
f 5202 4357 4358
f 5202 4358 5203
f 5204 4357 5205
f 5206 4359 5207
f 4357 4358 4361
f 4357 4360 4361
f 4357 4360 5208
f 4357 5208 5209
f 4359 4362 4495
f 4359 5210 5211
f 4359 5212 5213
f 4359 5213 4495
f 4360 4361 4363
f 4360 4363 4494
f 4360 5214 5215
f 4360 5215 4494
f 4361 4363 4364
f 4362 4365 4495
f 4363 4366 4496
f 4363 4494 4496
f 4365 4367 4497
f 4365 4495 4497
f 4366 4368 4498
f 4366 4496 4498
f 4367 4369 4499
f 4367 4497 4499
f 4368 4370 4500
f 4368 4498 4500
f 4369 4371 4503
f 4369 4499 4501
f 4369 4501 4503
f 4370 4372 4504
f 4370 4500 4502
f 4370 4502 4504
f 4371 4373 4503
f 4372 4374 4506
f 4372 4504 4506
f 4373 4375 4507
f 4373 4503 4505
f 4373 4505 4507
f 4374 4376 4508
f 4374 4506 4508
f 4375 4377 4509
f 4375 4507 4509
f 4376 4378 4508
f 4377 4379 4509
f 4378 4380 4510
f 4378 4508 4510
f 4379 4381 4513
f 4379 4509 4511
f 4379 4511 4513
f 4380 4382 4512
f 4380 4510 4512
f 4381 4383 4513
f 4382 4384 4516
f 4382 4512 4514
f 4382 4514 4516
f 4383 4385 4515
f 4383 4513 4515
f 4384 4386 4516
f 4385 4387 4520
f 4385 4515 4517
f 4385 4517 4520
f 4386 4388 4389
f 4386 4389 4521
f 4386 4516 4518
f 4386 4518 4521
f 4387 4390 4523
f 4387 4520 4523
f 4389 4391 4521
f 4390 4393 4523
f 4391 4394 4524
f 4391 4521 4524
f 4392 4393 4525
f 4392 4393 4528
f 4392 4525 4528
f 4393 4395 4396
f 4393 4395 4528
f 4393 4523 4526
f 4393 4525 4526
f 4394 4397 4529
f 4394 4524 4527
f 4394 4527 4529
f 4395 4396 4398
f 4395 4398 4528
f 4396 4398 4399
f 4397 4400 4531
f 4397 4529 4531
f 4398 4401 4530
f 4398 4528 4530
f 4400 4402 4531
f 4401 4403 4538
f 4401 4530 4534
f 4401 4534 4538
f 4402 4404 4535
f 4402 4531 4535
f 4403 4407 4544
f 4403 4538 4544
f 4404 4405 4408
f 4404 4405 4540
f 4404 4535 4539
f 4404 4539 4540
f 4405 4408 4409
f 4405 4409 4545
f 4405 4540 4545
f 4406 4407 4410
f 4406 4407 4543
f 4406 4410 4543
f 4407 4410 4411
f 4407 4543 4544
f 4408 4409 4413
f 4408 4412 4413
f 4409 4413 4545
f 4410 4411 4416
f 4410 4416 4556
f 4410 4543 4550
f 4410 4550 4556
f 4411 4416 4417
f 4413 4414 4418
f 4413 4414 4552
f 4413 4545 4551
f 4413 4551 4552
f 4414 4418 4419
f 4414 4419 4552
f 4415 4416 4422
f 4415 4416 4555
f 4415 4422 4555
f 4416 4422 4423
f 4416 4555 4556
f 4418 4419 4425
f 4418 4424 4425
f 4419 4420 4426
f 4419 4420 4557
f 4419 4425 4426
f 4419 4552 4557
f 4420 4421 4426
f 4420 4421 4558
f 4420 4557 4558
f 4421 4422 4427
f 4421 4422 4560
f 4421 4426 4427
f 4421 4427 4559
f 4421 4558 4559
f 4421 4559 4560
f 4422 4423 4428
f 4422 4427 4428
f 4422 4555 4560
f 4423 4428 4429
f 4425 4426 4430
f 4426 4427 4432
f 4426 4430 4431
f 4426 4431 4432
f 4427 4428 4432
f 4428 4429 4433
f 4428 4432 4433
f 4431 4432 4434
f 4432 4434 4435
f 4436 4437 4442
f 4437 4438 4564
f 4437 4442 4443
f 4437 4443 4564
f 4437 4561 4564
f 4438 4439 4444
f 4438 4444 4564
f 4439 4444 4445
f 4440 4441 4562
f 4440 4449 4569
f 4440 4562 4569
f 4441 4442 4563
f 4441 4562 4563
f 4442 4443 4564
f 4442 4563 4564
f 4444 4445 4565
f 4444 4564 4565
f 4445 4446 4567
f 4445 4565 4566
f 4445 4566 4567
f 4446 4447 4451
f 4446 4450 4451
f 4446 4450 4572
f 4446 4567 4572
f 4448 4449 4568
f 4448 4454 4568
f 4449 4568 4569
f 4450 4451 4572
f 4451 4452 4456
f 4451 4455 4456
f 4451 4455 4576
f 4451 4572 4573
f 4451 4573 4576
f 4453 4454 4575
f 4453 4457 4574
f 4453 4574 4575
f 4454 4568 4575
f 4455 4456 4576
f 4456 4458 4577
f 4456 4576 4577
f 4457 4461 4578
f 4457 4574 4578
f 4458 4459 4580
f 4458 4577 4580
f 4459 4462 4581
f 4459 4580 4581
f 4460 4461 4582
f 4460 4463 4585
f 4460 4582 4585
f 4461 4578 4583
f 4461 4582 4583
f 4462 4464 4587
f 4462 4581 4584
f 4462 4584 4587
f 4463 4465 4588
f 4463 4585 4588
f 4464 4466 4589
f 4464 4587 4589
f 4465 4467 4590
f 4465 4588 4590
f 4466 4468 4589
f 4467 4469 4470
f 4467 4469 4590
f 4468 4471 4596
f 4468 4589 4592
f 4468 4592 4596
f 4469 4470 4594
f 4469 4590 4594
f 4470 4472 4594
f 4471 4474 4596
f 4472 4475 4597
f 4472 4594 4597
f 4473 4474 4608
f 4473 4479 4619
f 4473 4607 4608
f 4473 4607 4619
f 4474 4596 4608
f 4475 4476 4609
f 4475 4597 4609
f 4476 4477 4481
f 4476 4480 4481
f 4476 4480 4610
f 4476 4609 4610
f 4478 4479 4618
f 4478 4487 4618
f 4479 4618 4619
f 4480 4481 4611
f 4480 4610 4611
f 4481 4482 4621
f 4481 4611 4620
f 4481 4620 4621
f 4482 4483 4489
f 4482 4483 4622
f 4482 4488 4489
f 4482 4621 4622
f 4483 4489 4622
f 4484 4490 4491
f 4484 4490 4623
f 4484 4491 4623
f 4485 4491 4624
f 4486 4487 4627
f 4486 4492 4493
f 4486 4493 4626
f 4486 4626 4627
f 4487 4618 4627
f 4489 4490 4623
f 4489 4622 4628
f 4489 4623 4628
f 4491 4492 4629
f 4491 4623 4624
f 4491 4624 4629
f 4492 4493 4630
f 4492 4625 4629
f 4492 4625 4630
f 4493 4626 4631
f 4493 4630 4631
f 5216 4494 5217
f 5218 4495 4633
f 5218 4633 5219
f 5220 4633 5221
f 4494 4496 4635
f 4494 5222 5223
f 4494 5223 4632
f 4494 4632 4635
f 4495 4497 4633
f 4496 4498 4638
f 4496 4635 4638
f 4497 4499 4636
f 4497 4633 4636
f 4498 4500 4638
f 4499 4501 4639
f 4499 4636 4639
f 4500 4502 4643
f 4500 4638 4641
f 4500 4641 4643
f 4501 4503 4644
f 4501 4639 4642
f 4501 4642 4644
f 4502 4504 4643
f 4503 4505 4646
f 4503 4644 4646
f 4504 4506 4645
f 4504 4643 4645
f 4505 4507 4646
f 4506 4508 4649
f 4506 4645 4647
f 4506 4647 4649
f 4507 4509 4648
f 4507 4646 4648
f 4508 4510 4651
f 4508 4649 4651
f 4509 4511 4650
f 4509 4648 4650
f 4510 4512 4653
f 4510 4651 4653
f 4511 4513 4652
f 4511 4650 4652
f 4512 4514 4653
f 4513 4515 4657
f 4513 4652 4654
f 4513 4654 4657
f 4514 4516 4658
f 4514 4653 4655
f 4514 4655 4658
f 4515 4517 4661
f 4515 4657 4661
f 4516 4518 4519
f 4516 4519 4659
f 4516 4658 4659
f 4517 4520 4664
f 4517 4661 4664
f 4518 4519 4521
f 4519 4521 4662
f 4519 4659 4662
f 4520 4523 4663
f 4520 4663 4664
f 4521 4524 4665
f 4521 4662 4665
f 4522 4523 4525
f 4522 4523 4666
f 4522 4525 4668
f 4522 4666 4668
f 4523 4525 4526
f 4523 4663 4666
f 4524 4527 4669
f 4524 4665 4667
f 4524 4667 4669
f 4525 4528 4672
f 4525 4668 4672
f 4527 4529 4673
f 4527 4669 4673
f 4528 4530 4676
f 4528 4672 4676
f 4529 4531 4677
f 4529 4673 4677
f 4530 4534 4681
f 4530 4676 4681
f 4531 4532 4535
f 4531 4532 4677
f 4532 4535 4536
f 4532 4536 4677
f 4533 4534 4537
f 4533 4534 4680
f 4533 4537 4680
f 4534 4537 4538
f 4534 4680 4681
f 4535 4536 4539
f 4536 4539 4540
f 4536 4540 4682
f 4536 4677 4682
f 4537 4538 4544
f 4537 4543 4544
f 4537 4543 4687
f 4537 4680 4687
f 4540 4541 4546
f 4540 4541 4689
f 4540 4545 4546
f 4540 4682 4688
f 4540 4688 4689
f 4541 4546 4689
f 4542 4543 4550
f 4542 4543 4692
f 4542 4549 4550
f 4542 4549 4692
f 4543 4687 4693
f 4543 4692 4693
f 4545 4546 4551
f 4546 4547 4552
f 4546 4547 4695
f 4546 4551 4552
f 4546 4689 4694
f 4546 4694 4695
f 4547 4548 4553
f 4547 4548 4695
f 4547 4552 4553
f 4548 4549 4555
f 4548 4549 4697
f 4548 4553 4554
f 4548 4554 4555
f 4548 4695 4696
f 4548 4696 4697
f 4549 4550 4555
f 4549 4692 4697
f 4550 4555 4556
f 4552 4553 4557
f 4553 4554 4558
f 4553 4557 4558
f 4554 4555 4560
f 4554 4558 4559
f 4554 4559 4560
f 4562 4563 4699
f 4562 4569 4570
f 4562 4570 4704
f 4562 4698 4699
f 4562 4698 4704
f 4563 4564 4700
f 4563 4699 4700
f 4564 4565 4701
f 4564 4700 4701
f 4565 4566 4701
f 4566 4567 4571
f 4566 4571 4702
f 4566 4701 4702
f 4567 4571 4572
f 4568 4569 4575
f 4569 4570 4704
f 4569 4575 4710
f 4569 4703 4704
f 4569 4703 4711
f 4569 4710 4711
f 4571 4572 4707
f 4571 4702 4707
f 4572 4573 4708
f 4572 4707 4708
f 4573 4576 4713
f 4573 4708 4709
f 4573 4709 4713
f 4574 4575 4578
f 4575 4578 4579
f 4575 4579 4716
f 4575 4710 4716
f 4576 4577 4713
f 4577 4580 4714
f 4577 4713 4714
f 4578 4579 4716
f 4578 4583 4718
f 4578 4715 4716
f 4578 4715 4718
f 4580 4581 4584
f 4580 4584 4719
f 4580 4714 4717
f 4580 4717 4719
f 4582 4583 4585
f 4583 4585 4586
f 4583 4586 4722
f 4583 4718 4722
f 4584 4587 4723
f 4584 4719 4720
f 4584 4720 4723
f 4585 4586 4721
f 4585 4588 4724
f 4585 4721 4724
f 4586 4721 4722
f 4587 4589 4730
f 4587 4723 4730
f 4588 4590 4724
f 4589 4592 4743
f 4589 4730 4743
f 4590 4591 4594
f 4590 4591 4732
f 4590 4593 4594
f 4590 4724 4731
f 4590 4731 4732
f 4591 4594 4744
f 4591 4732 4744
f 4592 4596 4755
f 4592 4743 4755
f 4594 4595 4598
f 4594 4595 4745
f 4594 4597 4598
f 4594 4744 4745
f 4595 4598 4745
f 4596 4608 4754
f 4596 4754 4755
f 4597 4598 4610
f 4597 4609 4610
f 4598 4599 4611
f 4598 4599 4756
f 4598 4610 4611
f 4598 4745 4756
f 4599 4600 4612
f 4599 4600 4758
f 4599 4611 4612
f 4599 4756 4757
f 4599 4757 4758
f 4600 4601 4612
f 4600 4601 4759
f 4600 4758 4759
f 4601 4602 4613
f 4601 4602 4759
f 4601 4612 4613
f 4602 4603 4615
f 4602 4603 4761
f 4602 4613 4614
f 4602 4614 4615
f 4602 4759 4760
f 4602 4760 4761
f 4603 4604 4615
f 4603 4604 4761
f 4604 4605 4617
f 4604 4605 4763
f 4604 4615 4616
f 4604 4616 4617
f 4604 4761 4762
f 4604 4762 4763
f 4605 4617 4763
f 4606 4607 4619
f 4606 4607 4765
f 4606 4617 4618
f 4606 4617 4763
f 4606 4618 4619
f 4606 4618 4764
f 4606 4763 4764
f 4606 4764 4765
f 4607 4608 4754
f 4607 4754 4765
f 4611 4612 4620
f 4612 4613 4621
f 4612 4620 4621
f 4613 4614 4622
f 4613 4621 4622
f 4614 4615 4624
f 4614 4622 4623
f 4614 4623 4624
f 4615 4616 4624
f 4616 4617 4626
f 4616 4624 4625
f 4616 4625 4626
f 4617 4618 4626
f 4618 4626 4627
f 4622 4623 4628
f 4624 4625 4629
f 4625 4626 4631
f 4625 4630 4631
f 5224 4632 4766
f 5224 4766 5225
f 5226 4766 5227
f 5228 4634 5229
f 5230 4633 4634
f 5230 4634 5231
f 5232 4634 5233
f 4632 4635 4767
f 4632 4766 4767
f 4633 4634 4637
f 4633 4636 4637
f 4634 4637 5234
f 4634 5234 5235
f 4635 4638 4767
f 4636 4637 4640
f 4636 4639 4640
f 4637 4640 4768
f 4637 5236 5237
f 4637 5237 4768
f 4638 4641 4769
f 4638 4767 4769
f 4639 4640 4770
f 4639 4642 4770
f 4640 4768 4771
f 4640 4770 4771
f 4641 4643 4772
f 4641 4769 4772
f 4642 4644 4775
f 4642 4770 4773
f 4642 4773 4775
f 4643 4645 4774
f 4643 4772 4774
f 4644 4646 4777
f 4644 4775 4777
f 4645 4647 4778
f 4645 4774 4776
f 4645 4776 4778
f 4646 4648 4777
f 4647 4649 4778
f 4648 4650 4781
f 4648 4777 4779
f 4648 4779 4781
f 4649 4651 4782
f 4649 4778 4780
f 4649 4780 4782
f 4650 4652 4783
f 4650 4781 4783
f 4651 4653 4782
f 4652 4654 4787
f 4652 4783 4787
f 4653 4655 4788
f 4653 4782 4784
f 4653 4784 4788
f 4654 4657 4791
f 4654 4787 4791
f 4655 4656 4659
f 4655 4656 4789
f 4655 4658 4659
f 4655 4788 4789
f 4656 4659 4789
f 4657 4661 4791
f 4659 4662 4792
f 4659 4789 4792
f 4660 4661 4664
f 4660 4661 4793
f 4660 4663 4664
f 4660 4663 4793
f 4661 4791 4794
f 4661 4793 4794
f 4662 4665 4797
f 4662 4792 4795
f 4662 4795 4797
f 4663 4666 4796
f 4663 4793 4796
f 4665 4667 4797
f 4666 4668 4800
f 4666 4796 4800
f 4667 4669 4805
f 4667 4797 4801
f 4667 4801 4805
f 4668 4672 4810
f 4668 4800 4804
f 4668 4804 4810
f 4669 4670 4674
f 4669 4670 4806
f 4669 4673 4674
f 4669 4805 4806
f 4670 4674 4806
f 4671 4672 4675
f 4671 4672 4809
f 4671 4675 4809
f 4672 4675 4676
f 4672 4809 4810
f 4673 4674 4677
f 4674 4677 4811
f 4674 4806 4811
f 4675 4676 4680
f 4675 4680 4816
f 4675 4809 4816
f 4676 4680 4681
f 4677 4678 4683
f 4677 4678 4818
f 4677 4682 4683
f 4677 4811 4817
f 4677 4817 4818
f 4678 4683 4818
f 4679 4680 4687
f 4679 4680 4821
f 4679 4686 4687
f 4679 4686 4821
f 4680 4816 4822
f 4680 4821 4822
f 4682 4683 4689
f 4682 4688 4689
f 4683 4684 4689
f 4683 4684 4823
f 4683 4818 4823
f 4684 4685 4690
f 4684 4685 4823
f 4684 4689 4690
f 4685 4686 4692
f 4685 4686 4824
f 4685 4690 4691
f 4685 4691 4692
f 4685 4823 4824
f 4686 4687 4692
f 4686 4821 4825
f 4686 4824 4825
f 4687 4692 4693
f 4689 4690 4695
f 4689 4694 4695
f 4690 4691 4695
f 4691 4692 4697
f 4691 4695 4696
f 4691 4696 4697
f 4698 4699 4704
f 4699 4700 4826
f 4699 4704 4705
f 4699 4705 4831
f 4699 4826 4831
f 4700 4701 4828
f 4700 4826 4827
f 4700 4827 4828
f 4701 4702 4706
f 4701 4706 4833
f 4701 4828 4833
f 4702 4706 4707
f 4703 4704 4830
f 4703 4711 4829
f 4703 4829 4830
f 4704 4705 4831
f 4704 4830 4831
f 4706 4707 4834
f 4706 4833 4834
f 4707 4708 4834
f 4708 4709 4713
f 4708 4712 4713
f 4708 4712 4838
f 4708 4834 4835
f 4708 4835 4838
f 4710 4711 4837
f 4710 4716 4836
f 4710 4836 4837
f 4711 4829 4837
f 4712 4713 4839
f 4712 4838 4839
f 4713 4714 4717
f 4713 4717 4843
f 4713 4839 4843
f 4715 4716 4841
f 4715 4718 4844
f 4715 4840 4841
f 4715 4840 4844
f 4716 4836 4841
f 4717 4719 4854
f 4717 4843 4854
f 4718 4722 4844
f 4719 4720 4854
f 4720 4723 4855
f 4720 4854 4855
f 4721 4722 4725
f 4721 4724 4725
f 4722 4725 4856
f 4722 4844 4856
f 4723 4730 4879
f 4723 4855 4867
f 4723 4867 4879
f 4724 4725 4732
f 4724 4731 4732
f 4725 4726 4733
f 4725 4726 4868
f 4725 4732 4733
f 4725 4856 4868
f 4726 4727 4733
f 4726 4727 4870
f 4726 4868 4869
f 4726 4869 4870
f 4727 4728 4735
f 4727 4728 4871
f 4727 4733 4734
f 4727 4734 4735
f 4727 4870 4871
f 4728 4735 4871
f 4729 4735 4736
f 4729 4735 4871
f 4729 4736 4872
f 4729 4871 4872
f 4730 4743 4878
f 4730 4878 4879
f 4732 4733 4745
f 4732 4744 4745
f 4733 4734 4746
f 4733 4745 4746
f 4734 4735 4746
f 4735 4736 4748
f 4735 4746 4747
f 4735 4747 4748
f 4736 4737 4749
f 4736 4737 4880
f 4736 4748 4749
f 4736 4872 4880
f 4737 4738 4750
f 4737 4738 4881
f 4737 4749 4750
f 4737 4873 4880
f 4737 4873 4881
f 4738 4739 4751
f 4738 4739 4882
f 4738 4750 4751
f 4738 4881 4882
f 4739 4740 4751
f 4739 4740 4884
f 4739 4882 4883
f 4739 4883 4884
f 4740 4741 4752
f 4740 4741 4885
f 4740 4751 4752
f 4740 4884 4885
f 4741 4742 4753
f 4741 4742 4886
f 4741 4752 4753
f 4741 4885 4886
f 4742 4743 4755
f 4742 4743 4878
f 4742 4753 4754
f 4742 4754 4755
f 4742 4878 4886
f 4745 4746 4756
f 4746 4747 4757
f 4746 4756 4757
f 4747 4748 4759
f 4747 4757 4758
f 4747 4758 4759
f 4748 4749 4759
f 4749 4750 4761
f 4749 4759 4760
f 4749 4760 4761
f 4750 4751 4761
f 4751 4752 4763
f 4751 4761 4762
f 4751 4762 4763
f 4752 4753 4764
f 4752 4763 4764
f 4753 4754 4765
f 4753 4764 4765
f 5238 4766 5239
f 4766 4767 4887
f 4766 5240 5241
f 4766 5241 4887
f 5242 4768 4889
f 5242 4889 5243
f 5244 4889 5245
f 4767 4769 4887
f 4768 4770 4771
f 4768 4770 4888
f 4768 4888 4889
f 4769 4772 4890
f 4769 4887 4890
f 4770 4773 4893
f 4770 4888 4891
f 4770 4891 4893
f 4772 4774 4892
f 4772 4890 4892
f 4773 4775 4895
f 4773 4893 4895
f 4774 4776 4896
f 4774 4892 4894
f 4774 4894 4896
f 4775 4777 4897
f 4775 4895 4897
f 4776 4778 4898
f 4776 4896 4898
f 4777 4779 4899
f 4777 4897 4899
f 4778 4780 4898
f 4779 4781 4902
f 4779 4899 4902
f 4780 4782 4903
f 4780 4898 4900
f 4780 4900 4903
f 4781 4783 4906
f 4781 4902 4906
f 4782 4784 4903
f 4783 4787 4906
f 4784 4785 4789
f 4784 4785 4908
f 4784 4788 4789
f 4784 4903 4907
f 4784 4907 4908
f 4785 4789 4911
f 4785 4908 4911
f 4786 4787 4790
f 4786 4787 4909
f 4786 4790 4912
f 4786 4909 4912
f 4787 4790 4791
f 4787 4906 4910
f 4787 4909 4910
f 4789 4792 4913
f 4789 4911 4913
f 4790 4791 4793
f 4790 4793 4912
f 4791 4793 4794
f 4792 4795 4917
f 4792 4913 4917
f 4793 4796 4916
f 4793 4912 4916
f 4795 4797 4921
f 4795 4917 4921
f 4796 4800 4920
f 4796 4916 4920
f 4797 4798 4802
f 4797 4798 4922
f 4797 4801 4802
f 4797 4917 4921
f 4797 4921 4922
f 4798 4802 4922
f 4799 4800 4804
f 4799 4800 4925
f 4799 4803 4804
f 4799 4803 4925
f 4800 4920 4926
f 4800 4925 4926
f 4801 4802 4806
f 4801 4805 4806
f 4802 4806 4933
f 4802 4922 4927
f 4802 4927 4933
f 4803 4804 4809
f 4803 4809 4932
f 4803 4925 4932
f 4804 4809 4810
f 4806 4807 4812
f 4806 4807 4934
f 4806 4811 4812
f 4806 4933 4934
f 4807 4812 4934
f 4808 4809 4815
f 4808 4809 4937
f 4808 4815 4937
f 4809 4815 4816
f 4809 4932 4938
f 4809 4937 4938
f 4811 4812 4818
f 4811 4817 4818
f 4812 4813 4819
f 4812 4813 4939
f 4812 4818 4819
f 4812 4934 4939
f 4813 4814 4820
f 4813 4814 4939
f 4813 4819 4820
f 4814 4815 4821
f 4814 4815 4940
f 4814 4820 4821
f 4814 4939 4940
f 4815 4816 4821
f 4815 4936 4937
f 4815 4936 4940
f 4816 4821 4822
f 4818 4819 4823
f 4819 4820 4823
f 4820 4821 4824
f 4820 4823 4824
f 4821 4824 4825
f 4826 4827 4832
f 4826 4831 4832
f 4827 4828 4833
f 4827 4832 4833
f 4829 4830 4837
f 4830 4831 4942
f 4830 4837 4948
f 4830 4941 4942
f 4830 4941 4948
f 4831 4832 4942
f 4832 4833 4944
f 4832 4942 4943
f 4832 4943 4944
f 4833 4834 4945
f 4833 4944 4945
f 4834 4835 4946
f 4834 4945 4946
f 4835 4838 4946
f 4836 4837 4841
f 4837 4841 4956
f 4837 4947 4948
f 4837 4947 4956
f 4838 4839 4953
f 4838 4946 4953
f 4839 4842 4843
f 4839 4842 4963
f 4839 4953 4954
f 4839 4954 4963
f 4840 4841 4845
f 4840 4844 4845
f 4841 4845 4955
f 4841 4955 4956
f 4842 4843 4963
f 4843 4854 4963
f 4843 4963 4964
f 4844 4845 4856
f 4845 4846 4857
f 4845 4846 4955
f 4845 4856 4857
f 4845 4955 4965
f 4846 4847 4858
f 4846 4847 4966
f 4846 4857 4858
f 4846 4955 4966
f 4846 4956 4966
f 4847 4848 4859
f 4847 4848 4968
f 4847 4858 4859
f 4847 4957 4966
f 4847 4957 4967
f 4847 4967 4968
f 4848 4849 4861
f 4848 4849 4968
f 4848 4859 4860
f 4848 4860 4861
f 4849 4850 4861
f 4849 4850 4970
f 4849 4968 4969
f 4849 4969 4970
f 4850 4851 4863
f 4850 4851 4971
f 4850 4861 4862
f 4850 4862 4863
f 4850 4970 4971
f 4851 4852 4863
f 4851 4852 4971
f 4852 4853 4864
f 4852 4853 4972
f 4852 4863 4864
f 4852 4971 4972
f 4853 4854 4865
f 4853 4854 4973
f 4853 4864 4865
f 4853 4972 4973
f 4854 4855 4867
f 4854 4865 4866
f 4854 4866 4867
f 4854 4963 4973
f 4856 4857 4868
f 4857 4858 4869
f 4857 4868 4869
f 4858 4859 4871
f 4858 4869 4870
f 4858 4870 4871
f 4859 4860 4871
f 4860 4861 4872
f 4860 4871 4872
f 4861 4862 4874
f 4861 4872 4873
f 4861 4873 4874
f 4862 4863 4875
f 4862 4874 4875
f 4863 4864 4875
f 4864 4865 4876
f 4864 4875 4876
f 4865 4866 4877
f 4865 4876 4877
f 4866 4867 4878
f 4866 4877 4878
f 4867 4878 4879
f 4872 4873 4880
f 4873 4874 4881
f 4874 4875 4883
f 4874 4881 4882
f 4874 4882 4883
f 4875 4876 4884
f 4875 4883 4884
f 4876 4877 4885
f 4876 4884 4885
f 4877 4878 4885
f 4878 4885 4886
f 5246 4887 5247
f 5248 4888 4889
f 5248 4889 5249
f 5250 4888 4975
f 5250 4975 5251
f 5252 4975 5253
f 4887 4890 4976
f 4887 5254 5255
f 4887 5255 4974
f 4887 4974 4976
f 4888 4891 4977
f 4888 4975 4977
f 4890 4892 4978
f 4890 4976 4978
f 4891 4893 4977
f 4892 4894 4980
f 4892 4978 4980
f 4893 4895 4979
f 4893 4977 4979
f 4894 4896 4982
f 4894 4980 4982
f 4895 4897 4983
f 4895 4979 4981
f 4895 4981 4983
f 4896 4898 4982
f 4897 4899 4987
f 4897 4983 4987
f 4898 4900 4984
f 4898 4982 4984
f 4899 4902 4991
f 4899 4987 4991
f 4900 4901 4904
f 4900 4901 4989
f 4900 4903 4904
f 4900 4984 4988
f 4900 4988 4989
f 4901 4904 4992
f 4901 4989 4992
f 4902 4906 4990
f 4902 4990 4991
f 4903 4904 4907
f 4904 4907 4908
f 4904 4908 4994
f 4904 4992 4994
f 4905 4906 4910
f 4905 4906 4990
f 4905 4909 4910
f 4905 4909 4993
f 4905 4990 4993
f 4908 4911 4994
f 4909 4912 4997
f 4909 4993 4997
f 4911 4913 4998
f 4911 4994 4998
f 4912 4916 5001
f 4912 4997 5001
f 4913 4914 4918
f 4913 4914 5002
f 4913 4917 4918
f 4913 4998 5002
f 4914 4918 5009
f 4914 5002 5009
f 4915 4916 4920
f 4915 4916 5007
f 4915 4919 4920
f 4915 4919 5007
f 4916 5001 5008
f 4916 5007 5008
f 4917 4918 4922
f 4917 4921 4922
f 4918 4922 5009
f 4919 4920 4925
f 4919 4925 5014
f 4919 5007 5014
f 4920 4925 4926
f 4922 4923 4928
f 4922 4923 5015
f 4922 4927 4928
f 4922 5009 5015
f 4923 4928 5016
f 4923 5015 5016
f 4924 4925 4932
f 4924 4925 5018
f 4924 4931 4932
f 4924 4931 5017
f 4924 5017 5018
f 4925 5013 5014
f 4925 5013 5018
f 4927 4928 4934
f 4927 4933 4934
f 4928 4929 4935
f 4928 4929 5016
f 4928 4934 4935
f 4929 4930 4935
f 4929 4930 5020
f 4929 5016 5019
f 4929 5016 5020
f 4930 4931 4936
f 4930 4931 5017
f 4930 4935 4936
f 4930 5017 5020
f 4931 4932 4938
f 4931 4936 4937
f 4931 4937 4938
f 4934 4935 4939
f 4935 4936 4940
f 4935 4939 4940
f 4941 4942 4949
f 4941 4948 4949
f 4942 4943 4950
f 4942 4949 4950
f 4943 4944 4951
f 4943 4950 4951
f 4944 4945 4952
f 4944 4951 4952
f 4945 4946 4953
f 4945 4952 4953
f 4947 4948 4957
f 4947 4956 4957
f 4948 4949 4957
f 4949 4950 4959
f 4949 4957 4958
f 4949 4958 4959
f 4950 4951 4960
f 4950 4959 4960
f 4951 4952 4960
f 4952 4953 4962
f 4952 4960 4961
f 4952 4961 4962
f 4953 4954 4962
f 4954 4962 4963
f 4955 4956 4966
f 4956 4957 4966
f 4957 4958 4967
f 4958 4959 4968
f 4958 4967 4968
f 4959 4960 4970
f 4959 4968 4969
f 4959 4969 4970
f 4960 4961 4970
f 4961 4962 4971
f 4961 4970 4971
f 4962 4963 4973
f 4962 4971 4972
f 4962 4972 4973
f 5256 4974 5257
f 5258 4975 5259
f 4974 4976 5021
f 4974 5260 5261
f 4974 5261 5021
f 4975 4977 5022
f 4975 5262 5263
f 4975 5263 5022
f 4976 4978 5021
f 4977 4979 5022
f 4978 4980 5025
f 4978 5021 5023
f 4978 5023 5025
f 4979 4981 5028
f 4979 5022 5024
f 4979 5024 5028
f 4980 4982 5029
f 4980 5025 5029
f 4981 4983 5032
f 4981 5028 5032
f 4982 4984 5033
f 4982 5029 5033
f 4983 4987 5032
f 4984 4985 4988
f 4984 4985 5034
f 4984 5033 5034
f 4985 4988 4989
f 4985 4989 5036
f 4985 5034 5036
f 4986 4987 4990
f 4986 4987 5032
f 4986 4990 5039
f 4986 5032 5035
f 4986 5035 5039
f 4987 4990 4991
f 4989 4992 5040
f 4989 5036 5040
f 4990 4993 5039
f 4992 4994 5040
f 4993 4997 5045
f 4993 5039 5045
f 4994 4995 4999
f 4994 4995 5047
f 4994 4998 4999
f 4994 5040 5046
f 4994 5046 5047
f 4995 4999 5047
f 4996 4997 5000
f 4996 4997 5053
f 4996 5000 5052
f 4996 5052 5053
f 4997 5000 5001
f 4997 5045 5053
f 4998 4999 5002
f 4999 5002 5003
f 4999 5003 5055
f 4999 5047 5054
f 4999 5054 5055
f 5000 5001 5007
f 5000 5006 5007
f 5000 5006 5058
f 5000 5052 5059
f 5000 5058 5059
f 5001 5007 5008
f 5002 5003 5010
f 5002 5009 5010
f 5003 5004 5010
f 5003 5004 5060
f 5003 5055 5060
f 5004 5010 5011
f 5004 5011 5061
f 5004 5060 5061
f 5005 5006 5012
f 5005 5006 5062
f 5005 5012 5062
f 5006 5007 5014
f 5006 5012 5013
f 5006 5013 5014
f 5006 5058 5063
f 5006 5062 5063
f 5009 5010 5015
f 5010 5011 5016
f 5010 5015 5016
f 5011 5012 5016
f 5011 5012 5062
f 5011 5061 5062
f 5012 5013 5018
f 5012 5016 5017
f 5012 5017 5018
f 5016 5017 5020
f 5264 5021 5064
f 5264 5064 5265
f 5266 5064 5267
f 5268 5022 5067
f 5268 5067 5269
f 5270 5067 5271
f 5021 5023 5064
f 5022 5024 5071
f 5022 5067 5071
f 5023 5025 5068
f 5023 5064 5068
f 5024 5028 5071
f 5024 5070 5071
f 5025 5026 5029
f 5025 5026 5073
f 5025 5068 5072
f 5025 5072 5073
f 5026 5029 5030
f 5026 5030 5075
f 5026 5073 5075
f 5027 5028 5031
f 5027 5028 5074
f 5027 5031 5074
f 5028 5031 5032
f 5028 5071 5074
f 5029 5030 5033
f 5030 5033 5034
f 5030 5034 5075
f 5031 5032 5035
f 5031 5035 5084
f 5031 5074 5078
f 5031 5078 5084
f 5034 5036 5079
f 5034 5075 5079
f 5035 5039 5084
f 5036 5037 5041
f 5036 5037 5086
f 5036 5040 5041
f 5036 5079 5085
f 5036 5085 5086
f 5037 5041 5086
f 5038 5039 5044
f 5038 5039 5091
f 5038 5044 5091
f 5039 5044 5045
f 5039 5084 5091
f 5040 5041 5046
f 5041 5042 5047
f 5041 5042 5093
f 5041 5046 5047
f 5041 5086 5092
f 5041 5092 5093
f 5042 5047 5048
f 5042 5048 5093
f 5043 5044 5052
f 5043 5044 5096
f 5043 5051 5052
f 5043 5051 5096
f 5044 5045 5053
f 5044 5052 5053
f 5044 5091 5097
f 5044 5096 5097
f 5047 5048 5054
f 5048 5049 5056
f 5048 5049 5099
f 5048 5054 5055
f 5048 5055 5056
f 5048 5093 5098
f 5048 5098 5099
f 5049 5050 5057
f 5049 5050 5099
f 5049 5056 5057
f 5050 5051 5057
f 5050 5051 5101
f 5050 5099 5100
f 5050 5100 5101
f 5051 5052 5058
f 5051 5057 5058
f 5051 5096 5101
f 5052 5058 5059
f 5055 5056 5061
f 5055 5060 5061
f 5056 5057 5062
f 5056 5061 5062
f 5057 5058 5062
f 5058 5062 5063
f 5272 5064 5273
f 5274 5067 5275
f 5064 5065 5069
f 5064 5065 5102
f 5064 5068 5069
f 5064 5276 5277
f 5064 5278 5279
f 5064 5279 5102
f 5065 5069 5103
f 5065 5102 5103
f 5066 5067 5071
f 5066 5067 5280
f 5066 5280 5281
f 5066 5070 5071
f 5066 5070 5282
f 5066 5282 5283
f 5067 5284 5285
f 5067 5286 5287
f 5068 5069 5072
f 5069 5072 5073
f 5069 5073 5107
f 5069 5103 5107
f 5070 5071 5074
f 5070 5074 5106
f 5070 5288 5289
f 5070 5289 5106
f 5073 5075 5107
f 5074 5078 5120
f 5074 5106 5112
f 5074 5112 5120
f 5075 5076 5080
f 5075 5076 5113
f 5075 5079 5080
f 5075 5107 5113
f 5076 5080 5114
f 5076 5113 5114
f 5077 5078 5083
f 5077 5078 5119
f 5077 5083 5119
f 5078 5083 5084
f 5078 5119 5120
f 5079 5080 5085
f 5080 5081 5087
f 5080 5081 5122
f 5080 5085 5086
f 5080 5086 5087
f 5080 5114 5121
f 5080 5121 5122
f 5081 5087 5122
f 5082 5083 5090
f 5082 5083 5125
f 5082 5090 5125
f 5083 5084 5091
f 5083 5090 5091
f 5083 5119 5126
f 5083 5125 5126
f 5086 5087 5092
f 5087 5088 5094
f 5087 5088 5128
f 5087 5092 5093
f 5087 5093 5094
f 5087 5122 5127
f 5087 5127 5128
f 5088 5089 5095
f 5088 5089 5129
f 5088 5094 5095
f 5088 5128 5129
f 5089 5090 5095
f 5089 5090 5129
f 5090 5091 5096
f 5090 5095 5096
f 5090 5125 5130
f 5090 5129 5130
f 5091 5096 5097
f 5093 5094 5099
f 5093 5098 5099
f 5094 5095 5100
f 5094 5099 5100
f 5095 5096 5100
f 5096 5100 5101
f 5290 5102 5291
f 5292 5102 5293
f 5102 5103 5131
f 5102 5294 5295
f 5102 5295 5131
f 5296 5105 5106
f 5296 5106 5297
f 5298 5105 5299
f 5103 5104 5107
f 5103 5104 5132
f 5103 5131 5132
f 5104 5107 5108
f 5104 5108 5132
f 5105 5106 5111
f 5105 5111 5143
f 5105 5300 5301
f 5105 5301 5137
f 5105 5137 5143
f 5106 5111 5112
f 5107 5108 5114
f 5107 5113 5114
f 5108 5109 5114
f 5108 5109 5139
f 5108 5132 5138
f 5108 5138 5139
f 5109 5114 5115
f 5109 5115 5139
f 5110 5111 5118
f 5110 5111 5143
f 5110 5118 5142
f 5110 5142 5143
f 5111 5112 5120
f 5111 5118 5119
f 5111 5119 5120
f 5114 5115 5122
f 5114 5121 5122
f 5115 5116 5122
f 5115 5116 5145
f 5115 5139 5144
f 5115 5144 5145
f 5116 5117 5123
f 5116 5117 5146
f 5116 5122 5123
f 5116 5145 5146
f 5117 5118 5124
f 5117 5118 5147
f 5117 5123 5124
f 5117 5146 5147
f 5118 5119 5126
f 5118 5124 5125
f 5118 5125 5126
f 5118 5142 5147
f 5122 5123 5127
f 5123 5124 5128
f 5123 5127 5128
f 5124 5125 5129
f 5124 5128 5129
f 5125 5129 5130
f 5302 5131 5303
f 5304 5133 5305
f 5306 5131 5132
f 5306 5132 5307
f 5308 5132 5133
f 5308 5133 5309
f 5310 5133 5311
f 5312 5136 5313
f 5314 5136 5315
f 5316 5137 5317
f 5318 5136 5137
f 5318 5137 5319
f 5132 5133 5139
f 5132 5138 5139
f 5133 5134 5140
f 5133 5134 5320
f 5133 5320 5321
f 5133 5139 5140
f 5134 5135 5141
f 5134 5135 5148
f 5134 5140 5141
f 5134 5322 5323
f 5134 5323 5148
f 5135 5136 5141
f 5135 5136 5149
f 5135 5148 5149
f 5136 5137 5142
f 5136 5141 5142
f 5136 5324 5325
f 5136 5149 5326
f 5136 5326 5327
f 5137 5142 5143
f 5139 5140 5144
f 5140 5141 5145
f 5140 5144 5145
f 5141 5142 5147
f 5141 5145 5146
f 5141 5146 5147
f 5328 5148 5329
f 5330 5148 5331
f 5332 5149 5333
f 5334 5148 5149
f 5334 5149 5335
f 5336 5149 5337
f 5338 5329 5322
f 5338 5322 5321
f 5338 5321 5310
f 5338 5310 5308
f 5338 5308 5306
f 5338 5306 5303
f 5338 5303 5294
f 5338 5294 5292
f 5338 5292 5290
f 5338 5290 5278
f 5338 5278 5276
f 5338 5276 5272
f 5338 5272 5264
f 5338 5264 5260
f 5338 5260 5256
f 5338 5256 5254
f 5338 5254 5246
f 5338 5246 5240
f 5338 5240 5238
f 5338 5238 5224
f 5338 5224 5222
f 5338 5222 5216
f 5338 5216 5214
f 5338 5214 5209
f 5338 5209 5204
f 5338 5204 5203
f 5338 5203 5200
f 5338 5200 5188
f 5338 5188 5187
f 5338 5187 5184
f 5338 5184 5170
f 5338 5170 5169
f 5338 5169 5153
f 5338 5153 5157
f 5338 5157 5162
f 5338 5162 5158
f 5338 5158 5165
f 5338 5165 5175
f 5338 5175 5176
f 5338 5176 5179
f 5338 5179 5181
f 5338 5181 5183
f 5338 5183 5192
f 5338 5192 5197
f 5338 5197 5199
f 5338 5199 5207
f 5338 5207 5211
f 5338 5211 5213
f 5338 5213 5220
f 5338 5220 5228
f 5338 5228 5235
f 5338 5235 5234
f 5338 5234 5237
f 5338 5237 5244
f 5338 5244 5248
f 5338 5248 5252
f 5338 5252 5259
f 5338 5259 5263
f 5338 5263 5270
f 5338 5270 5285
f 5338 5285 5281
f 5338 5281 5282
f 5338 5282 5289
f 5338 5289 5299
f 5338 5299 5317
f 5338 5317 5313
f 5338 5313 5315
f 5338 5315 5325
f 5338 5325 5326
f 5338 5326 5328
f 5338 5328 5329
