# Source: hammer_centered.obj
# Source SHA-256: 5f42329fc8ec1904773b60dce1f04f54e98fe2dee2cb11e843d4748aec7c2fb1
# Units: metres. Geometry cleanup details: mesh_import.json.
# Original comment: 048_hammer with the handle shortened to 0.105 m (a third of its
# Original comment: original length plus 2 cm), so the tool fits the tabletop scenes.
# Original comment: Decimated by vertex clustering to the ~16k-face density of the
# Original comment: other assets, yawed 158 deg so the handle runs along +y (the
# Original comment: mesh's own frame puts it diagonal, where an axis-aligned box
# Original comment: cover reaches only 46%), clipped and capped, then centred on its
# Original comment: plan bounding box with the underside at z = 0.
# Original comment: Vertices: 5338
# Original comment: Faces: 10502
# https://github.com/mikedh/trimesh
v 0.06569000 -0.03440500 0.00472200
v 0.06573700 -0.03433200 0.00696200
v 0.06585000 -0.03416700 0.00954800
v 0.06579500 -0.03417100 0.01133800
v 0.06563900 -0.03422600 0.02078800
v 0.06598300 -0.03401700 0.02226700
v 0.06598000 -0.03397500 0.02472500
v 0.06571200 -0.03417400 0.02732300
v 0.06543600 -0.03428800 0.02944400
v 0.06443300 -0.03652400 0.00053800
v 0.06541700 -0.03571500 0.00184900
v 0.06574300 -0.03578300 0.00430300
v 0.06574800 -0.03581900 0.00689000
v 0.06574700 -0.03581000 0.00940100
v 0.06540200 -0.03581600 0.01217500
v 0.06515600 -0.03570800 0.02049900
v 0.06541800 -0.03576600 0.02211800
v 0.06534600 -0.03574000 0.02482700
v 0.06527900 -0.03567800 0.02730500
v 0.06513500 -0.03552100 0.02989300
v 0.06494200 -0.03574200 0.03183100
v 0.06411200 -0.03699200 0.00054000
v 0.06432100 -0.03800300 0.00167300
v 0.06445100 -0.03812600 0.00438600
v 0.06448600 -0.03810300 0.00694900
v 0.06439300 -0.03817700 0.00952300
v 0.06428300 -0.03806600 0.01215400
v 0.06382400 -0.03811400 0.01341700
v 0.06405800 -0.03795000 0.02047600
v 0.06418500 -0.03797200 0.02224300
v 0.06404800 -0.03810100 0.02485600
v 0.06401800 -0.03797600 0.02736000
v 0.06397100 -0.03771700 0.02976600
v 0.06411600 -0.03722800 0.03167800
v 0.06304700 -0.04027500 0.00200800
v 0.06312700 -0.04027300 0.00438000
v 0.06310700 -0.04037700 0.00688200
v 0.06304100 -0.04033500 0.00946900
v 0.06299700 -0.04022400 0.01200600
v 0.06313600 -0.03960800 0.02051100
v 0.06313300 -0.03966000 0.02220600
v 0.06311700 -0.03969000 0.02475000
v 0.06316800 -0.03938700 0.02712500
v 0.06328200 -0.03904400 0.02896600
v 0.06224500 -0.04165700 0.00235300
v 0.06225000 -0.04164300 0.00441600
v 0.06225500 -0.04169400 0.00705300
v 0.06222200 -0.04173200 0.00862700
v 0.06507500 -0.03420600 0.00431000
v 0.06495700 -0.03406500 0.00714200
v 0.06499100 -0.03389600 0.00947800
v 0.06489200 -0.03392700 0.01138000
v 0.06484800 -0.03391500 0.02077100
v 0.06449700 -0.03341000 0.02229800
v 0.06448000 -0.03319400 0.02477600
v 0.06444500 -0.03340400 0.02723000
v 0.06455900 -0.03370100 0.02997000
v 0.06430900 -0.03386100 0.03132400
v 0.06386600 -0.03590700 0.00053100
v 0.06357200 -0.03498100 0.00149700
v 0.06364300 -0.03445100 0.00430200
v 0.06336200 -0.03420300 0.00694800
v 0.06305000 -0.03446000 0.00962300
v 0.06357900 -0.03510500 0.01200500
v 0.06432800 -0.03625300 0.01330700
v 0.06400400 -0.03529200 0.02048000
v 0.06286900 -0.03463100 0.02199700
v 0.06278800 -0.03402600 0.02481900
v 0.06290300 -0.03387800 0.02723400
v 0.06301100 -0.03383100 0.02987600
v 0.06363600 -0.03485400 0.03231500
v 0.06341000 -0.03663700 0.00052800
v 0.06244600 -0.03740900 0.00071100
v 0.06232600 -0.03709000 0.01227400
v 0.06309300 -0.03795600 0.01352200
v 0.06277200 -0.03758400 0.02036100
v 0.06172500 -0.03686500 0.02146500
v 0.06338200 -0.03853600 0.03058600
v 0.06282700 -0.03756600 0.03249400
v 0.06164200 -0.03977800 0.00092100
v 0.06126300 -0.03963100 0.01274400
v 0.06201300 -0.03994700 0.01363800
v 0.06166800 -0.03981000 0.02023200
v 0.06224600 -0.04047400 0.02211200
v 0.06241800 -0.04076100 0.02489100
v 0.06252300 -0.04044800 0.02737700
v 0.06249200 -0.04009500 0.02990500
v 0.06169900 -0.03976200 0.03228600
v 0.06095500 -0.04219300 0.00165400
v 0.06154100 -0.04272800 0.00436000
v 0.06149000 -0.04275900 0.00693800
v 0.06153800 -0.04261700 0.00960300
v 0.06149600 -0.04238300 0.01204000
v 0.06045500 -0.04207300 0.01378500
v 0.06067800 -0.04210800 0.02003100
v 0.06140000 -0.04239500 0.02222000
v 0.06135200 -0.04239300 0.02482600
v 0.06131900 -0.04232400 0.02734200
v 0.06107200 -0.04225600 0.02985200
v 0.06049900 -0.04195400 0.03214000
v 0.05976900 -0.04437900 0.00200900
v 0.06030600 -0.04465000 0.00438900
v 0.06027100 -0.04469100 0.00691000
v 0.06021300 -0.04467000 0.00945500
v 0.06011500 -0.04461800 0.01208600
v 0.05929000 -0.04438300 0.01394400
v 0.05951800 -0.04438100 0.01994000
v 0.05996500 -0.04452900 0.02218200
v 0.05991000 -0.04457700 0.02469500
v 0.05985600 -0.04444000 0.02729200
v 0.05959400 -0.04447600 0.02978900
v 0.05921000 -0.04420900 0.03183800
v 0.05844200 -0.04662100 0.00223200
v 0.05887000 -0.04681300 0.00434600
v 0.05878800 -0.04683200 0.00694400
v 0.05872900 -0.04681700 0.00950200
v 0.05867000 -0.04677100 0.01202500
v 0.05822500 -0.04655200 0.01414200
v 0.05829600 -0.04661500 0.01995900
v 0.05845100 -0.04669800 0.02228000
v 0.05841500 -0.04666500 0.02476700
v 0.05832100 -0.04663600 0.02735500
v 0.05812900 -0.04658400 0.02992700
v 0.05792100 -0.04623900 0.03168600
v 0.05706500 -0.04888600 0.00251700
v 0.05731000 -0.04900500 0.00436500
v 0.05731600 -0.04892800 0.00694400
v 0.05723000 -0.04895900 0.00949800
v 0.05710800 -0.04897900 0.01204200
v 0.05703800 -0.04873100 0.01407800
v 0.05693400 -0.04871800 0.01998200
v 0.05691500 -0.04882900 0.02225600
v 0.05689200 -0.04878300 0.02481700
v 0.05693700 -0.04862000 0.02731600
v 0.05692700 -0.04835900 0.02961900
v 0.05702500 -0.04780400 0.03144200
v 0.05601100 -0.05061100 0.00281800
v 0.05594700 -0.05095200 0.00436300
v 0.05596400 -0.05089700 0.00682200
v 0.05599500 -0.05070800 0.00936500
v 0.05604600 -0.05038700 0.01182100
v 0.05606400 -0.05020900 0.01379100
v 0.06168200 -0.03527800 0.00211800
v 0.06179100 -0.03505200 0.00444700
v 0.06186400 -0.03503500 0.00690700
v 0.06187800 -0.03534500 0.00902800
v 0.06184200 -0.03505600 0.02299000
v 0.06180600 -0.03494600 0.02471400
v 0.06172100 -0.03476600 0.02739900
v 0.06174500 -0.03466100 0.02981600
v 0.06171700 -0.03488000 0.03194800
v 0.06068700 -0.03668800 0.00182600
v 0.06058200 -0.03657700 0.00442300
v 0.06070500 -0.03662600 0.00692200
v 0.06087500 -0.03664500 0.00946500
v 0.06098500 -0.03710300 0.01109700
v 0.06075600 -0.03673800 0.02256000
v 0.06046300 -0.03661400 0.02475600
v 0.06008000 -0.03639500 0.02734300
v 0.06016400 -0.03636500 0.02988900
v 0.06043400 -0.03656800 0.03221800
v 0.05929200 -0.03886300 0.00165000
v 0.05887400 -0.03866000 0.00444900
v 0.05899200 -0.03866900 0.00684100
v 0.05903800 -0.03873700 0.00953000
v 0.05961800 -0.03910900 0.01147300
v 0.06000500 -0.03991000 0.02078200
v 0.05926000 -0.03877900 0.02227800
v 0.05865900 -0.03851700 0.02472200
v 0.05850100 -0.03854000 0.02734000
v 0.05848200 -0.03836600 0.02980800
v 0.05906700 -0.03871000 0.03220100
v 0.05804300 -0.04094100 0.00165400
v 0.05760400 -0.04007000 0.00424000
v 0.05757500 -0.04015200 0.00697900
v 0.05751200 -0.04038600 0.00952600
v 0.05842500 -0.04120700 0.01207000
v 0.05909200 -0.04235500 0.01343600
v 0.05898900 -0.04159200 0.02049400
v 0.05796800 -0.04075700 0.02184200
v 0.05758100 -0.03989300 0.02435600
v 0.05833300 -0.04106300 0.03247200
v 0.05726300 -0.04346300 0.00150300
v 0.05705600 -0.04333400 0.01238500
v 0.05797800 -0.04391400 0.01376100
v 0.05748800 -0.04369100 0.02020700
v 0.05651600 -0.04301200 0.02127600
v 0.05738200 -0.04358000 0.03230900
v 0.05636500 -0.04587800 0.00168700
v 0.05573500 -0.04530500 0.01270800
v 0.05657400 -0.04597300 0.01410500
v 0.05629400 -0.04587800 0.01986900
v 0.05641800 -0.04589600 0.03212600
v 0.05539600 -0.04820400 0.00187600
v 0.05453500 -0.04705800 0.01315100
v 0.05538400 -0.04811700 0.01440200
v 0.05543000 -0.04825100 0.01938400
v 0.05608000 -0.04986900 0.02601500
v 0.05612600 -0.04972900 0.02764600
v 0.05614200 -0.04930500 0.03013400
v 0.05555400 -0.04822600 0.03182300
v 0.05446300 -0.05071500 0.00227000
v 0.05520200 -0.05200300 0.00433900
v 0.05520400 -0.05194500 0.00718500
v 0.05522700 -0.05177700 0.00966000
v 0.05531700 -0.05143700 0.01209200
v 0.05464400 -0.05069200 0.01453700
v 0.05474200 -0.05073500 0.01953700
v 0.05527500 -0.05110100 0.02226100
v 0.05536500 -0.05093700 0.02471600
v 0.05525100 -0.05095900 0.02730100
v 0.05506900 -0.05084700 0.02995800
v 0.05418900 -0.05043800 0.03165200
v 0.05347300 -0.05290700 0.00259400
v 0.05427700 -0.05331000 0.00437600
v 0.05424400 -0.05332400 0.00695100
v 0.05412900 -0.05332300 0.00942000
v 0.05405800 -0.05315000 0.01206100
v 0.05348400 -0.05284200 0.01454300
v 0.05348700 -0.05293700 0.01952700
v 0.05380600 -0.05310200 0.02233400
v 0.05382600 -0.05302000 0.02483000
v 0.05372700 -0.05304100 0.02731200
v 0.05351600 -0.05297400 0.02986700
v 0.05292300 -0.05256500 0.03150400
v 0.05203700 -0.05488000 0.00278000
v 0.05269300 -0.05544300 0.00427900
v 0.05272400 -0.05539000 0.00688600
v 0.05258400 -0.05541700 0.00953300
v 0.05249800 -0.05525400 0.01204000
v 0.05215200 -0.05506600 0.01461800
v 0.05213500 -0.05511100 0.01957000
v 0.05222100 -0.05521000 0.02230200
v 0.05221600 -0.05515000 0.02483100
v 0.05217100 -0.05509800 0.02732800
v 0.05183600 -0.05507100 0.02996100
v 0.05167300 -0.05451900 0.03125800
v 0.05095000 -0.05655800 0.00298200
v 0.05104300 -0.05745000 0.00420900
v 0.05117400 -0.05745200 0.00692900
v 0.05100700 -0.05747300 0.00945400
v 0.05090700 -0.05734400 0.01208800
v 0.05078700 -0.05720200 0.01449100
v 0.05082600 -0.05697500 0.01967700
v 0.05083700 -0.05696800 0.02226000
v 0.05084100 -0.05692500 0.02480200
v 0.05083000 -0.05682600 0.02715500
v 0.05083100 -0.05641900 0.02958400
v 0.04987100 -0.05904500 0.00456400
v 0.04986600 -0.05909900 0.00687200
v 0.04992600 -0.05889300 0.00929800
v 0.04994400 -0.05858200 0.01186900
v 0.04994000 -0.05848700 0.01336100
v 0.05755300 -0.03936000 0.02576000
v 0.05758400 -0.03929300 0.03033400
v 0.05752600 -0.03927600 0.03163500
v 0.05667500 -0.04121200 0.00251800
v 0.05661800 -0.04101100 0.00448600
v 0.05659700 -0.04113100 0.00692900
v 0.05657600 -0.04135900 0.00959100
v 0.05661400 -0.04151200 0.01104800
v 0.05645000 -0.04105600 0.02279800
v 0.05649300 -0.04070400 0.02491000
v 0.05655100 -0.04044300 0.02730600
v 0.05657200 -0.04042000 0.02992100
v 0.05667100 -0.04057700 0.03179800
v 0.05551300 -0.04282800 0.00229500
v 0.05510000 -0.04256500 0.00446600
v 0.05516400 -0.04263900 0.00683700
v 0.05514400 -0.04255600 0.00945900
v 0.05546700 -0.04293600 0.01123700
v 0.05504100 -0.04276600 0.02241500
v 0.05463900 -0.04237200 0.02479000
v 0.05477900 -0.04247700 0.02728500
v 0.05470000 -0.04252100 0.02983800
v 0.05522600 -0.04273200 0.03186400
v 0.05395100 -0.04488700 0.00219800
v 0.05328300 -0.04442600 0.00457000
v 0.05334300 -0.04439400 0.00694000
v 0.05328300 -0.04445800 0.00953100
v 0.05406700 -0.04509100 0.01151900
v 0.05474600 -0.04596700 0.02063300
v 0.05384900 -0.04477300 0.02195400
v 0.05334200 -0.04385200 0.02481200
v 0.05338400 -0.04384200 0.02721600
v 0.05329100 -0.04372600 0.02972100
v 0.05400900 -0.04481700 0.03200000
v 0.05303900 -0.04723800 0.00195900
v 0.05312600 -0.04718600 0.01222000
v 0.05380400 -0.04835300 0.01368500
v 0.05349500 -0.04761600 0.02034800
v 0.05249000 -0.04688600 0.02135900
v 0.05305200 -0.04728000 0.03199100
v 0.05210000 -0.04955200 0.00200400
v 0.05176100 -0.04938400 0.01262800
v 0.05262700 -0.05003000 0.01400500
v 0.05215300 -0.04972100 0.01998600
v 0.05140900 -0.04847500 0.02108600
v 0.05209000 -0.04967700 0.03183500
v 0.05116500 -0.05204700 0.00213300
v 0.05045300 -0.05134500 0.01297900
v 0.05130600 -0.05220400 0.01436700
v 0.05117600 -0.05194600 0.01940800
v 0.05109500 -0.05199300 0.03170200
v 0.05016800 -0.05435900 0.00238700
v 0.05002800 -0.05430300 0.01489400
v 0.05011500 -0.05429600 0.01894900
v 0.05022700 -0.05433200 0.03149700
v 0.04922600 -0.05659700 0.00271500
v 0.04975300 -0.05788300 0.00317600
v 0.04924500 -0.05668300 0.01547700
v 0.04937500 -0.05689900 0.01881300
v 0.05002300 -0.05798700 0.02222700
v 0.05000100 -0.05796400 0.02483100
v 0.05002600 -0.05777600 0.02745900
v 0.05007400 -0.05731900 0.03010000
v 0.04905400 -0.05647900 0.03134400
v 0.04774400 -0.05860800 0.00292800
v 0.04879900 -0.05965000 0.00383500
v 0.04904800 -0.06012800 0.00696100
v 0.04906000 -0.05990800 0.00960400
v 0.04912700 -0.05964000 0.01209000
v 0.04887100 -0.05918200 0.01485800
v 0.04758000 -0.05913600 0.01713200
v 0.04881800 -0.05915900 0.01935800
v 0.04890100 -0.05937300 0.02223500
v 0.04891400 -0.05927500 0.02477200
v 0.04881200 -0.05932000 0.02729200
v 0.04840100 -0.05921100 0.03013600
v 0.04771600 -0.05837600 0.03120100
v 0.04740000 -0.06143700 0.00413200
v 0.04777500 -0.06166600 0.00687900
v 0.04772200 -0.06157700 0.00952300
v 0.04751900 -0.06155500 0.01209000
v 0.04739400 -0.06143700 0.01463800
v 0.04662500 -0.06116700 0.01713800
v 0.04720500 -0.06139000 0.01951000
v 0.04718900 -0.06146100 0.02218900
v 0.04714600 -0.06139700 0.02469100
v 0.04716900 -0.06132200 0.02740000
v 0.04675300 -0.06122800 0.02997200
v 0.04594700 -0.06356100 0.00449000
v 0.04609500 -0.06368800 0.00700600
v 0.04600100 -0.06363600 0.00954500
v 0.04579400 -0.06363100 0.01194800
v 0.04564100 -0.06356800 0.01460200
v 0.04561100 -0.06300200 0.01670600
v 0.04555300 -0.06337900 0.01963900
v 0.04565900 -0.06324400 0.02221300
v 0.04561000 -0.06323800 0.02473400
v 0.04564500 -0.06307700 0.02728700
v 0.04564700 -0.06267700 0.02950000
v 0.04470200 -0.06523700 0.00489000
v 0.04468900 -0.06531500 0.00688000
v 0.04467000 -0.06520600 0.00937100
v 0.04469000 -0.06496400 0.01168500
v 0.04468700 -0.06472700 0.01422500
v 0.05241700 -0.04520900 0.00303200
v 0.05236200 -0.04532800 0.00413700
v 0.05229700 -0.04542500 0.00708800
v 0.05231000 -0.04542900 0.00960000
v 0.05208100 -0.04502800 0.02289000
v 0.05226500 -0.04474900 0.02471600
v 0.05221400 -0.04471600 0.02742500
v 0.05223200 -0.04454800 0.03001000
v 0.05234600 -0.04497400 0.03153000
v 0.05133700 -0.04678200 0.00272100
v 0.05113400 -0.04657600 0.00442900
v 0.05112000 -0.04653500 0.00693100
v 0.05108800 -0.04650600 0.00953400
v 0.05123200 -0.04685000 0.01126700
v 0.05089800 -0.04657300 0.02246300
v 0.05055100 -0.04634800 0.02472900
v 0.05065100 -0.04629800 0.02728900
v 0.05064600 -0.04627700 0.02988200
v 0.05114900 -0.04669900 0.03163900
v 0.04985500 -0.04877000 0.00248800
v 0.04908600 -0.04829500 0.00438700
v 0.04915800 -0.04829400 0.00690400
v 0.04912800 -0.04822200 0.00953800
v 0.04990400 -0.04885900 0.01150200
v 0.05057900 -0.04969400 0.02089900
v 0.04967400 -0.04861500 0.02191800
v 0.04920500 -0.04756800 0.02488100
v 0.04913500 -0.04751100 0.02746600
v 0.04904100 -0.04778300 0.03016300
v 0.04979100 -0.04882400 0.03162900
v 0.04876600 -0.05097500 0.00236500
v 0.04873600 -0.05110300 0.01203400
v 0.04929900 -0.05143900 0.02049000
v 0.04835200 -0.05066800 0.02142200
v 0.04881800 -0.05106900 0.03167100
v 0.04779700 -0.05336500 0.00239900
v 0.04758800 -0.05315300 0.01252000
v 0.04852500 -0.05396100 0.01361400
v 0.04787400 -0.05354000 0.02011700
v 0.04714400 -0.05229500 0.02113100
v 0.04781900 -0.05343700 0.03163900
v 0.04689300 -0.05570400 0.00248700
v 0.04630400 -0.05519900 0.01290500
v 0.04721200 -0.05609800 0.01447500
v 0.04758100 -0.05725000 0.01590400
v 0.04679500 -0.05565600 0.01938900
v 0.04683600 -0.05580000 0.03148700
v 0.04601500 -0.05826000 0.00270400
v 0.04551700 -0.05790000 0.01457200
v 0.04642000 -0.05862700 0.01696600
v 0.04541800 -0.05736000 0.01910900
v 0.04647500 -0.05972200 0.03112500
v 0.04595100 -0.05811100 0.03132000
v 0.04477100 -0.06022100 0.00289800
v 0.04549200 -0.06135600 0.00323300
v 0.04426400 -0.05938900 0.01529900
v 0.04519800 -0.06045700 0.01696300
v 0.04553500 -0.06104000 0.03106900
v 0.04455800 -0.06015600 0.03122000
v 0.04357200 -0.06169400 0.00306100
v 0.04404800 -0.06304300 0.00341000
v 0.04469800 -0.06313700 0.01723200
v 0.04469000 -0.06440300 0.01961300
v 0.04473500 -0.06429100 0.02206500
v 0.04472300 -0.06422200 0.02469900
v 0.04472300 -0.06409300 0.02750900
v 0.04426900 -0.06318000 0.03050400
v 0.04368800 -0.06174300 0.03116500
v 0.04328800 -0.06548900 0.00412500
v 0.04377600 -0.06632200 0.00690900
v 0.04377700 -0.06619600 0.00951600
v 0.04378400 -0.06594700 0.01200400
v 0.04383800 -0.06567700 0.01462100
v 0.04347900 -0.06543100 0.01710000
v 0.04374700 -0.06552100 0.01964100
v 0.04370000 -0.06548600 0.02225800
v 0.04371000 -0.06543300 0.02483900
v 0.04361600 -0.06535400 0.02727000
v 0.04295400 -0.06521900 0.03005200
v 0.04203800 -0.06750000 0.00458900
v 0.04245900 -0.06775900 0.00688500
v 0.04243600 -0.06767400 0.00948600
v 0.04222900 -0.06767900 0.01203400
v 0.04209600 -0.06760700 0.01457500
v 0.04189900 -0.06749600 0.01711900
v 0.04195900 -0.06749100 0.01968700
v 0.04192300 -0.06749300 0.02219600
v 0.04187900 -0.06750200 0.02480400
v 0.04179600 -0.06745500 0.02740600
v 0.04147100 -0.06728300 0.02977400
v 0.04057900 -0.06948000 0.00495000
v 0.04060300 -0.06973000 0.00694300
v 0.04051600 -0.06973900 0.00954200
v 0.04042500 -0.06965700 0.01202600
v 0.04044800 -0.06942100 0.01458800
v 0.04040000 -0.06924200 0.01721100
v 0.04043700 -0.06920300 0.01953500
v 0.04042100 -0.06917700 0.02218800
v 0.04038100 -0.06913400 0.02469200
v 0.04045800 -0.06891000 0.02731100
v 0.04050500 -0.06855900 0.02947400
v 0.03950900 -0.07087100 0.00531000
v 0.03946200 -0.07094300 0.00666500
v 0.03947500 -0.07083300 0.00954300
v 0.04807500 -0.04932800 0.00454100
v 0.04808700 -0.04918900 0.00744200
v 0.04806800 -0.04918600 0.00953800
v 0.04795700 -0.04880800 0.02300100
v 0.04809500 -0.04846000 0.02480200
v 0.04813000 -0.04853800 0.02736200
v 0.04817500 -0.04858100 0.02984000
v 0.04705400 -0.05066500 0.00276600
v 0.04696900 -0.05032100 0.00434900
v 0.04708000 -0.05032200 0.00691400
v 0.04688100 -0.05030800 0.00956600
v 0.04704700 -0.05072200 0.01118100
v 0.04663000 -0.05039300 0.02259100
v 0.04629000 -0.04998800 0.02479700
v 0.04644800 -0.05006500 0.02731500
v 0.04661600 -0.05016700 0.02988300
v 0.04710500 -0.05076500 0.03139200
v 0.04581500 -0.05273600 0.00274100
v 0.04495400 -0.05224100 0.00434700
v 0.04503000 -0.05223400 0.00697500
v 0.04490100 -0.05199000 0.00949500
v 0.04542400 -0.05259300 0.01139700
v 0.04614300 -0.05371800 0.02088600
v 0.04533900 -0.05230800 0.02195500
v 0.04473000 -0.05147200 0.02488700
v 0.04484200 -0.05162300 0.02731000
v 0.04493000 -0.05174600 0.03007500
v 0.04563000 -0.05270300 0.03141900
v 0.04452100 -0.05482100 0.00278200
v 0.04383200 -0.05340500 0.00443900
v 0.04386100 -0.05330600 0.00609100
v 0.04452000 -0.05482700 0.01204700
v 0.04506700 -0.05539200 0.02056100
v 0.04416900 -0.05454700 0.02133100
v 0.04451100 -0.05481900 0.03142100
v 0.04356200 -0.05714500 0.00275100
v 0.04341800 -0.05702200 0.01256700
v 0.04407200 -0.05807300 0.01359000
v 0.04362700 -0.05744400 0.02003700
v 0.04306000 -0.05630800 0.02111100
v 0.04361200 -0.05718900 0.03141200
v 0.04254500 -0.05953200 0.00283000
v 0.04208000 -0.05878400 0.01300600
v 0.04288900 -0.05982700 0.01433200
v 0.04324500 -0.06044300 0.01705500
v 0.04236600 -0.05916700 0.01944100
v 0.04268500 -0.05958300 0.03131900
v 0.04172700 -0.06186900 0.00297800
v 0.04218500 -0.06306000 0.00310800
v 0.04134700 -0.06163500 0.01480400
v 0.04204400 -0.06212000 0.01706200
v 0.04093600 -0.06118400 0.01891900
v 0.04196800 -0.06242000 0.03108500
v 0.04131000 -0.06148200 0.03123600
v 0.04043700 -0.06289000 0.00310200
v 0.04082400 -0.06429000 0.00323600
v 0.04008900 -0.06316000 0.01537500
v 0.04030500 -0.06351800 0.01669900
v 0.04075100 -0.06436500 0.03100500
v 0.03996700 -0.06284200 0.03114800
v 0.03970600 -0.06670200 0.00364900
v 0.03974900 -0.06664000 0.03075800
v 0.03880400 -0.06916000 0.00424400
v 0.03945300 -0.07046300 0.01464900
v 0.03951400 -0.07019900 0.01729100
v 0.03943700 -0.07023700 0.01969900
v 0.03947400 -0.07016200 0.02216600
v 0.03949900 -0.07012100 0.02487100
v 0.03948600 -0.06994100 0.02747100
v 0.03898700 -0.06914100 0.03013000
v 0.03797000 -0.07140400 0.00484700
v 0.03847800 -0.07194400 0.00694500
v 0.03850300 -0.07183900 0.00946100
v 0.03851100 -0.07165300 0.01203900
v 0.03835700 -0.07163800 0.01449800
v 0.03824200 -0.07156000 0.01718400
v 0.03823500 -0.07150500 0.01962400
v 0.03813400 -0.07157800 0.02214300
v 0.03821000 -0.07145200 0.02476600
v 0.03806000 -0.07145000 0.02729600
v 0.03759100 -0.07122400 0.02975100
v 0.03647500 -0.07325500 0.00523500
v 0.03671200 -0.07365500 0.00690900
v 0.03661700 -0.07369200 0.00945500
v 0.03652200 -0.07364200 0.01205400
v 0.03645600 -0.07353500 0.01453900
v 0.03627300 -0.07354400 0.01714700
v 0.03631100 -0.07346400 0.01963300
v 0.03622800 -0.07349400 0.02226800
v 0.03620000 -0.07342100 0.02483800
v 0.03618300 -0.07335300 0.02724500
v 0.03620900 -0.07301500 0.02935900
v 0.03523500 -0.07454000 0.00553600
v 0.03521200 -0.07503300 0.00688600
v 0.03524200 -0.07497600 0.00954900
v 0.03525100 -0.07484800 0.01202100
v 0.03522500 -0.07472600 0.01439200
v 0.03521300 -0.07455900 0.01689900
v 0.03522300 -0.07447300 0.02025600
v 0.04372000 -0.05289300 0.00947800
v 0.04383500 -0.05286600 0.01092000
v 0.04373000 -0.05247100 0.02296700
v 0.04368800 -0.05235900 0.02463500
v 0.04371400 -0.05258800 0.02728500
v 0.04374800 -0.05255000 0.02959900
v 0.04276400 -0.05490500 0.00305500
v 0.04259200 -0.05421300 0.00436200
v 0.04260800 -0.05411400 0.00700500
v 0.04239800 -0.05396300 0.00954300
v 0.04273700 -0.05429200 0.01114100
v 0.04222400 -0.05413100 0.02249000
v 0.04187400 -0.05385100 0.02476300
v 0.04200700 -0.05382100 0.02729800
v 0.04220700 -0.05394600 0.03003700
v 0.04322600 -0.05412100 0.03119300
v 0.04210400 -0.05677100 0.00302400
v 0.04083100 -0.05616600 0.00407200
v 0.04065500 -0.05566400 0.00691500
v 0.04066400 -0.05535400 0.00946200
v 0.04116400 -0.05618800 0.01143700
v 0.04192100 -0.05758500 0.02090100
v 0.04118900 -0.05612900 0.02178600
v 0.04050000 -0.05490200 0.02469500
v 0.04065800 -0.05486100 0.02750500
v 0.04057900 -0.05563400 0.03039400
v 0.04178700 -0.05651100 0.03126000
v 0.04064300 -0.05888800 0.00296900
v 0.03972000 -0.05818700 0.00327400
v 0.04026600 -0.05865600 0.01220800
v 0.04057300 -0.05918900 0.02047700
v 0.03990200 -0.05819000 0.02146000
v 0.03951200 -0.05800100 0.03109600
v 0.04043200 -0.05881600 0.03124400
v 0.03936600 -0.06103200 0.00300500
v 0.03852900 -0.05986100 0.00317200
v 0.03910700 -0.06066400 0.01277900
v 0.03974200 -0.06170800 0.01371500
v 0.03927500 -0.06098200 0.01999300
v 0.03860600 -0.05961800 0.02103800
v 0.03925400 -0.06098900 0.03122000
v 0.03844000 -0.06266300 0.00307800
v 0.03819200 -0.06365700 0.00315800
v 0.03768500 -0.06207100 0.01303400
v 0.03837200 -0.06342100 0.01444500
v 0.03886900 -0.06442200 0.01715000
v 0.03800400 -0.06300700 0.01951700
v 0.03828700 -0.06368400 0.03109800
v 0.03826000 -0.06273600 0.03117200
v 0.03735400 -0.06567600 0.00337600
v 0.03688300 -0.06520800 0.01512400
v 0.03744900 -0.06566000 0.01705700
v 0.03671600 -0.06507500 0.01897100
v 0.03738500 -0.06569800 0.03096200
v 0.03630000 -0.06804600 0.00372100
v 0.03573900 -0.06669100 0.01561900
v 0.03581000 -0.06702800 0.01698900
v 0.03591300 -0.06647300 0.01856100
v 0.03645100 -0.06809800 0.03077100
v 0.03537000 -0.07041200 0.00414600
v 0.03545100 -0.07042600 0.03054600
v 0.03438500 -0.07281600 0.00468400
v 0.03519100 -0.07439300 0.02389700
v 0.03522400 -0.07425700 0.02763600
v 0.03455400 -0.07289300 0.03016700
v 0.03342700 -0.07501200 0.00528000
v 0.03415800 -0.07590300 0.00684400
v 0.03417100 -0.07592600 0.00952200
v 0.03420500 -0.07579900 0.01203600
v 0.03419600 -0.07563200 0.01460800
v 0.03415700 -0.07553300 0.01717100
v 0.03423900 -0.07540800 0.01974300
v 0.03426200 -0.07530500 0.02223000
v 0.03414800 -0.07534000 0.02483900
v 0.03408900 -0.07533200 0.02733400
v 0.03348600 -0.07502400 0.02963600
v 0.03197900 -0.07636600 0.00550400
v 0.03238200 -0.07728100 0.00678800
v 0.03233300 -0.07747800 0.00952800
v 0.03230200 -0.07739900 0.01201600
v 0.03212600 -0.07739800 0.01461600
v 0.03212600 -0.07731100 0.01709800
v 0.03213600 -0.07728300 0.01969200
v 0.03200100 -0.07731100 0.02221700
v 0.03203200 -0.07720900 0.02479900
v 0.03198900 -0.07718200 0.02734800
v 0.03201100 -0.07681200 0.02930300
v 0.03100000 -0.07848500 0.00723900
v 0.03096100 -0.07858600 0.00937800
v 0.03094900 -0.07847200 0.01187000
v 0.03095400 -0.07838800 0.01443700
v 0.03094700 -0.07831500 0.01658300
v 0.03095500 -0.07827700 0.01910800
v 0.03947600 -0.05675800 0.00493400
v 0.03945000 -0.05643200 0.00710400
v 0.03937900 -0.05616200 0.00953600
v 0.03957200 -0.05626400 0.01104100
v 0.03919400 -0.05581900 0.02277000
v 0.03929400 -0.05571100 0.02479900
v 0.03930000 -0.05566800 0.02728700
v 0.03921900 -0.05595600 0.02969200
v 0.03811100 -0.05791000 0.00434500
v 0.03787700 -0.05758900 0.00687300
v 0.03754800 -0.05750800 0.00950500
v 0.03812800 -0.05792000 0.01121800
v 0.03780100 -0.05767000 0.02230000
v 0.03744500 -0.05708000 0.02465700
v 0.03754000 -0.05706800 0.02730500
v 0.03766800 -0.05762300 0.03023900
v 0.03757100 -0.06134100 0.00306900
v 0.03684900 -0.05979100 0.00371100
v 0.03626500 -0.05871600 0.00670400
v 0.03622000 -0.05846300 0.00951400
v 0.03685400 -0.06004900 0.01175400
v 0.03763100 -0.06097900 0.02078300
v 0.03688200 -0.05987800 0.02158900
v 0.03677400 -0.05980800 0.03098100
v 0.03756800 -0.06103500 0.03116500
v 0.03698500 -0.06223900 0.00306700
v 0.03567200 -0.06228700 0.00323200
v 0.03593900 -0.06239100 0.01265500
v 0.03649200 -0.06359700 0.01358300
v 0.03620400 -0.06274300 0.02039400
v 0.03549100 -0.06169200 0.02124500
v 0.03582000 -0.06234700 0.03104600
v 0.03700700 -0.06203400 0.03117300
v 0.03507900 -0.06473500 0.00327700
v 0.03432000 -0.06394000 0.01300500
v 0.03509600 -0.06504300 0.01403200
v 0.03493000 -0.06472700 0.01989000
v 0.03497600 -0.06474200 0.03102000
v 0.03402300 -0.06703700 0.00350100
v 0.03400100 -0.06688100 0.01485300
v 0.03453500 -0.06782600 0.01694800
v 0.03372500 -0.06681200 0.01924500
v 0.03401800 -0.06710500 0.03093700
v 0.03308400 -0.06951200 0.00380800
v 0.03254400 -0.06862400 0.01545700
v 0.03300200 -0.06896700 0.01677900
v 0.03241700 -0.06826100 0.01881800
v 0.03309300 -0.06943500 0.03083900
v 0.03209900 -0.07175400 0.00417100
v 0.03214100 -0.07184900 0.03064800
v 0.03112800 -0.07419600 0.00467700
v 0.03122000 -0.07425900 0.03033400
v 0.03013600 -0.07646200 0.00521500
v 0.03070500 -0.07795300 0.00591300
v 0.03093800 -0.07812200 0.02472700
v 0.03094800 -0.07807100 0.02783800
v 0.03027600 -0.07655300 0.02985900
v 0.02896700 -0.07778500 0.00547400
v 0.02965100 -0.07917300 0.00669600
v 0.02976700 -0.07947900 0.00946700
v 0.02983000 -0.07935300 0.01201600
v 0.02982000 -0.07926300 0.01462500
v 0.02978000 -0.07922300 0.01720500
v 0.02975500 -0.07920800 0.01968200
v 0.02978700 -0.07911000 0.02222800
v 0.02970400 -0.07913700 0.02477900
v 0.02970700 -0.07907500 0.02731800
v 0.02915900 -0.07868900 0.02935900
v 0.02787600 -0.08063300 0.00704500
v 0.02791600 -0.08079300 0.00950600
v 0.02781100 -0.08083200 0.01200700
v 0.02789000 -0.08070100 0.01453300
v 0.02782600 -0.08070200 0.01708600
v 0.02782200 -0.08068000 0.01974100
v 0.02783000 -0.08060500 0.02218600
v 0.02779600 -0.08061400 0.02482200
v 0.02785300 -0.08050600 0.02728200
v 0.02766200 -0.08032800 0.02892700
v 0.03617200 -0.05785200 0.02303900
v 0.03607000 -0.05791400 0.02484200
v 0.03624300 -0.05789200 0.02736100
v 0.03619500 -0.05816700 0.02936000
v 0.03505700 -0.05981500 0.00455700
v 0.03489600 -0.05948200 0.00707700
v 0.03479600 -0.05930000 0.00949900
v 0.03484300 -0.05970500 0.01112500
v 0.03462500 -0.05928900 0.02261700
v 0.03449900 -0.05905500 0.02477900
v 0.03465500 -0.05910800 0.02736300
v 0.03479400 -0.05932600 0.02982100
v 0.03348700 -0.06125000 0.00415000
v 0.03315500 -0.06047200 0.00680400
v 0.03303000 -0.06042200 0.00952400
v 0.03362400 -0.06138500 0.01157100
v 0.03361500 -0.06141600 0.02196300
v 0.03299800 -0.05994400 0.02473400
v 0.03296800 -0.06012200 0.02748000
v 0.03347100 -0.06113700 0.03050200
v 0.03265400 -0.06370400 0.00346300
v 0.03256300 -0.06392500 0.01251700
v 0.03311900 -0.06533600 0.01348900
v 0.03323400 -0.06462400 0.02072400
v 0.03248400 -0.06354900 0.02143600
v 0.03261100 -0.06374700 0.03091000
v 0.03170200 -0.06614300 0.00349700
v 0.03152400 -0.06531900 0.01294300
v 0.03175600 -0.06650200 0.01382000
v 0.03176000 -0.06626500 0.02032900
v 0.03120200 -0.06506900 0.02110700
v 0.03180100 -0.06606600 0.03092200
v 0.03071200 -0.06854300 0.00366300
v 0.03069300 -0.06838600 0.01492300
v 0.03052200 -0.06939100 0.01691300
v 0.03079800 -0.06817100 0.01933700
v 0.03064700 -0.06844100 0.03090100
v 0.02972700 -0.07089200 0.00391800
v 0.02980400 -0.07095100 0.03080300
v 0.02877100 -0.07325000 0.00430000
v 0.02883800 -0.07325500 0.03058900
v 0.02781800 -0.07559700 0.00474100
v 0.02789700 -0.07553600 0.03037300
v 0.02680400 -0.07778200 0.00520300
v 0.02749900 -0.07919100 0.00576400
v 0.02688400 -0.07797400 0.03009500
v 0.02566800 -0.07935900 0.00553000
v 0.02617200 -0.08076300 0.00631400
v 0.02662700 -0.08167300 0.00937700
v 0.02657500 -0.08166100 0.01196600
v 0.02660800 -0.08156300 0.01449900
v 0.02656000 -0.08155800 0.01721600
v 0.02659000 -0.08154400 0.01972200
v 0.02659200 -0.08151200 0.02235500
v 0.02656900 -0.08150500 0.02475200
v 0.02655700 -0.08141700 0.02732900
v 0.02598900 -0.08034200 0.02948700
v 0.02484300 -0.08241800 0.00706600
v 0.02501700 -0.08267200 0.00950000
v 0.02494300 -0.08265600 0.01201300
v 0.02496200 -0.08262500 0.01460000
v 0.02486300 -0.08264400 0.01715400
v 0.02491600 -0.08263100 0.01967800
v 0.02479600 -0.08267700 0.02227600
v 0.02488500 -0.08260600 0.02482500
v 0.02481100 -0.08261200 0.02743600
v 0.02453800 -0.08209800 0.02911400
v 0.02346900 -0.08360600 0.00946800
v 0.02341900 -0.08355800 0.01205900
v 0.02342800 -0.08355300 0.01474500
v 0.02338600 -0.08352200 0.01701800
v 0.02340800 -0.08357000 0.01967000
v 0.02340000 -0.08353000 0.02230000
v 0.02335900 -0.08354600 0.02479000
v 0.02334900 -0.08348300 0.02727200
v 0.03157800 -0.06155400 0.00473200
v 0.03151500 -0.06118200 0.00716800
v 0.03140400 -0.06115400 0.00951800
v 0.03165100 -0.06159900 0.01117100
v 0.03173900 -0.06092100 0.02282800
v 0.03159500 -0.06074400 0.02473600
v 0.03155200 -0.06089900 0.02719000
v 0.03165300 -0.06107400 0.02961700
v 0.03032600 -0.06287200 0.00424900
v 0.02996600 -0.06209000 0.00675400
v 0.02977600 -0.06181500 0.00952900
v 0.03035000 -0.06282400 0.01157000
v 0.03022800 -0.06276200 0.02225900
v 0.02978300 -0.06172500 0.02485400
v 0.02976400 -0.06187200 0.02731800
v 0.03018100 -0.06264300 0.03015800
v 0.02937500 -0.06508900 0.00368100
v 0.02920300 -0.06516500 0.01254600
v 0.02970000 -0.06645900 0.01338400
v 0.02981200 -0.06625700 0.02077300
v 0.02921400 -0.06506200 0.02154600
v 0.02930900 -0.06518100 0.03070600
v 0.02841100 -0.06756200 0.00366800
v 0.02780200 -0.06630000 0.01300700
v 0.02822200 -0.06783000 0.01459700
v 0.02768000 -0.06852500 0.01694100
v 0.02834300 -0.06773200 0.01969700
v 0.02797000 -0.06634700 0.02109900
v 0.02841500 -0.06759400 0.03078100
v 0.02740100 -0.06992600 0.00382200
v 0.02748400 -0.06989600 0.03076800
v 0.02634900 -0.07224300 0.00403900
v 0.02640100 -0.07226400 0.03068700
v 0.02552100 -0.07453800 0.00441900
v 0.02551600 -0.07466100 0.03055700
v 0.02455900 -0.07702000 0.00485500
v 0.02444600 -0.07702800 0.03038600
v 0.02355800 -0.07933200 0.00533300
v 0.02408300 -0.08064400 0.00575700
v 0.02359300 -0.07943100 0.03013000
v 0.02227400 -0.08067700 0.00554000
v 0.02270500 -0.08202400 0.00609100
v 0.02265600 -0.08171600 0.02965400
v 0.02171400 -0.08396300 0.00708800
v 0.02192500 -0.08439900 0.00947600
v 0.02203800 -0.08434000 0.01198400
v 0.02197000 -0.08437000 0.01458100
v 0.02194400 -0.08436600 0.01722500
v 0.02191900 -0.08436500 0.01980000
v 0.02198800 -0.08432700 0.02233800
v 0.02194300 -0.08438100 0.02478600
v 0.02184900 -0.08435900 0.02733100
v 0.02155500 -0.08368100 0.02911000
v 0.02017800 -0.08518200 0.00760700
v 0.02018900 -0.08529400 0.00951200
v 0.02022200 -0.08530000 0.01196500
v 0.02017100 -0.08532800 0.01453300
v 0.02022000 -0.08528600 0.01707800
v 0.02015400 -0.08531300 0.01965400
v 0.02016200 -0.08534200 0.02208300
v 0.02016800 -0.08529800 0.02472700
v 0.02023400 -0.08524300 0.02730200
v 0.02007300 -0.08513300 0.02886600
v 0.02851500 -0.06313200 0.00504200
v 0.02827200 -0.06278400 0.00721700
v 0.02831900 -0.06260200 0.00945400
v 0.02829000 -0.06283900 0.01115800
v 0.02851600 -0.06262800 0.02299600
v 0.02839700 -0.06259600 0.02479600
v 0.02826200 -0.06263600 0.02719100
v 0.02842700 -0.06285400 0.02935900
v 0.02706100 -0.06431100 0.00453200
v 0.02663700 -0.06356400 0.00689900
v 0.02651800 -0.06342400 0.00954600
v 0.02697100 -0.06431500 0.01187500
v 0.02692100 -0.06426300 0.02243300
v 0.02662600 -0.06348300 0.02460100
v 0.02658900 -0.06352600 0.02742700
v 0.02696400 -0.06433800 0.02973200
v 0.02601900 -0.06655900 0.00397200
v 0.02634700 -0.06581600 0.01300700
v 0.02589000 -0.06669600 0.01452900
v 0.02583300 -0.06717800 0.01719600
v 0.02609600 -0.06653400 0.01966700
v 0.02656000 -0.06573200 0.02130800
v 0.02595400 -0.06652800 0.03033100
v 0.02498900 -0.06890700 0.00392900
v 0.02499000 -0.06893400 0.03050900
v 0.02405100 -0.07127600 0.00403100
v 0.02406600 -0.07128100 0.03059500
v 0.02320300 -0.07366700 0.00420900
v 0.02320000 -0.07370800 0.03057800
v 0.02216900 -0.07612100 0.00453600
v 0.02218800 -0.07598600 0.03049000
v 0.02126200 -0.07833100 0.00491100
v 0.02119100 -0.07846500 0.03030700
v 0.02028100 -0.08058800 0.00539500
v 0.02048100 -0.08192000 0.00572900
v 0.02024700 -0.08079600 0.03005400
v 0.01871900 -0.08184800 0.00560000
v 0.01927700 -0.08313500 0.00604500
v 0.01931600 -0.08315800 0.02968800
v 0.01844900 -0.08543200 0.00720800
v 0.01865100 -0.08604600 0.00946400
v 0.01874600 -0.08605800 0.01200200
v 0.01865600 -0.08612700 0.01455000
v 0.01879000 -0.08606800 0.01711400
v 0.01878900 -0.08607800 0.01970300
v 0.01862400 -0.08615700 0.02234600
v 0.01870900 -0.08607500 0.02481900
v 0.01867100 -0.08604200 0.02736100
v 0.01826800 -0.08535200 0.02914500
v 0.01684700 -0.08657300 0.00764700
v 0.01703900 -0.08671100 0.00953100
v 0.01712800 -0.08683800 0.01198700
v 0.01707400 -0.08685800 0.01464500
v 0.01714600 -0.08685200 0.01716000
v 0.01705300 -0.08679200 0.01974500
v 0.01717400 -0.08673400 0.02227200
v 0.01709400 -0.08674500 0.02489300
v 0.01697500 -0.08673100 0.02726700
v 0.01688500 -0.08650100 0.02891500
v 0.02504000 -0.06462000 0.00527500
v 0.02488600 -0.06427700 0.00688300
v 0.02500700 -0.06416600 0.00936700
v 0.02475000 -0.06432000 0.01177800
v 0.02497200 -0.06441500 0.02257100
v 0.02495900 -0.06417000 0.02462000
v 0.02496200 -0.06427100 0.02730000
v 0.02506300 -0.06453600 0.02909100
v 0.02368900 -0.06578000 0.00477600
v 0.02326600 -0.06476200 0.00693300
v 0.02345200 -0.06465400 0.00947900
v 0.02338400 -0.06466400 0.01228900
v 0.02387500 -0.06508800 0.01455100
v 0.02375600 -0.06550000 0.01713000
v 0.02392500 -0.06507700 0.01969500
v 0.02359000 -0.06472900 0.02210100
v 0.02334400 -0.06486700 0.02472200
v 0.02338400 -0.06490100 0.02719500
v 0.02377100 -0.06572500 0.02958400
v 0.02266600 -0.06799200 0.00425800
v 0.02263700 -0.06797800 0.03018500
v 0.02168400 -0.07029500 0.00419500
v 0.02169600 -0.07037500 0.03042600
v 0.02082100 -0.07275200 0.00422800
v 0.02079300 -0.07273000 0.03050000
v 0.01975600 -0.07510500 0.00431400
v 0.01979300 -0.07511600 0.03050800
v 0.01887000 -0.07749500 0.00465200
v 0.01888800 -0.07750700 0.03044900
v 0.01795000 -0.07984500 0.00505700
v 0.01791000 -0.07980500 0.03028200
v 0.01683600 -0.08178200 0.00542400
v 0.01709500 -0.08294900 0.00577100
v 0.01698700 -0.08221100 0.03006900
v 0.01542400 -0.08298800 0.00563200
v 0.01596700 -0.08454400 0.00623900
v 0.01600700 -0.08450800 0.02953800
v 0.01502600 -0.08663600 0.00730100
v 0.01493600 -0.08721400 0.00940800
v 0.01487200 -0.08734600 0.01210900
v 0.01498900 -0.08731400 0.01460600
v 0.01505800 -0.08730400 0.01711700
v 0.01493900 -0.08727700 0.01970700
v 0.01498600 -0.08725500 0.02229400
v 0.01501900 -0.08728500 0.02467700
v 0.01491200 -0.08725500 0.02751300
v 0.01498200 -0.08645700 0.02910500
v 0.02162400 -0.06578900 0.00525400
v 0.02142200 -0.06540000 0.00710000
v 0.02107900 -0.06526600 0.00947500
v 0.02125700 -0.06523600 0.01203800
v 0.02133700 -0.06512400 0.01461600
v 0.02128400 -0.06519800 0.01710200
v 0.02134300 -0.06522600 0.01972900
v 0.02142900 -0.06531200 0.02207400
v 0.02147500 -0.06550500 0.02478800
v 0.02154500 -0.06546800 0.02738300
v 0.02143300 -0.06561200 0.02909000
v 0.02038700 -0.06705900 0.00481500
v 0.01987500 -0.06578800 0.00668500
v 0.01968300 -0.06553500 0.00919300
v 0.01964600 -0.06551900 0.01294400
v 0.01971600 -0.06555600 0.01409300
v 0.01972600 -0.06556100 0.01962700
v 0.01973200 -0.06570600 0.02232400
v 0.01994500 -0.06579100 0.02496400
v 0.01996700 -0.06578700 0.02725700
v 0.02031700 -0.06692700 0.02967700
v 0.01937700 -0.06944900 0.00443800
v 0.01934900 -0.06933300 0.03021600
v 0.01839000 -0.07172900 0.00433200
v 0.01839100 -0.07173400 0.03040800
v 0.01754200 -0.07409800 0.00429200
v 0.01747200 -0.07415600 0.03044600
v 0.01653400 -0.07642500 0.00441400
v 0.01642600 -0.07648900 0.03041600
v 0.01553900 -0.07888500 0.00473900
v 0.01551800 -0.07883700 0.03035000
v 0.01459900 -0.08114500 0.00512900
v 0.01455300 -0.08124000 0.03021100
v 0.01354200 -0.08289200 0.00549000
v 0.01382200 -0.08402000 0.00584000
v 0.01362900 -0.08355300 0.02984200
v 0.01274700 -0.08601300 0.00656600
v 0.01338200 -0.08754800 0.01105600
v 0.01312600 -0.08744600 0.01711300
v 0.01326100 -0.08750100 0.02210200
v 0.01270500 -0.08599900 0.02935700
v 0.01158400 -0.08774700 0.00739300
v 0.01187600 -0.08788000 0.00948000
v 0.01194600 -0.08762400 0.01211100
v 0.01202900 -0.08774100 0.01457800
v 0.01189400 -0.08762200 0.01716300
v 0.01188500 -0.08764300 0.01970600
v 0.01185800 -0.08779900 0.02225600
v 0.01178300 -0.08783600 0.02478500
v 0.01191700 -0.08797000 0.02738700
v 0.01156500 -0.08752900 0.02891500
v 0.01784900 -0.06659200 0.00524800
v 0.01808100 -0.06595600 0.00689100
v 0.01816800 -0.06575300 0.00946100
v 0.01816400 -0.06564100 0.01198400
v 0.01817600 -0.06559300 0.01446600
v 0.01814000 -0.06560200 0.01719700
v 0.01812400 -0.06579600 0.01960300
v 0.01808400 -0.06595400 0.02223600
v 0.01801000 -0.06595700 0.02487900
v 0.01801700 -0.06595000 0.02736200
v 0.01789700 -0.06661200 0.02944000
v 0.01697400 -0.06841000 0.00471500
v 0.01692800 -0.06842600 0.02998500
v 0.01604200 -0.07085800 0.00442900
v 0.01615700 -0.07087200 0.03029600
v 0.01518800 -0.07324000 0.00432500
v 0.01511900 -0.07315500 0.03038300
v 0.01418500 -0.07555200 0.00427100
v 0.01419200 -0.07553500 0.03040100
v 0.01312400 -0.07792800 0.00443400
v 0.01325400 -0.07788700 0.03034000
v 0.01228200 -0.08020000 0.00479000
v 0.01219700 -0.08024400 0.03025700
v 0.01117100 -0.08257100 0.00524600
v 0.01185400 -0.08402800 0.00568600
v 0.01124100 -0.08263100 0.02997000
v 0.00996400 -0.08405200 0.00556100
v 0.01038300 -0.08522000 0.00596300
v 0.01032600 -0.08501400 0.02955600
v 0.00943300 -0.08747600 0.00682600
v 0.00953700 -0.08833400 0.00945900
v 0.00944900 -0.08823300 0.01210100
v 0.00953500 -0.08820800 0.01455000
v 0.00941400 -0.08814400 0.01725000
v 0.00951100 -0.08813800 0.01962700
v 0.00948700 -0.08819200 0.02216300
v 0.00953300 -0.08825200 0.02469000
v 0.00961800 -0.08835200 0.02732300
v 0.00937500 -0.08725600 0.02902100
v 0.00807400 -0.08851700 0.00759700
v 0.00799300 -0.08862400 0.00938900
v 0.00807900 -0.08852300 0.01164000
v 0.00800300 -0.08845400 0.01441100
v 0.00800300 -0.08841200 0.01692300
v 0.00802600 -0.08841300 0.01968900
v 0.00797600 -0.08842600 0.02242900
v 0.00804600 -0.08845000 0.02496000
v 0.00816900 -0.08859300 0.02706800
v 0.00784400 -0.08822000 0.02875400
v 0.01524100 -0.06611200 0.00540200
v 0.01529300 -0.06587000 0.00692500
v 0.01526600 -0.06587400 0.00945100
v 0.01534800 -0.06573200 0.01203800
v 0.01527600 -0.06571000 0.01458900
v 0.01530000 -0.06573900 0.01720300
v 0.01537000 -0.06580200 0.01960000
v 0.01529800 -0.06576900 0.02217600
v 0.01532000 -0.06580600 0.02479200
v 0.01527500 -0.06578200 0.02732400
v 0.01533900 -0.06593700 0.02903200
v 0.01463700 -0.06750600 0.00489100
v 0.01463800 -0.06742500 0.02978200
v 0.01371900 -0.06990400 0.00452400
v 0.01370300 -0.06979500 0.03017600
v 0.01282800 -0.07228700 0.00434100
v 0.01276800 -0.07223300 0.03034300
v 0.01175300 -0.07462300 0.00423100
v 0.01177900 -0.07462300 0.03039100
v 0.01087600 -0.07689400 0.00422700
v 0.01082300 -0.07692300 0.03032400
v 0.00990400 -0.07936500 0.00450700
v 0.00981100 -0.07931300 0.03028800
v 0.00894500 -0.08173300 0.00493400
v 0.00892500 -0.08175000 0.03008300
v 0.00780500 -0.08389600 0.00539400
v 0.00846000 -0.08511800 0.00571400
v 0.00794100 -0.08408600 0.02979200
v 0.00658400 -0.08532800 0.00562700
v 0.00710800 -0.08651200 0.00606700
v 0.00697200 -0.08642100 0.02934500
v 0.00589300 -0.08855900 0.00709400
v 0.00589600 -0.08893100 0.00956400
v 0.00592200 -0.08877000 0.01202900
v 0.00601200 -0.08878700 0.01454300
v 0.00610900 -0.08875700 0.01706600
v 0.00608500 -0.08870300 0.01963300
v 0.00614600 -0.08865300 0.02213600
v 0.00598200 -0.08871500 0.02471400
v 0.00609900 -0.08883300 0.02734500
v 0.00603200 -0.08807800 0.02889000
v 0.01306100 -0.06193100 0.00700600
v 0.01295800 -0.06211700 0.00930500
v 0.01275400 -0.06222100 0.01194200
v 0.01267800 -0.06232900 0.01361600
v 0.01263700 -0.06235700 0.02007900
v 0.01276600 -0.06227700 0.02244600
v 0.01280800 -0.06224900 0.02476900
v 0.01279700 -0.06229600 0.02722500
v 0.01278600 -0.06461900 0.00534500
v 0.01323700 -0.06416900 0.00683500
v 0.01329800 -0.06432200 0.00944600
v 0.01313200 -0.06440300 0.01198300
v 0.01295800 -0.06435000 0.01452700
v 0.01295100 -0.06439900 0.01708600
v 0.01304200 -0.06437400 0.01973800
v 0.01311900 -0.06419800 0.02218200
v 0.01330000 -0.06430300 0.02470000
v 0.01328600 -0.06418200 0.02745900
v 0.01285900 -0.06467000 0.02915700
v 0.01232300 -0.06653000 0.00483800
v 0.01232800 -0.06657400 0.02979300
v 0.01128400 -0.06886300 0.00450900
v 0.01136500 -0.06889700 0.03011100
v 0.01039000 -0.07124100 0.00432000
v 0.01044200 -0.07130000 0.03027200
v 0.00938100 -0.07369100 0.00423500
v 0.00937500 -0.07366800 0.03035500
v 0.00843300 -0.07597500 0.00408100
v 0.00854200 -0.07601600 0.03034400
v 0.00755900 -0.07832500 0.00427500
v 0.00745400 -0.07832500 0.03026100
v 0.00653500 -0.08070600 0.00458800
v 0.00657900 -0.08066500 0.03015700
v 0.00551300 -0.08305900 0.00498000
v 0.00551100 -0.08312700 0.02997200
v 0.00450800 -0.08518700 0.00543400
v 0.00520000 -0.08629900 0.00578500
v 0.00458900 -0.08544500 0.02960200
v 0.00306600 -0.08635100 0.00559100
v 0.00358500 -0.08805100 0.00647400
v 0.00408200 -0.08912800 0.00963700
v 0.00406700 -0.08908100 0.01236500
v 0.00398700 -0.08905500 0.01448800
v 0.00402300 -0.08907000 0.01711300
v 0.00397600 -0.08902600 0.01978900
v 0.00394300 -0.08891300 0.02206600
v 0.00406300 -0.08896900 0.02469400
v 0.00406300 -0.08910800 0.02720700
v 0.00366600 -0.08782000 0.02906700
v 0.00243000 -0.08922600 0.00745500
v 0.00267300 -0.08929600 0.00953000
v 0.00270400 -0.08919300 0.01207800
v 0.00266800 -0.08906400 0.01453000
v 0.00268700 -0.08922900 0.01688300
v 0.00255700 -0.08918000 0.01965000
v 0.00251300 -0.08911300 0.02202600
v 0.00262400 -0.08916000 0.02485000
v 0.00275700 -0.08925100 0.02730100
v 0.00217900 -0.08881500 0.02876400
v 0.01288200 -0.05599400 0.00719800
v 0.01293700 -0.05603600 0.00955600
v 0.01275200 -0.05613400 0.01198600
v 0.01266000 -0.05625400 0.01450700
v 0.01266300 -0.05618200 0.01699700
v 0.01260000 -0.05619800 0.01971800
v 0.01259700 -0.05643900 0.02219700
v 0.01262700 -0.05625200 0.02476000
v 0.01258600 -0.05621900 0.02681500
v 0.01270500 -0.05853500 0.00676700
v 0.01295700 -0.05868800 0.00952900
v 0.01276600 -0.05842200 0.01213700
v 0.01262800 -0.05864500 0.01458300
v 0.01260100 -0.05839500 0.01711200
v 0.01261800 -0.05834300 0.01974700
v 0.01259700 -0.05842600 0.02222700
v 0.01267400 -0.05848500 0.02483200
v 0.01238500 -0.05847300 0.02742000
v 0.01131800 -0.05899100 0.02864400
v 0.01145400 -0.06084500 0.00549900
v 0.01286600 -0.06068500 0.00659500
v 0.01298200 -0.06072200 0.00958200
v 0.01276600 -0.06085200 0.01211700
v 0.01259600 -0.06116600 0.01462800
v 0.01255300 -0.06119000 0.01709400
v 0.01261700 -0.06103900 0.01962900
v 0.01265200 -0.06084000 0.02220600
v 0.01276200 -0.06090100 0.02472700
v 0.01256800 -0.06090600 0.02754400
v 0.01145500 -0.06097800 0.02889500
v 0.01087900 -0.06325600 0.00512000
v 0.01244300 -0.06264700 0.01667800
v 0.01090200 -0.06313100 0.02933600
v 0.00993100 -0.06565100 0.00474900
v 0.00995600 -0.06553200 0.02973000
v 0.00895100 -0.06796400 0.00450300
v 0.00892200 -0.06794000 0.03002700
v 0.00800500 -0.07030800 0.00428800
v 0.00806400 -0.07030600 0.03018800
v 0.00708100 -0.07268100 0.00416300
v 0.00714300 -0.07270200 0.03029000
v 0.00609700 -0.07503100 0.00406400
v 0.00608400 -0.07507900 0.03036600
v 0.00518800 -0.07737600 0.00408600
v 0.00512200 -0.07746300 0.03026900
v 0.00419700 -0.07976500 0.00432700
v 0.00414200 -0.07977500 0.03022900
v 0.00317000 -0.08213300 0.00465700
v 0.00323100 -0.08209700 0.03006000
v 0.00227400 -0.08453500 0.00509900
v 0.00227300 -0.08450800 0.02978800
v 0.00115100 -0.08631800 0.00550200
v 0.00149800 -0.08752300 0.00593800
v 0.00128100 -0.08682800 0.02937300
v 0.00025800 -0.08905900 0.00691400
v 0.00027700 -0.08951200 0.00940600
v 0.00041000 -0.08943300 0.01205900
v 0.00039300 -0.08938600 0.01461900
v 0.00040000 -0.08930500 0.01715300
v 0.00015800 -0.08930700 0.01958200
v 0.00036300 -0.08932600 0.02222800
v 0.00031500 -0.08935000 0.02472300
v 0.00030100 -0.08941300 0.02741200
v 0.00039500 -0.08857000 0.02890900
v 0.01260200 -0.04876700 0.00883100
v 0.01260700 -0.04872000 0.01137300
v 0.01252900 -0.05050100 0.00754900
v 0.01270200 -0.05028100 0.00945900
v 0.01265300 -0.05008800 0.01198400
v 0.01258300 -0.05020700 0.01459800
v 0.01249200 -0.05022600 0.01712200
v 0.01245800 -0.05024200 0.01975700
v 0.01242200 -0.05039400 0.02223200
v 0.01240500 -0.05060100 0.02470200
v 0.01213300 -0.05072200 0.02653900
v 0.01225100 -0.05283100 0.00699800
v 0.01283100 -0.05299600 0.00948600
v 0.01273600 -0.05303200 0.01200800
v 0.01264700 -0.05286500 0.01467800
v 0.01255200 -0.05290400 0.01708900
v 0.01255500 -0.05286100 0.01969600
v 0.01248800 -0.05295900 0.02225500
v 0.01251800 -0.05285400 0.02481100
v 0.01205200 -0.05277100 0.02704800
v 0.01155100 -0.05514300 0.00628500
v 0.01290200 -0.05453000 0.00970300
v 0.01277900 -0.05473700 0.01194700
v 0.01265700 -0.05483400 0.01452900
v 0.01262300 -0.05488300 0.01723200
v 0.01263500 -0.05492600 0.01958900
v 0.01257200 -0.05492800 0.02219000
v 0.01259900 -0.05491100 0.02489400
v 0.01145200 -0.05513700 0.02780700
v 0.00998900 -0.05840200 0.00557900
v 0.01057400 -0.05731500 0.00580000
v 0.01080800 -0.05716000 0.02841100
v 0.00993700 -0.05807200 0.02868600
v 0.00949400 -0.05990100 0.00540100
v 0.00950400 -0.05996100 0.02898200
v 0.00851200 -0.06231400 0.00503100
v 0.00855300 -0.06228500 0.02933700
v 0.00756100 -0.06471000 0.00474700
v 0.00759700 -0.06461900 0.02962500
v 0.00654600 -0.06706200 0.00451000
v 0.00658800 -0.06698500 0.02987600
v 0.00567400 -0.06934600 0.00429400
v 0.00561900 -0.06933400 0.03005600
v 0.00462700 -0.07176400 0.00410500
v 0.00469300 -0.07169500 0.03019700
v 0.00367500 -0.07420800 0.00401100
v 0.00371600 -0.07409400 0.03026100
v 0.00280500 -0.07645000 0.00392400
v 0.00273300 -0.07642200 0.03026700
v 0.00180000 -0.07882800 0.00414700
v 0.00182900 -0.07882200 0.03022600
v 0.00084100 -0.08121000 0.00447100
v 0.00084100 -0.08117400 0.03009700
v -0.00008300 -0.08355900 0.00480500
v -0.00012700 -0.08360000 0.02990200
v -0.00108500 -0.08585500 0.00530100
v -0.00035900 -0.08726600 0.00566700
v -0.00104800 -0.08593300 0.02955200
v -0.00219000 -0.08726200 0.00556000
v -0.00184900 -0.08862500 0.00624800
v -0.00150800 -0.08960600 0.00950600
v -0.00167600 -0.08958800 0.01193200
v -0.00169200 -0.08955800 0.01439100
v -0.00165700 -0.08951700 0.01713200
v -0.00173400 -0.08941900 0.01970800
v -0.00167800 -0.08945100 0.02235600
v -0.00172700 -0.08949600 0.02480300
v -0.00167200 -0.08955300 0.02735900
v -0.00204800 -0.08820100 0.02900400
v -0.00303000 -0.08969000 0.00726400
v -0.00292700 -0.08974400 0.00947300
v -0.00300300 -0.08964800 0.01208300
v -0.00305100 -0.08963400 0.01463000
v -0.00305100 -0.08958100 0.01730600
v -0.00313400 -0.08952000 0.01963500
v -0.00320200 -0.08951200 0.02212400
v -0.00306000 -0.08952900 0.02479200
v -0.00304600 -0.08961700 0.02744000
v -0.00339400 -0.08913900 0.02869900
v 0.01218400 -0.04302600 0.01029200
v 0.01218000 -0.04310700 0.01676000
v 0.01217900 -0.04305700 0.02058500
v 0.01164900 -0.04503800 0.00798200
v 0.01220500 -0.04470500 0.00950600
v 0.01231400 -0.04453900 0.01207900
v 0.01229800 -0.04447100 0.01448900
v 0.01225200 -0.04437300 0.01710800
v 0.01219800 -0.04444400 0.01976400
v 0.01211900 -0.04464000 0.02216600
v 0.01194200 -0.04487300 0.02473800
v 0.01149100 -0.04521600 0.02617400
v 0.01164700 -0.04735100 0.00747900
v 0.01245700 -0.04735700 0.00946000
v 0.01249300 -0.04735300 0.01194600
v 0.01242200 -0.04728800 0.01458000
v 0.01239400 -0.04723300 0.01706500
v 0.01230600 -0.04729900 0.01972800
v 0.01226400 -0.04730600 0.02223500
v 0.01211700 -0.04720400 0.02481900
v 0.01129800 -0.04702100 0.02663700
v 0.01100000 -0.04946000 0.00684700
v 0.01252800 -0.04879400 0.01524200
v 0.01245000 -0.04885600 0.01767200
v 0.01239800 -0.04899800 0.01956200
v 0.01237200 -0.04900700 0.02218400
v 0.01224300 -0.04910900 0.02500700
v 0.01098100 -0.04950800 0.02712700
v 0.00997400 -0.05188300 0.00634100
v 0.00992700 -0.05190600 0.02781800
v 0.00899900 -0.05417300 0.00600600
v 0.00897100 -0.05418100 0.02820200
v 0.00798000 -0.05739000 0.00559500
v 0.00821400 -0.05610400 0.00575800
v 0.00820800 -0.05600900 0.02848600
v 0.00783000 -0.05721400 0.02868600
v 0.00711100 -0.05896800 0.00538100
v 0.00713200 -0.05892100 0.02888300
v 0.00610300 -0.06138800 0.00505700
v 0.00620200 -0.06125000 0.02917700
v 0.00518800 -0.06368400 0.00478700
v 0.00527000 -0.06372600 0.02948400
v 0.00425000 -0.06606400 0.00452500
v 0.00420600 -0.06602400 0.02970400
v 0.00327700 -0.06843100 0.00429000
v 0.00320900 -0.06842000 0.02989800
v 0.00234400 -0.07074800 0.00409200
v 0.00229300 -0.07083600 0.03009000
v 0.00134100 -0.07318800 0.00395800
v 0.00128600 -0.07310500 0.03019100
v 0.00041000 -0.07547400 0.00388200
v 0.00033600 -0.07549000 0.03024000
v -0.00056800 -0.07782300 0.00399300
v -0.00057600 -0.07778300 0.03018100
v -0.00149200 -0.08025200 0.00427900
v -0.00152000 -0.08020800 0.03014800
v -0.00245200 -0.08264800 0.00458900
v -0.00243800 -0.08257900 0.02999700
v -0.00334100 -0.08495600 0.00495400
v -0.00337500 -0.08500200 0.02971600
v -0.00433200 -0.08698200 0.00541600
v -0.00428800 -0.08828300 0.00583600
v -0.00439000 -0.08733200 0.02924700
v -0.00536700 -0.08949600 0.00672500
v -0.00537500 -0.08985600 0.00951800
v -0.00538600 -0.08980000 0.01208700
v -0.00542400 -0.08980000 0.01445400
v -0.00529500 -0.08971000 0.01708700
v -0.00536300 -0.08960600 0.01974500
v -0.00537600 -0.08955300 0.02218000
v -0.00532200 -0.08957000 0.02476500
v -0.00531400 -0.08960900 0.02743700
v -0.00525900 -0.08885200 0.02880400
v 0.01048800 -0.04210400 0.00796100
v 0.01125900 -0.04161500 0.00954600
v 0.01142500 -0.04149000 0.01207900
v 0.01143100 -0.04150800 0.01462400
v 0.01148800 -0.04148900 0.01711600
v 0.01145300 -0.04139300 0.01963300
v 0.01146400 -0.04153400 0.02222400
v 0.01106400 -0.04169500 0.02461800
v 0.01036800 -0.04386000 0.00754900
v 0.01161900 -0.04337400 0.00852500
v 0.01198000 -0.04320700 0.02289900
v 0.01145200 -0.04336000 0.02518200
v 0.01027100 -0.04400300 0.02643300
v 0.00951500 -0.04618100 0.00697000
v 0.00956800 -0.04618600 0.02697800
v 0.00850000 -0.04851600 0.00659300
v 0.00854600 -0.04849900 0.02745700
v 0.00758800 -0.05091300 0.00627100
v 0.00754600 -0.05082800 0.02782500
v 0.00660200 -0.05327600 0.00597900
v 0.00663800 -0.05328900 0.02814800
v 0.00546000 -0.05650900 0.00562000
v 0.00582500 -0.05537000 0.00574400
v 0.00558500 -0.05555000 0.02844800
v 0.00599800 -0.05678700 0.02862900
v 0.00472800 -0.05798300 0.00541300
v 0.00476600 -0.05801200 0.02875300
v 0.00377900 -0.06042400 0.00508500
v 0.00378500 -0.06041400 0.02902800
v 0.00282900 -0.06273600 0.00481100
v 0.00284000 -0.06270400 0.02930600
v 0.00182100 -0.06503800 0.00456400
v 0.00193000 -0.06510600 0.02954600
v 0.00089000 -0.06746600 0.00431400
v 0.00087000 -0.06741400 0.02975600
v 0.00005700 -0.06981900 0.00412500
v -0.00006700 -0.06980200 0.02992200
v -0.00095400 -0.07215900 0.00391500
v -0.00099100 -0.07220500 0.03008100
v -0.00192000 -0.07460000 0.00383900
v -0.00194800 -0.07455500 0.03018700
v -0.00290200 -0.07680300 0.00380200
v -0.00302300 -0.07686400 0.03018200
v -0.00376600 -0.07924300 0.00406600
v -0.00379200 -0.07932800 0.03010200
v -0.00475700 -0.08157500 0.00438100
v -0.00488400 -0.08168700 0.03003200
v -0.00578600 -0.08400500 0.00469700
v -0.00572100 -0.08398000 0.02986000
v -0.00682400 -0.08635800 0.00515300
v -0.00672000 -0.08639300 0.02946600
v -0.00752400 -0.08784900 0.00553800
v -0.00761400 -0.08928100 0.00627700
v -0.00725500 -0.08997200 0.00941400
v -0.00737100 -0.08994600 0.01199500
v -0.00743600 -0.08991500 0.01444500
v -0.00745800 -0.08983900 0.01703400
v -0.00758000 -0.08972500 0.01964900
v -0.00774100 -0.08965700 0.02225200
v -0.00772000 -0.08962600 0.02476300
v -0.00776300 -0.08961900 0.02754000
v -0.00765300 -0.08841100 0.02897000
v -0.00888200 -0.08988400 0.00711700
v -0.00875600 -0.09005200 0.00953000
v -0.00872100 -0.08997500 0.01216700
v -0.00890900 -0.08992400 0.01465900
v -0.00888000 -0.08989800 0.01708900
v -0.00908900 -0.08979400 0.01959100
v -0.00904300 -0.08971400 0.02199500
v -0.00915600 -0.08964300 0.02501700
v -0.00910400 -0.08968200 0.02724800
v 0.01152100 -0.03131300 0.01038500
v 0.01171500 -0.03102600 0.01202300
v 0.01172100 -0.03092800 0.01460000
v 0.01172200 -0.03093200 0.01721300
v 0.01179300 -0.03086400 0.01974500
v 0.01172500 -0.03098000 0.02213600
v 0.01154900 -0.03133900 0.02393500
v 0.01115500 -0.03326600 0.00988400
v 0.01133400 -0.03314100 0.01206500
v 0.01132200 -0.03318000 0.01456200
v 0.01132900 -0.03313500 0.01718700
v 0.01136200 -0.03319300 0.01973400
v 0.01139500 -0.03323900 0.02221200
v 0.01111600 -0.03337200 0.02471200
v 0.01067000 -0.03559700 0.00949900
v 0.01091600 -0.03589800 0.01211200
v 0.01090200 -0.03585500 0.01457100
v 0.01092600 -0.03578400 0.01714100
v 0.01097300 -0.03578800 0.01974900
v 0.01100900 -0.03573300 0.02224400
v 0.01063300 -0.03574600 0.02499200
v 0.01020400 -0.03824000 0.00938600
v 0.01065000 -0.03820200 0.01205500
v 0.01058700 -0.03842500 0.01460500
v 0.01059600 -0.03834800 0.01719700
v 0.01063600 -0.03844800 0.01963200
v 0.01063100 -0.03841300 0.02229400
v 0.01009600 -0.03823900 0.02501900
v 0.00865400 -0.04143500 0.00794600
v 0.00915000 -0.04029300 0.00883800
v 0.01061200 -0.03983900 0.01192700
v 0.01050000 -0.04000400 0.01465400
v 0.01049300 -0.03994600 0.01675400
v 0.01058600 -0.03986200 0.01968400
v 0.01054400 -0.03992700 0.02267500
v 0.00919900 -0.04042900 0.02541300
v 0.00805000 -0.04287700 0.00735000
v 0.00813100 -0.04296900 0.02650300
v 0.00714300 -0.04520800 0.00684200
v 0.00715200 -0.04526700 0.02705100
v 0.00612900 -0.04759200 0.00652800
v 0.00622600 -0.04754000 0.02739000
v 0.00514500 -0.04992400 0.00626100
v 0.00526900 -0.04991500 0.02769800
v 0.00429600 -0.05232600 0.00598800
v 0.00426200 -0.05235300 0.02799800
v 0.00308900 -0.05558500 0.00560600
v 0.00342400 -0.05425800 0.00576900
v 0.00332900 -0.05466600 0.02827500
v 0.00239700 -0.05710800 0.00542900
v 0.00224300 -0.05656800 0.02850100
v 0.00258400 -0.05777300 0.02869300
v 0.00141900 -0.05938400 0.00514200
v 0.00139400 -0.05937000 0.02885800
v 0.00044800 -0.06180000 0.00485800
v 0.00043900 -0.06178000 0.02911800
v -0.00053400 -0.06410800 0.00459300
v -0.00044600 -0.06410700 0.02934300
v -0.00145600 -0.06648000 0.00433600
v -0.00146100 -0.06646700 0.02959400
v -0.00234500 -0.06886800 0.00410800
v -0.00239800 -0.06890200 0.02977900
v -0.00330200 -0.07115700 0.00391100
v -0.00341800 -0.07120600 0.02998900
v -0.00424400 -0.07359100 0.00381300
v -0.00424900 -0.07362500 0.03010300
v -0.00526600 -0.07602600 0.00371700
v -0.00536300 -0.07598000 0.03010500
v -0.00627700 -0.07831100 0.00389900
v -0.00615500 -0.07828100 0.03007000
v -0.00717000 -0.08069000 0.00420800
v -0.00718800 -0.08065500 0.02999700
v -0.00811700 -0.08303400 0.00449900
v -0.00817100 -0.08303200 0.02992900
v -0.00911100 -0.08539000 0.00481500
v -0.00909700 -0.08540500 0.02961700
v -0.01019400 -0.08762100 0.00536300
v -0.00972900 -0.08882200 0.00569700
v -0.01004100 -0.08774700 0.02910700
v -0.01093600 -0.08974000 0.00657500
v -0.01092600 -0.09008200 0.00952100
v -0.01100200 -0.08993700 0.01201700
v -0.01086600 -0.08994600 0.01454600
v -0.01091800 -0.08986900 0.01720100
v -0.01095700 -0.08978700 0.01956900
v -0.01085800 -0.08969600 0.02225200
v -0.01089200 -0.08967400 0.02473300
v -0.01087400 -0.08966500 0.02750900
v -0.01116500 -0.08916300 0.02874600
v 0.01195100 -0.02341700 0.01292400
v 0.01240900 -0.02315200 0.01478400
v 0.01259800 -0.02307700 0.01722600
v 0.01247500 -0.02308200 0.01952000
v 0.01206000 -0.02343600 0.02138300
v 0.01105900 -0.02590400 0.01055500
v 0.01181300 -0.02526000 0.01212000
v 0.01249500 -0.02544300 0.01458300
v 0.01268900 -0.02548900 0.01704400
v 0.01259400 -0.02551200 0.01959100
v 0.01191100 -0.02529100 0.02216200
v 0.01120600 -0.02569500 0.02379100
v 0.01088200 -0.02764300 0.01003000
v 0.01196500 -0.02793800 0.01202500
v 0.01226400 -0.02810400 0.01451700
v 0.01232800 -0.02802000 0.01717100
v 0.01234000 -0.02800700 0.01963500
v 0.01202800 -0.02791200 0.02219200
v 0.01106700 -0.02775200 0.02431800
v 0.00930200 -0.03040500 0.00809900
v 0.01058000 -0.03003600 0.00931400
v 0.01189900 -0.02965000 0.01191200
v 0.01194200 -0.02971200 0.01453700
v 0.01194400 -0.02969400 0.01688600
v 0.01202000 -0.02959900 0.01977500
v 0.01191800 -0.02967700 0.02223300
v 0.01084000 -0.03005100 0.02499000
v 0.00955500 -0.03022100 0.02629100
v 0.00892000 -0.03221500 0.00804000
v 0.01026700 -0.03254000 0.00875800
v 0.01053200 -0.03239400 0.02573200
v 0.00929100 -0.03247200 0.02637300
v 0.00826200 -0.03365300 0.00815900
v 0.00868800 -0.03494500 0.00839300
v 0.00866300 -0.03563400 0.02598600
v 0.00855900 -0.03443200 0.02615800
v 0.00760600 -0.03716800 0.00865000
v 0.00768800 -0.03723700 0.02575800
v 0.00617800 -0.04060400 0.00807800
v 0.00669600 -0.03951000 0.00867200
v 0.00666200 -0.03965400 0.02560200
v 0.00575200 -0.04184100 0.00740700
v 0.00624700 -0.04102000 0.02585700
v 0.00582400 -0.04223400 0.02641800
v 0.00485800 -0.04421800 0.00684600
v 0.00478800 -0.04427900 0.02687000
v 0.00380100 -0.04666000 0.00650700
v 0.00377300 -0.04662400 0.02721400
v 0.00279400 -0.04896900 0.00625400
v 0.00288300 -0.04900100 0.02750900
v 0.00194100 -0.05134800 0.00599900
v 0.00193500 -0.05132000 0.02782600
v 0.00079100 -0.05469500 0.00562100
v 0.00101600 -0.05348100 0.00576900
v 0.00095200 -0.05373500 0.02811800
v -0.00001800 -0.05611100 0.00547800
v -0.00003700 -0.05599600 0.02839200
v 0.00044000 -0.05733000 0.02863300
v -0.00099700 -0.05840500 0.00520000
v -0.00139500 -0.05764500 0.02855300
v -0.00083800 -0.05875900 0.02870800
v -0.00187100 -0.06079100 0.00492800
v -0.00188000 -0.06079800 0.02890800
v -0.00288600 -0.06309500 0.00466300
v -0.00290400 -0.06321700 0.02914400
v -0.00381600 -0.06552100 0.00440800
v -0.00384800 -0.06555200 0.02939400
v -0.00467800 -0.06793600 0.00418000
v -0.00471400 -0.06787700 0.02962400
v -0.00565300 -0.07024000 0.00395700
v -0.00575400 -0.07024200 0.02983200
v -0.00670900 -0.07258800 0.00379800
v -0.00665500 -0.07261600 0.03002400
v -0.00762000 -0.07498900 0.00373400
v -0.00769200 -0.07502900 0.03005100
v -0.00864800 -0.07738300 0.00373400
v -0.00858900 -0.07733400 0.03002700
v -0.00956800 -0.07975000 0.00403800
v -0.00955900 -0.07968100 0.02998500
v -0.01054800 -0.08214300 0.00435400
v -0.01053700 -0.08203300 0.02990000
v -0.01148600 -0.08438700 0.00465200
v -0.01146000 -0.08441600 0.02972400
v -0.01232800 -0.08680200 0.00505200
v -0.01242200 -0.08679800 0.02935400
v -0.01315500 -0.08830800 0.00549100
v -0.01352700 -0.08964000 0.00645700
v -0.01336000 -0.09006600 0.00940900
v -0.01353300 -0.09004100 0.01212200
v -0.01342900 -0.09004800 0.01468300
v -0.01361100 -0.08987600 0.01726300
v -0.01365900 -0.08980000 0.01976100
v -0.01361600 -0.08971200 0.02223100
v -0.01361400 -0.08969200 0.02480600
v -0.01350600 -0.08967700 0.02750300
v -0.01330000 -0.08868500 0.02885000
v -0.01481100 -0.09003000 0.00736600
v -0.01475800 -0.09017300 0.00932200
v -0.01486100 -0.09000700 0.01194500
v -0.01479100 -0.09013200 0.01443500
v -0.01492900 -0.08995400 0.01648400
v 0.01145400 -0.01784100 0.01315900
v 0.01189500 -0.01745600 0.01497600
v 0.01208800 -0.01728600 0.01713700
v 0.01191700 -0.01740100 0.01963400
v 0.01148700 -0.01773300 0.02129000
v 0.01037300 -0.02024200 0.01062800
v 0.01123500 -0.01957100 0.01225500
v 0.01194300 -0.01947700 0.01440700
v 0.01230100 -0.01968900 0.01709100
v 0.01211000 -0.01970700 0.01977100
v 0.01135500 -0.01971000 0.02211600
v 0.01060200 -0.02033900 0.02366700
v 0.01021200 -0.02213500 0.01015000
v 0.01133700 -0.02208100 0.01191100
v 0.01212500 -0.02175500 0.01411800
v 0.01246100 -0.02148100 0.01732500
v 0.01230100 -0.02166200 0.01978200
v 0.01151500 -0.02210500 0.02240300
v 0.01035700 -0.02197200 0.02424200
v 0.00842900 -0.02502700 0.00815100
v 0.01004500 -0.02444200 0.00965400
v 0.01119200 -0.02415300 0.01118500
v 0.01132000 -0.02389100 0.02322900
v 0.01011000 -0.02432300 0.02488800
v 0.00893400 -0.02489000 0.02619000
v 0.00837700 -0.02689700 0.00795100
v 0.00961200 -0.02668600 0.00885600
v 0.00989800 -0.02668000 0.02552900
v 0.00871000 -0.02686200 0.02650900
v 0.00805500 -0.02923300 0.00769200
v 0.00932900 -0.02859500 0.00833700
v 0.00974500 -0.02848400 0.02595700
v 0.00815300 -0.02910900 0.02679000
v 0.00712200 -0.03152800 0.00779500
v 0.00713600 -0.03156300 0.02660000
v 0.00605500 -0.03336000 0.00812100
v 0.00634600 -0.03446700 0.00828600
v 0.00649200 -0.03519000 0.02604600
v 0.00628900 -0.03381500 0.02623700
v 0.00533200 -0.03622400 0.00843200
v 0.00525300 -0.03628200 0.02586700
v 0.00503400 -0.03490000 0.02606200
v 0.00434000 -0.03867800 0.00864900
v 0.00431300 -0.03854600 0.02553500
v 0.00336600 -0.04107800 0.00761500
v 0.00335600 -0.03989900 0.00840900
v 0.00344100 -0.04049200 0.02568600
v 0.00327600 -0.04172200 0.02622600
v 0.00246500 -0.04327400 0.00690300
v 0.00235000 -0.04333900 0.02660300
v 0.00141900 -0.04567100 0.00650800
v 0.00145400 -0.04571900 0.02699600
v 0.00042300 -0.04802000 0.00624000
v 0.00051000 -0.04803600 0.02730300
v -0.00043600 -0.05042200 0.00602300
v -0.00037800 -0.05048500 0.02763200
v -0.00133100 -0.05260900 0.00577600
v -0.00140600 -0.05266300 0.02789700
v -0.00233500 -0.05518700 0.00552400
v -0.00288800 -0.05386300 0.00565800
v -0.00238800 -0.05504300 0.02817200
v -0.00334700 -0.05754200 0.00525600
v -0.00342700 -0.05734400 0.02843400
v -0.00292200 -0.05873600 0.02863400
v -0.00420600 -0.05997600 0.00495800
v -0.00480600 -0.05859300 0.02855100
v -0.00419900 -0.05998600 0.02875600
v -0.00526200 -0.06220600 0.00471300
v -0.00523200 -0.06223700 0.02896200
v -0.00620900 -0.06451100 0.00449400
v -0.00619900 -0.06458600 0.02918900
v -0.00711400 -0.06695600 0.00422100
v -0.00714400 -0.06695600 0.02945400
v -0.00808600 -0.06928000 0.00398800
v -0.00807400 -0.06922200 0.02967700
v -0.00906500 -0.07166600 0.00378700
v -0.00905500 -0.07162500 0.02990700
v -0.00998900 -0.07404900 0.00373600
v -0.01000400 -0.07410300 0.02997400
v -0.01092200 -0.07636600 0.00366300
v -0.01094300 -0.07645100 0.02996400
v -0.01198200 -0.07870700 0.00387400
v -0.01190200 -0.07881400 0.02994100
v -0.01281600 -0.08114200 0.00421000
v -0.01281900 -0.08118900 0.02987800
v -0.01377300 -0.08354300 0.00452600
v -0.01385500 -0.08350400 0.02973800
v -0.01472700 -0.08608500 0.00491000
v -0.01473500 -0.08584100 0.02951200
v -0.01564600 -0.08773400 0.00529700
v -0.01568200 -0.08900600 0.00579200
v -0.01503200 -0.08983200 0.01825700
v -0.01512700 -0.08979500 0.02040300
v -0.01527500 -0.08970200 0.02231600
v -0.01525100 -0.08966700 0.02487800
v -0.01531000 -0.08960600 0.02807000
v -0.01572300 -0.08817400 0.02894900
v -0.01657600 -0.08992700 0.00689300
v -0.01666900 -0.09014400 0.00944000
v -0.01638400 -0.09004000 0.01199600
v -0.01649800 -0.09008600 0.01463500
v -0.01650700 -0.08997500 0.01704000
v -0.01643600 -0.08988600 0.01967100
v -0.01658100 -0.08980500 0.02222300
v -0.01661600 -0.08970400 0.02471500
v -0.01657400 -0.08970100 0.02739000
v -0.01703500 -0.08917400 0.02861600
v 0.01095500 -0.01218900 0.01303200
v 0.01141800 -0.01167500 0.01479000
v 0.01164000 -0.01155600 0.01709000
v 0.01148100 -0.01166100 0.01958700
v 0.01107300 -0.01198000 0.02121100
v 0.01073300 -0.01394100 0.01234900
v 0.01149200 -0.01401100 0.01448600
v 0.01183600 -0.01427500 0.01706200
v 0.01165100 -0.01399000 0.01959600
v 0.01083300 -0.01395400 0.02202000
v 0.01001300 -0.01473900 0.02353800
v 0.00968000 -0.01633100 0.01033900
v 0.01075500 -0.01642200 0.01199500
v 0.01163800 -0.01621800 0.01438000
v 0.01196200 -0.01589300 0.01698900
v 0.01173200 -0.01604800 0.01998700
v 0.01089400 -0.01640700 0.02231400
v 0.00976200 -0.01650700 0.02415900
v 0.00932800 -0.01867200 0.00975600
v 0.01064300 -0.01860700 0.01135000
v 0.01077700 -0.01835100 0.02297600
v 0.00949400 -0.01878400 0.02473900
v 0.00811200 -0.01934700 0.02605400
v 0.00751800 -0.02147600 0.00805500
v 0.00884600 -0.02099900 0.00903500
v 0.00917300 -0.02103100 0.02542300
v 0.00792500 -0.02123700 0.02638800
v 0.00743700 -0.02364900 0.00778900
v 0.00854800 -0.02321000 0.00845900
v 0.00899200 -0.02291400 0.02586600
v 0.00768600 -0.02352900 0.02676200
v 0.00685800 -0.02588200 0.00735600
v 0.00664000 -0.02578700 0.02731800
v 0.00587800 -0.02816900 0.00715100
v 0.00583800 -0.02820100 0.02715900
v 0.00483000 -0.03046600 0.00750400
v 0.00481800 -0.03056200 0.02670500
v 0.00390500 -0.03279300 0.00788700
v 0.00387000 -0.03288800 0.02630200
v 0.00292000 -0.03444700 0.00811800
v 0.00304400 -0.03568600 0.00830700
v 0.00281500 -0.03551900 0.02588100
v 0.00309800 -0.03416800 0.02609300
v 0.00194200 -0.03766000 0.00857100
v 0.00194600 -0.03762300 0.02557900
v 0.00082500 -0.04048800 0.00760900
v 0.00108400 -0.03933000 0.00852700
v 0.00099400 -0.03994800 0.02565700
v 0.00158000 -0.04141100 0.02617000
v 0.00003000 -0.04245100 0.00694300
v 0.00011700 -0.04236400 0.02636900
v -0.00090700 -0.04480800 0.00655200
v -0.00101500 -0.04469400 0.02674200
v -0.00186000 -0.04714500 0.00628000
v -0.00176300 -0.04704900 0.02706600
v -0.00278100 -0.04946100 0.00604900
v -0.00274800 -0.04947600 0.02740000
v -0.00376300 -0.05178300 0.00580700
v -0.00369400 -0.05182400 0.02770000
v -0.00483900 -0.05437100 0.00553400
v -0.00424200 -0.05331800 0.00567400
v -0.00474100 -0.05421100 0.02797900
v -0.00564000 -0.05653500 0.00530500
v -0.00569600 -0.05645800 0.02826800
v -0.00664900 -0.05891500 0.00503700
v -0.00681200 -0.05857200 0.02848100
v -0.00629800 -0.05970200 0.02866800
v -0.00759100 -0.06128600 0.00480300
v -0.00795300 -0.06000200 0.02856900
v -0.00755100 -0.06135900 0.02879300
v -0.00860800 -0.06358200 0.00453600
v -0.00859600 -0.06356800 0.02902800
v -0.00950100 -0.06598500 0.00431400
v -0.00950000 -0.06603900 0.02927200
v -0.01040500 -0.06834700 0.00406300
v -0.01047500 -0.06836300 0.02950500
v -0.01142800 -0.07074300 0.00382900
v -0.01137100 -0.07067500 0.02975400
v -0.01234800 -0.07311000 0.00374100
v -0.01233600 -0.07306500 0.02987700
v -0.01336800 -0.07542400 0.00368500
v -0.01338000 -0.07542700 0.02987600
v -0.01433700 -0.07778900 0.00378800
v -0.01423700 -0.07773200 0.02982300
v -0.01530000 -0.08021400 0.00407300
v -0.01517700 -0.08016200 0.02978900
v -0.01615400 -0.08255100 0.00437900
v -0.01617500 -0.08258600 0.02968600
v -0.01704300 -0.08491500 0.00467400
v -0.01711000 -0.08495300 0.02952400
v -0.01812500 -0.08709400 0.00517800
v -0.01802100 -0.08852400 0.00572700
v -0.01812900 -0.08728000 0.02902400
v -0.01965900 -0.08802700 0.00565400
v -0.01899300 -0.08958600 0.00676300
v -0.01920000 -0.08998100 0.00946300
v -0.01922400 -0.09001200 0.01200900
v -0.01922200 -0.09001000 0.01454100
v -0.01922200 -0.08993300 0.01705600
v -0.01919000 -0.08992100 0.01972500
v -0.01914500 -0.08981600 0.02213200
v -0.01909500 -0.08974500 0.02463100
v -0.01906700 -0.08953600 0.02765200
v -0.01868800 -0.08860300 0.02865000
v 0.01056800 -0.00657600 0.01292900
v 0.01105100 -0.00599400 0.01473300
v 0.01125000 -0.00589900 0.01714900
v 0.01110600 -0.00592300 0.01942200
v 0.01065700 -0.00632900 0.02121400
v 0.01034700 -0.00826500 0.01235000
v 0.01113200 -0.00832600 0.01444800
v 0.01141700 -0.00834700 0.01713200
v 0.01122000 -0.00838000 0.01967000
v 0.01041200 -0.00819600 0.02196300
v 0.00951100 -0.00904800 0.02354800
v 0.00906500 -0.01075300 0.01029500
v 0.01024700 -0.01074200 0.01191100
v 0.01122500 -0.01041500 0.01426700
v 0.01154400 -0.01013400 0.01722800
v 0.01131500 -0.01029600 0.01991300
v 0.01044400 -0.01076400 0.02227100
v 0.00923900 -0.01077000 0.02407300
v 0.00882300 -0.01301500 0.00989700
v 0.01012300 -0.01299400 0.01139500
v 0.01022000 -0.01288000 0.02296800
v 0.00885300 -0.01305100 0.02470600
v 0.00660100 -0.01609500 0.00811800
v 0.00820600 -0.01540900 0.00919100
v 0.00852500 -0.01533500 0.02526800
v 0.00720600 -0.01565400 0.02621500
v 0.00654700 -0.01779900 0.00792900
v 0.00772500 -0.01767200 0.00859600
v 0.00824500 -0.01764700 0.02578500
v 0.00693900 -0.01787800 0.02654000
v 0.00623900 -0.02022800 0.00755400
v 0.00765200 -0.01945300 0.00834000
v 0.00634100 -0.02010500 0.02703000
v 0.00527500 -0.02252400 0.00690000
v 0.00538000 -0.02244900 0.02756200
v 0.00433800 -0.02494400 0.00651400
v 0.00432400 -0.02489800 0.02773100
v 0.00349400 -0.02730700 0.00681000
v 0.00339900 -0.02718500 0.02730400
v 0.00236800 -0.02955300 0.00727300
v 0.00247700 -0.02966700 0.02679600
v 0.00146500 -0.03199900 0.00770000
v 0.00156900 -0.03202100 0.02638700
v 0.00050600 -0.03416900 0.00804200
v 0.00080800 -0.03552300 0.00825400
v 0.00042400 -0.03490000 0.02593600
v 0.00053000 -0.03358300 0.02613300
v -0.00089200 -0.03544200 0.00818700
v -0.00037900 -0.03672500 0.00839600
v -0.00034800 -0.03665000 0.02569500
v -0.00109400 -0.04014500 0.00783300
v -0.00134500 -0.03892700 0.00850500
v -0.00137600 -0.03901100 0.02560000
v -0.00229500 -0.04137600 0.00724800
v -0.00262700 -0.04004000 0.00823000
v -0.00196800 -0.04056800 0.02590400
v -0.00235100 -0.04181100 0.02631500
v -0.00327300 -0.04375100 0.00668100
v -0.00333100 -0.04373500 0.02652900
v -0.00427800 -0.04606500 0.00631700
v -0.00428400 -0.04609600 0.02685700
v -0.00516900 -0.04848900 0.00608100
v -0.00515000 -0.04846100 0.02717700
v -0.00617800 -0.05080600 0.00587300
v -0.00602500 -0.05078800 0.02748300
v -0.00719100 -0.05354100 0.00556800
v -0.00691000 -0.05227200 0.00570400
v -0.00706500 -0.05320500 0.02776800
v -0.00799800 -0.05553300 0.00537100
v -0.00801100 -0.05560300 0.02806500
v -0.00900300 -0.05790800 0.00513100
v -0.00903000 -0.05792600 0.02834300
v -0.00990200 -0.06024400 0.00487900
v -0.01005500 -0.05982300 0.02851400
v -0.00979900 -0.06107600 0.02869000
v -0.01084400 -0.06265700 0.00463700
v -0.01089800 -0.06273100 0.02885400
v -0.01190200 -0.06500900 0.00439500
v -0.01190900 -0.06507400 0.02910700
v -0.01280500 -0.06738000 0.00415000
v -0.01278600 -0.06736200 0.02930300
v -0.01379800 -0.06976700 0.00391000
v -0.01368100 -0.06976800 0.02959800
v -0.01474300 -0.07212200 0.00375000
v -0.01471600 -0.07217600 0.02974600
v -0.01565500 -0.07447500 0.00367400
v -0.01568200 -0.07443000 0.02979000
v -0.01661400 -0.07690000 0.00368000
v -0.01654600 -0.07695400 0.02975200
v -0.01757600 -0.07922600 0.00391100
v -0.01762700 -0.07919600 0.02968800
v -0.01853400 -0.08154100 0.00423800
v -0.01852900 -0.08159700 0.02964700
v -0.01950000 -0.08396800 0.00455600
v -0.01949200 -0.08395300 0.02946900
v -0.02047200 -0.08627300 0.00507000
v -0.02051400 -0.08631800 0.02905900
v -0.02165500 -0.08898800 0.00685200
v -0.02175800 -0.08966400 0.00935500
v -0.02164700 -0.08978400 0.01219900
v -0.02189500 -0.08969500 0.01456100
v -0.02175900 -0.08968900 0.01691600
v -0.02157000 -0.08974700 0.01983000
v -0.02185700 -0.08962800 0.02223200
v -0.02188300 -0.08956700 0.02486900
v -0.02158700 -0.08911800 0.02745000
v -0.02071400 -0.08792300 0.02870500
v -0.02234300 -0.08972400 0.01039100
v -0.02255400 -0.08965400 0.01150700
v -0.02230700 -0.08974800 0.01797300
v -0.02255600 -0.08963200 0.01946600
v 0.01087100 0.00139400 0.01671500
v 0.01022000 -0.00069900 0.01299200
v 0.01067800 -0.00034800 0.01456500
v 0.01092800 0.00004300 0.01712900
v 0.01071100 -0.00014800 0.01956700
v 0.01021700 -0.00070100 0.02126900
v 0.00999200 -0.00268100 0.01236600
v 0.01077800 -0.00269600 0.01446700
v 0.01106200 -0.00281000 0.01702900
v 0.01081600 -0.00264700 0.01975400
v 0.00999600 -0.00262900 0.02200900
v 0.00874800 -0.00507000 0.01040600
v 0.00994400 -0.00501000 0.01203700
v 0.01085200 -0.00467500 0.01418300
v 0.01116100 -0.00445000 0.01767500
v 0.01089100 -0.00459300 0.02002300
v 0.00989100 -0.00493600 0.02241900
v 0.00871300 -0.00484500 0.02401000
v 0.00841000 -0.00739000 0.00995300
v 0.00968600 -0.00735200 0.01135500
v 0.00980600 -0.00710800 0.02283500
v 0.00852400 -0.00744300 0.02442500
v 0.00770300 -0.00970300 0.00928900
v 0.00773900 -0.00964600 0.02525500
v 0.00631700 -0.01038200 0.02611800
v 0.00573200 -0.01221100 0.00798700
v 0.00708000 -0.01206600 0.00870900
v 0.00746700 -0.01206500 0.02571900
v 0.00621100 -0.01211500 0.02633500
v 0.00549100 -0.01434100 0.00775800
v 0.00680000 -0.01416600 0.00838300
v 0.00737800 -0.01397500 0.02594800
v 0.00579700 -0.01451100 0.02669000
v 0.00477200 -0.01690100 0.00727200
v 0.00491100 -0.01686200 0.02716400
v 0.00393500 -0.01930300 0.00676800
v 0.00397500 -0.01909200 0.02759100
v 0.00299400 -0.02160800 0.00626500
v 0.00296800 -0.02152000 0.02793400
v 0.00205600 -0.02394700 0.00607000
v 0.00195800 -0.02397100 0.02795700
v 0.00107100 -0.02619500 0.00650400
v 0.00110400 -0.02624100 0.02748500
v 0.00015700 -0.02858800 0.00703800
v 0.00016800 -0.02862600 0.02694600
v -0.00080100 -0.03101300 0.00747300
v -0.00087200 -0.03099400 0.02650900
v -0.00182700 -0.03337700 0.00783200
v -0.00199900 -0.03421400 0.02598400
v -0.00166700 -0.03301600 0.02617500
v -0.00273100 -0.03532300 0.00810400
v -0.00278200 -0.03660200 0.00829200
v -0.00280500 -0.03570100 0.02575100
v -0.00370800 -0.03814000 0.00846600
v -0.00369300 -0.03806200 0.02549700
v -0.00473800 -0.04088700 0.00756000
v -0.00447600 -0.03976000 0.00840600
v -0.00478000 -0.04014800 0.02564600
v -0.00433000 -0.04134800 0.02622500
v -0.00562500 -0.04282900 0.00679400
v -0.00617200 -0.04164100 0.02598300
v -0.00553700 -0.04289700 0.02632000
v -0.00665200 -0.04511300 0.00638100
v -0.00662300 -0.04514900 0.02666200
v -0.00758100 -0.04753200 0.00612100
v -0.00757000 -0.04751400 0.02698100
v -0.00847200 -0.04991500 0.00588900
v -0.00853600 -0.04984800 0.02728100
v -0.00965400 -0.05280800 0.00558600
v -0.00919500 -0.05164000 0.00570700
v -0.00942300 -0.05227300 0.02758100
v -0.01041700 -0.05465200 0.00541900
v -0.01038200 -0.05463300 0.02784000
v -0.01136800 -0.05698100 0.00519300
v -0.01129300 -0.05698700 0.02814900
v -0.01230500 -0.05939500 0.00494700
v -0.01237200 -0.05928600 0.02839400
v -0.01327100 -0.06175000 0.00470100
v -0.01359000 -0.06097400 0.02853300
v -0.01310400 -0.06215600 0.02870900
v -0.01424100 -0.06405200 0.00446600
v -0.01425300 -0.06409600 0.02889800
v -0.01513000 -0.06645800 0.00421900
v -0.01521100 -0.06646300 0.02914100
v -0.01617000 -0.06879700 0.00400900
v -0.01609600 -0.06879500 0.02940300
v -0.01707200 -0.07115500 0.00377200
v -0.01707100 -0.07121900 0.02959400
v -0.01805100 -0.07347500 0.00364200
v -0.01806000 -0.07352900 0.02968200
v -0.01903100 -0.07591300 0.00362900
v -0.01898300 -0.07587400 0.02966900
v -0.01989700 -0.07826600 0.00380600
v -0.01996300 -0.07824800 0.02961200
v -0.02083700 -0.08060200 0.00410200
v -0.02095300 -0.08062200 0.02955100
v -0.02179600 -0.08308900 0.00447600
v -0.02185200 -0.08301200 0.02940100
v -0.02269800 -0.08520400 0.00511700
v -0.02361700 -0.08591100 0.00625500
v -0.02347400 -0.08599000 0.02796300
v -0.02255100 -0.08522700 0.02900900
v -0.02228200 -0.08710700 0.00559400
v -0.02330900 -0.08719700 0.00719400
v -0.02381800 -0.08802400 0.00944800
v -0.02400300 -0.08835400 0.01207100
v -0.02401500 -0.08826600 0.01464700
v -0.02402700 -0.08839900 0.01712000
v -0.02399000 -0.08840000 0.01961900
v -0.02401500 -0.08830800 0.02217400
v -0.02385300 -0.08787300 0.02487800
v -0.02318500 -0.08730600 0.02703200
v 0.01053300 0.00718200 0.01544800
v 0.01063000 0.00729500 0.01709200
v 0.01051800 0.00720900 0.01904500
v 0.00988100 0.00510500 0.01288900
v 0.01041000 0.00545300 0.01458500
v 0.01068900 0.00549500 0.01716900
v 0.01045500 0.00552700 0.01957600
v 0.00991700 0.00504600 0.02128700
v 0.00963000 0.00312400 0.01227200
v 0.01052900 0.00288500 0.01460900
v 0.01079100 0.00283800 0.01729900
v 0.01051000 0.00299800 0.01970900
v 0.00959600 0.00304500 0.02209400
v 0.00831300 0.00062500 0.01039900
v 0.00950800 0.00067800 0.01192100
v 0.01052900 0.00101000 0.01420700
v 0.01083700 0.00138400 0.01611300
v 0.01051000 0.00114500 0.02011400
v 0.00955100 0.00067200 0.02238000
v 0.00840200 0.00057300 0.02387100
v 0.00802500 -0.00168000 0.01001600
v 0.00921000 -0.00155500 0.01124700
v 0.00926600 -0.00144000 0.02303200
v 0.00801000 -0.00169900 0.02436800
v 0.00727200 -0.00411500 0.00933400
v 0.00727600 -0.00403700 0.02506300
v 0.00517800 -0.00681700 0.00806900
v 0.00647200 -0.00636500 0.00871600
v 0.00657600 -0.00627400 0.02566700
v 0.00533400 -0.00659100 0.02621600
v 0.00498700 -0.00900400 0.00790000
v 0.00608500 -0.00872900 0.00837700
v 0.00645200 -0.00847700 0.02590400
v 0.00530800 -0.00877400 0.02638900
v 0.00442200 -0.01117900 0.00756100
v 0.00445100 -0.01113400 0.02678900
v 0.00349500 -0.01344800 0.00710900
v 0.00351300 -0.01357300 0.02716900
v 0.00250400 -0.01578800 0.00665700
v 0.00250600 -0.01582500 0.02751100
v 0.00147100 -0.01807500 0.00622500
v 0.00158200 -0.01825000 0.02786000
v -0.00047100 -0.02115100 0.00561200
v 0.00072600 -0.02045300 0.00585500
v 0.00057500 -0.02063900 0.02812500
v -0.00087600 -0.02222000 0.00559100
v -0.00011800 -0.02325900 0.00580000
v -0.00034400 -0.02291200 0.02810200
v -0.00134000 -0.02537300 0.00622500
v -0.00133300 -0.02533700 0.02763200
v -0.00221600 -0.02762300 0.00674800
v -0.00228200 -0.02766100 0.02708600
v -0.00328400 -0.03002800 0.00720500
v -0.00322400 -0.03002700 0.02661700
v -0.00415500 -0.03240600 0.00761100
v -0.00392300 -0.03365900 0.02601700
v -0.00420900 -0.03232200 0.02621300
v -0.00511800 -0.03469600 0.00795900
v -0.00515200 -0.03474900 0.02582900
v -0.00633100 -0.03610200 0.00814000
v -0.00592500 -0.03736400 0.00832100
v -0.00601300 -0.03717500 0.02546300
v -0.00694200 -0.04043400 0.00783100
v -0.00706600 -0.03919100 0.00841200
v -0.00700300 -0.03956100 0.02536400
v -0.00797600 -0.04179200 0.00703600
v -0.00807400 -0.04113300 0.02580000
v -0.00816000 -0.04244500 0.02621000
v -0.00899700 -0.04417400 0.00648500
v -0.00891900 -0.04423500 0.02644500
v -0.00990500 -0.04648800 0.00614900
v -0.00994100 -0.04657200 0.02678100
v -0.01080000 -0.04891400 0.00593100
v -0.01080200 -0.04890800 0.02706400
v -0.01182800 -0.05222900 0.00562200
v -0.01182600 -0.05101200 0.00575400
v -0.01179400 -0.05130500 0.02736000
v -0.01279400 -0.05356000 0.00550000
v -0.01282300 -0.05371700 0.02765300
v -0.01375100 -0.05597500 0.00526900
v -0.01369900 -0.05614900 0.02792300
v -0.01469200 -0.05837700 0.00502300
v -0.01467900 -0.05836400 0.02819400
v -0.01564100 -0.06077700 0.00476600
v -0.01567200 -0.06069200 0.02842800
v -0.01510000 -0.06214200 0.02864000
v -0.01662700 -0.06314000 0.00452700
v -0.01700300 -0.06212400 0.02854500
v -0.01649600 -0.06326000 0.02870700
v -0.01757000 -0.06555400 0.00427600
v -0.01756200 -0.06548600 0.02895500
v -0.01851500 -0.06797600 0.00401200
v -0.01853400 -0.06784400 0.02919800
v -0.01946300 -0.07026100 0.00377600
v -0.01953800 -0.07019000 0.02942500
v -0.02039000 -0.07259600 0.00359500
v -0.02040600 -0.07253500 0.02957000
v -0.02139900 -0.07483000 0.00357900
v -0.02130600 -0.07491400 0.02957400
v -0.02235100 -0.07725900 0.00369600
v -0.02241200 -0.07734300 0.02953100
v -0.02332300 -0.07964500 0.00400700
v -0.02331500 -0.07964500 0.02947500
v -0.02419700 -0.08208200 0.00462000
v -0.02565600 -0.08275300 0.02821400
v -0.02421700 -0.08198200 0.02923100
v -0.02451000 -0.08358600 0.00531300
v -0.02531200 -0.08460600 0.00684900
v -0.02613900 -0.08520600 0.00864100
v -0.02603600 -0.08516300 0.02551000
v -0.02518500 -0.08436600 0.02734400
v -0.02420400 -0.08381200 0.02888900
v -0.02486300 -0.08600900 0.00794500
v -0.02576600 -0.08626000 0.00968400
v -0.02615700 -0.08687100 0.01199800
v -0.02614000 -0.08697300 0.01456500
v -0.02622100 -0.08692800 0.01715500
v -0.02623500 -0.08694900 0.01964600
v -0.02613800 -0.08679000 0.02222200
v -0.02564200 -0.08622800 0.02449400
v -0.02463700 -0.08606400 0.02633500
v 0.01035300 0.01315700 0.01491500
v 0.01056400 0.01341000 0.01725100
v 0.01041600 0.01322300 0.01932200
v 0.00965700 0.01109900 0.01279400
v 0.01026400 0.01125600 0.01461900
v 0.01054900 0.01103700 0.01710300
v 0.01030700 0.01128600 0.01975300
v 0.00964500 0.01095700 0.02163600
v 0.00824700 0.00826400 0.01068900
v 0.00926300 0.00890300 0.01209300
v 0.01027400 0.00850900 0.01445300
v 0.01058600 0.00860500 0.01723200
v 0.01034200 0.00860000 0.01976000
v 0.00940300 0.00882700 0.02207200
v 0.00808900 0.00811900 0.02376800
v 0.00794300 0.00641800 0.01033800
v 0.00925700 0.00633900 0.01194600
v 0.01013100 0.00688100 0.01372800
v 0.01017000 0.00697200 0.02052000
v 0.00918300 0.00635600 0.02247200
v 0.00796600 0.00660500 0.02393700
v 0.00760600 0.00395700 0.00999900
v 0.00883300 0.00409300 0.01116500
v 0.00891200 0.00416900 0.02303800
v 0.00751400 0.00402900 0.02437600
v 0.00679900 0.00174000 0.00936600
v 0.00693300 0.00163900 0.02485100
v 0.00460100 -0.00098200 0.00815200
v 0.00590700 -0.00067300 0.00875200
v 0.00595500 -0.00071200 0.02550500
v 0.00454200 -0.00131100 0.02610000
v 0.00443800 -0.00309000 0.00802900
v 0.00559800 -0.00292300 0.00847900
v 0.00562800 -0.00303100 0.02580700
v 0.00443500 -0.00318900 0.02623100
v 0.00400600 -0.00544900 0.00778000
v 0.00537200 -0.00484000 0.00826500
v 0.00400300 -0.00542300 0.02645900
v 0.00299500 -0.00773300 0.00733000
v 0.00310300 -0.00782000 0.02679600
v 0.00201100 -0.01015400 0.00692900
v 0.00215000 -0.01019400 0.02710400
v 0.00111500 -0.01258100 0.00657500
v 0.00112800 -0.01247100 0.02741500
v 0.00013300 -0.01487800 0.00623500
v 0.00011100 -0.01489500 0.02768900
v -0.00081300 -0.01723500 0.00595000
v -0.00079800 -0.01733100 0.02793200
v -0.00196100 -0.02006600 0.00556100
v -0.00137700 -0.01892300 0.00572300
v -0.00183400 -0.01961900 0.02810300
v -0.00272900 -0.02193300 0.00549100
v -0.00226400 -0.02336600 0.00569900
v -0.00275300 -0.02209100 0.02813600
v -0.00412600 -0.02312100 0.00558400
v -0.00370500 -0.02449200 0.00592800
v -0.00365300 -0.02441300 0.02777700
v -0.00465200 -0.02683300 0.00651200
v -0.00463900 -0.02674700 0.02720200
v -0.00565300 -0.02904900 0.00695600
v -0.00554200 -0.02912800 0.02670600
v -0.00649000 -0.03145700 0.00743900
v -0.00657300 -0.03156400 0.02626700
v -0.00752800 -0.03376900 0.00786600
v -0.00753000 -0.03395900 0.02589000
v -0.00735000 -0.03269200 0.02607800
v -0.00847100 -0.03593900 0.00807900
v -0.00828800 -0.03718700 0.00827200
v -0.00845500 -0.03626900 0.02555500
v -0.00940900 -0.03861600 0.00839300
v -0.00944300 -0.03852200 0.02532800
v -0.01030800 -0.04102100 0.00736300
v -0.01047600 -0.03981500 0.00832700
v -0.01045100 -0.04081000 0.02561600
v -0.00987900 -0.04214500 0.02607900
v -0.01135100 -0.04327300 0.00659500
v -0.01211100 -0.04212300 0.02602300
v -0.01125100 -0.04337200 0.02623600
v -0.01227600 -0.04559400 0.00624400
v -0.01230300 -0.04564800 0.02652400
v -0.01321600 -0.04796000 0.00602400
v -0.01321000 -0.04801000 0.02683700
v -0.01358400 -0.05185500 0.00565300
v -0.01419100 -0.05034600 0.00579600
v -0.01424400 -0.05042700 0.02711700
v -0.01499400 -0.05298300 0.00554600
v -0.01546300 -0.05182200 0.00568900
v -0.01517800 -0.05267400 0.02741400
v -0.01609900 -0.05497900 0.00538800
v -0.01605200 -0.05511600 0.02770900
v -0.01707500 -0.05746200 0.00515500
v -0.01702600 -0.05743800 0.02794700
v -0.01794900 -0.05984100 0.00492200
v -0.01805400 -0.05984400 0.02822600
v -0.01894000 -0.06214100 0.00466400
v -0.01903000 -0.06198500 0.02842400
v -0.01859200 -0.06328500 0.02864800
v -0.01994600 -0.06447000 0.00438900
v -0.02036800 -0.06365500 0.02854300
v -0.01969400 -0.06470000 0.02874100
v -0.02083600 -0.06694400 0.00407600
v -0.02089900 -0.06684800 0.02898100
v -0.02185200 -0.06927300 0.00380900
v -0.02186500 -0.06927100 0.02918700
v -0.02284600 -0.07164700 0.00361900
v -0.02268000 -0.07168500 0.02946300
v -0.02376000 -0.07395800 0.00356000
v -0.02365700 -0.07410300 0.02951600
v -0.02470400 -0.07635300 0.00367700
v -0.02465800 -0.07633800 0.02944100
v -0.02568800 -0.07870500 0.00399800
v -0.02558100 -0.07873800 0.02935300
v -0.02651200 -0.08109300 0.00496600
v -0.02743300 -0.08193100 0.00597400
v -0.02706300 -0.08162000 0.02791100
v -0.02626400 -0.08070900 0.02903400
v -0.02722800 -0.08303100 0.00703800
v -0.02796600 -0.08409600 0.00900100
v -0.02789400 -0.08399700 0.02507200
v -0.02719900 -0.08289100 0.02674900
v -0.02796600 -0.08504000 0.01020300
v -0.02844600 -0.08561800 0.01196200
v -0.02844300 -0.08582900 0.01459400
v -0.02847100 -0.08566000 0.01709300
v -0.02848100 -0.08567300 0.01961000
v -0.02838400 -0.08541100 0.02240200
v -0.02784700 -0.08503500 0.02390100
v 0.01057700 0.02102000 0.01556700
v 0.01064300 0.02100500 0.01732100
v 0.01054900 0.02090100 0.01871500
v 0.00983500 0.01876400 0.01288300
v 0.01035700 0.01931300 0.01452300
v 0.01062500 0.01941300 0.01705300
v 0.01038800 0.01932300 0.01957600
v 0.00985500 0.01855900 0.02118400
v 0.00947200 0.01684700 0.01230600
v 0.01032300 0.01672700 0.01454900
v 0.01059100 0.01661800 0.01702800
v 0.01034000 0.01668300 0.01967500
v 0.00947600 0.01683100 0.02185600
v 0.00807800 0.01425300 0.01056400
v 0.00927400 0.01447300 0.01208000
v 0.01021500 0.01437400 0.01418500
v 0.01057800 0.01470300 0.01737000
v 0.01026600 0.01442000 0.01993900
v 0.00910300 0.01449000 0.02237900
v 0.00784200 0.01398500 0.02387500
v 0.00771600 0.01232700 0.01027300
v 0.00896000 0.01204700 0.01164800
v 0.00891300 0.01208000 0.02272500
v 0.00762800 0.01213100 0.02408500
v 0.00718600 0.00964100 0.00990600
v 0.00854600 0.00997200 0.01107200
v 0.00856300 0.01000400 0.02319500
v 0.00723100 0.00969100 0.02437600
v 0.00648200 0.00735000 0.00938200
v 0.00645500 0.00729700 0.02487900
v 0.00402800 0.00415800 0.00817200
v 0.00556700 0.00505600 0.00884000
v 0.00549300 0.00499000 0.02541100
v 0.00377500 0.00258600 0.00803000
v 0.00494500 0.00250100 0.00845100
v 0.00474700 0.00272200 0.02579600
v 0.00348300 0.00227100 0.02612400
v 0.00337200 0.00021900 0.00782100
v 0.00470800 0.00041400 0.00826100
v 0.00465100 0.00067500 0.02593300
v 0.00335500 0.00013700 0.02624800
v 0.00259200 -0.00223500 0.00751400
v 0.00257700 -0.00212100 0.02649800
v 0.00157200 -0.00448000 0.00716400
v 0.00171400 -0.00446600 0.02673700
v 0.00068100 -0.00685500 0.00684500
v 0.00070900 -0.00678400 0.02700400
v -0.00034000 -0.00930000 0.00653000
v -0.00026600 -0.00916500 0.02725500
v -0.00127700 -0.01158300 0.00625200
v -0.00133000 -0.01155900 0.02747100
v -0.00219500 -0.01401400 0.00601800
v -0.00228900 -0.01395100 0.02764000
v -0.00317500 -0.01631000 0.00584200
v -0.00315900 -0.01630700 0.02778400
v -0.00430800 -0.01874300 0.00557200
v -0.00304800 -0.01798300 0.00570100
v -0.00416700 -0.01861100 0.02792300
v -0.00511700 -0.02098200 0.00542900
v -0.00506800 -0.02101100 0.02799700
v -0.00600800 -0.02291400 0.00549300
v -0.00598100 -0.02419300 0.00577500
v -0.00601900 -0.02347500 0.02783500
v -0.00700600 -0.02578600 0.00615800
v -0.00706700 -0.02567500 0.02740400
v -0.00795000 -0.02818800 0.00669500
v -0.00790700 -0.02803500 0.02686200
v -0.00884700 -0.03052700 0.00716100
v -0.00899000 -0.03048800 0.02638100
v -0.00983500 -0.03285100 0.00759200
v -0.01000500 -0.03322100 0.02593900
v -0.00958600 -0.03199600 0.02612900
v -0.01081900 -0.03523000 0.00794100
v -0.01077700 -0.03528100 0.02563600
v -0.01186800 -0.03659800 0.00814400
v -0.01167000 -0.03786900 0.00832100
v -0.01178400 -0.03759500 0.02534900
v -0.01286400 -0.04054700 0.00764700
v -0.01272900 -0.03936300 0.00838800
v -0.01267300 -0.03998800 0.02530000
v -0.01368600 -0.04228400 0.00687100
v -0.01372700 -0.04206800 0.02588500
v -0.01346800 -0.04321800 0.02612900
v -0.01466200 -0.04466900 0.00648300
v -0.01533400 -0.04347400 0.02602000
v -0.01465600 -0.04473700 0.02627500
v -0.01563300 -0.04699600 0.00622700
v -0.01559900 -0.04699500 0.02655700
v -0.01657000 -0.04941200 0.00601500
v -0.01659900 -0.04933500 0.02685000
v -0.01692200 -0.05293900 0.00563000
v -0.01760400 -0.05167200 0.00589000
v -0.01759100 -0.05182400 0.02711300
v -0.01792800 -0.05448500 0.00553600
v -0.01929000 -0.05393000 0.00660800
v -0.01983300 -0.05430100 0.00930000
v -0.01994000 -0.05453900 0.01092900
v -0.01984500 -0.05439300 0.02549700
v -0.01864600 -0.05408700 0.02715000
v -0.01907200 -0.05664500 0.00536500
v -0.02023100 -0.05587600 0.00648300
v -0.02021200 -0.05514600 0.00990200
v -0.02033100 -0.05540700 0.01131200
v -0.02056600 -0.05615500 0.02222300
v -0.02038400 -0.05608800 0.02478400
v -0.01945800 -0.05649700 0.02722000
v -0.02022800 -0.05904500 0.00524700
v -0.02115900 -0.05811500 0.00594500
v -0.02113500 -0.05745000 0.02337700
v -0.02122300 -0.05769600 0.02467000
v -0.02051300 -0.05868300 0.02752400
v -0.02140800 -0.06117000 0.00503300
v -0.02134700 -0.06123100 0.02811000
v -0.02227700 -0.06355300 0.00471200
v -0.02236200 -0.06341300 0.02837300
v -0.02176000 -0.06479400 0.02864200
v -0.02329200 -0.06585900 0.00433900
v -0.02369000 -0.06508200 0.02847600
v -0.02323000 -0.06628800 0.02874900
v -0.02417800 -0.06832200 0.00398700
v -0.02421900 -0.06828100 0.02896400
v -0.02516100 -0.07063100 0.00379300
v -0.02511600 -0.07067800 0.02921400
v -0.02609400 -0.07306000 0.00375000
v -0.02603900 -0.07309400 0.02927600
v -0.02706200 -0.07539900 0.00393500
v -0.02708500 -0.07540500 0.02911300
v -0.02804500 -0.07777900 0.00432300
v -0.02897200 -0.07797900 0.02844100
v -0.02771200 -0.07775000 0.02898200
v -0.02865000 -0.07982600 0.00515300
v -0.02932600 -0.08091100 0.00613400
v -0.02908600 -0.08024500 0.02762200
v -0.02788400 -0.07950300 0.02877600
v -0.02958600 -0.08187300 0.00737500
v -0.03014200 -0.08305400 0.00914500
v -0.03001100 -0.08269800 0.02488100
v -0.02915600 -0.08163600 0.02643200
v -0.03033100 -0.08394700 0.01045800
v -0.03073000 -0.08460400 0.01204000
v -0.03090700 -0.08492100 0.01458200
v -0.03079400 -0.08489000 0.01710600
v -0.03080900 -0.08462200 0.01966400
v -0.03064200 -0.08440000 0.02232400
v -0.02990700 -0.08395500 0.02360100
v 0.01008100 0.02659600 0.01310000
v 0.01055000 0.02704500 0.01497100
v 0.01074800 0.02725700 0.01713400
v 0.01057600 0.02704300 0.01943000
v 0.00981500 0.02491100 0.01268500
v 0.01041900 0.02491400 0.01452500
v 0.01068900 0.02491500 0.01713200
v 0.01044700 0.02483700 0.01963200
v 0.00972100 0.02482100 0.02165500
v 0.00829600 0.02208700 0.01062100
v 0.00933400 0.02247100 0.01200700
v 0.01036900 0.02232100 0.01444000
v 0.01065100 0.02233500 0.01718500
v 0.01038100 0.02224300 0.01967400
v 0.00932800 0.02249700 0.02216100
v 0.00805900 0.02021000 0.01043700
v 0.00921600 0.02004000 0.01184700
v 0.01018800 0.02052100 0.01373500
v 0.01024300 0.02058700 0.02020900
v 0.00913900 0.02000700 0.02238700
v 0.00783100 0.02015100 0.02389200
v 0.00753600 0.01768900 0.01008100
v 0.00877300 0.01775300 0.01127300
v 0.00872200 0.01778800 0.02294200
v 0.00737600 0.01787600 0.02420400
v 0.00689500 0.01536000 0.00968200
v 0.00833600 0.01590300 0.01076500
v 0.00828700 0.01606200 0.02343900
v 0.00684100 0.01538100 0.02451700
v 0.00594600 0.01307900 0.00916800
v 0.00594500 0.01307300 0.02502200
v 0.00351900 0.00986700 0.00819600
v 0.00505500 0.01072300 0.00875600
v 0.00504600 0.01070200 0.02541400
v 0.00313800 0.00830100 0.00803700
v 0.00450000 0.00819000 0.00847700
v 0.00401900 0.00822600 0.02577100
v 0.00296500 0.00587800 0.00791400
v 0.00421700 0.00621900 0.00831200
v 0.00377800 0.00600100 0.02592600
v 0.00245300 0.00581800 0.02616100
v 0.00199200 0.00349400 0.00759200
v 0.00350100 0.00424800 0.02604600
v 0.00208200 0.00360100 0.02629600
v 0.00111000 0.00124200 0.00732000
v 0.00107900 0.00123300 0.02650600
v 0.00012500 -0.00110700 0.00704300
v 0.00015400 -0.00116700 0.02668500
v -0.00078300 -0.00350100 0.00678800
v -0.00076500 -0.00352500 0.02688000
v -0.00174800 -0.00590900 0.00653300
v -0.00167600 -0.00587400 0.02705500
v -0.00269300 -0.00832600 0.00632400
v -0.00267600 -0.00828800 0.02719000
v -0.00365100 -0.01063500 0.00616400
v -0.00367000 -0.01063000 0.02730300
v -0.00457900 -0.01302800 0.00600400
v -0.00458300 -0.01301800 0.02740900
v -0.00542900 -0.01533800 0.00587700
v -0.00557600 -0.01536200 0.02748800
v -0.00601300 -0.01825700 0.00558800
v -0.00679800 -0.01732700 0.00575000
v -0.00649200 -0.01776000 0.02758100
v -0.00720100 -0.02015400 0.00551500
v -0.00832900 -0.01953400 0.00570200
v -0.00744400 -0.02006400 0.02760900
v -0.00834100 -0.02238400 0.00553600
v -0.00863700 -0.02284100 0.00567100
v -0.00843600 -0.02240800 0.02753400
v -0.00931900 -0.02494200 0.00591000
v -0.00938900 -0.02482300 0.02734100
v -0.01021800 -0.02722100 0.00644500
v -0.01036900 -0.02722800 0.02694700
v -0.01120700 -0.02953900 0.00694900
v -0.01130000 -0.02953700 0.02652300
v -0.01216500 -0.03184100 0.00737500
v -0.01243400 -0.03270800 0.02597400
v -0.01220600 -0.03152300 0.02617100
v -0.01320500 -0.03417700 0.00777400
v -0.01327700 -0.03425300 0.02572900
v -0.01399300 -0.03628100 0.00808900
v -0.01408700 -0.03749400 0.00826700
v -0.01423100 -0.03663200 0.02529200
v -0.01502700 -0.04009200 0.00804200
v -0.01509400 -0.03889700 0.00834800
v -0.01515500 -0.03916000 0.02494800
v -0.01594100 -0.04145400 0.00743000
v -0.01682800 -0.04041700 0.00861300
v -0.01606600 -0.04119200 0.02538900
v -0.01710200 -0.04372600 0.00697100
v -0.01715200 -0.04333800 0.02585100
v -0.01667200 -0.04450800 0.02614200
v -0.01792300 -0.04603300 0.00696800
v -0.01888500 -0.04592100 0.00934100
v -0.01902900 -0.04612700 0.01191200
v -0.01924700 -0.04643100 0.01438700
v -0.01915800 -0.04638300 0.01701800
v -0.01920900 -0.04632500 0.01965500
v -0.01932300 -0.04659500 0.02200900
v -0.01887400 -0.04590700 0.02525300
v -0.01755100 -0.04624800 0.02628700
v -0.01849000 -0.04848800 0.00702700
v -0.01908100 -0.04828700 0.00947200
v -0.01923400 -0.04822100 0.01213600
v -0.01937500 -0.04820300 0.01456000
v -0.01928300 -0.04825300 0.01707900
v -0.01933800 -0.04833100 0.01957200
v -0.01937800 -0.04833100 0.02220600
v -0.01928000 -0.04827900 0.02484000
v -0.01832200 -0.04869100 0.02646100
v -0.01902900 -0.05107400 0.00719500
v -0.01938400 -0.05103100 0.00948800
v -0.01954400 -0.05101500 0.01212200
v -0.01959100 -0.05087400 0.01455600
v -0.01955700 -0.05092200 0.01714800
v -0.01960800 -0.05085300 0.01966900
v -0.01964600 -0.05088800 0.02228800
v -0.01949600 -0.05100200 0.02472900
v -0.01907200 -0.05117000 0.02641700
v -0.01944000 -0.05287900 0.00744800
v -0.01959500 -0.05301300 0.00953600
v -0.01987600 -0.05347500 0.01200300
v -0.02007100 -0.05340400 0.01457600
v -0.01998200 -0.05342800 0.01714100
v -0.01997700 -0.05346600 0.01965900
v -0.01997200 -0.05348800 0.02229200
v -0.01977400 -0.05330500 0.02465700
v -0.01937800 -0.05297400 0.02631600
v -0.02082200 -0.05636200 0.00740400
v -0.02082300 -0.05617500 0.00946500
v -0.02075900 -0.05608500 0.01221900
v -0.02082400 -0.05594400 0.01464200
v -0.02089600 -0.05593200 0.01714600
v -0.02075200 -0.05614800 0.01968900
v -0.02038000 -0.05536500 0.02199300
v -0.02181200 -0.05827300 0.00720300
v -0.02203500 -0.05817900 0.00950700
v -0.02212400 -0.05808400 0.01204200
v -0.02222100 -0.05807800 0.01452300
v -0.02234500 -0.05809600 0.01712900
v -0.02198800 -0.05810600 0.01951500
v -0.02187300 -0.05832400 0.02219800
v -0.02182300 -0.05865300 0.02487600
v -0.02192000 -0.05895300 0.02655600
v -0.02296400 -0.06169700 0.00555000
v -0.02308200 -0.06051100 0.00689800
v -0.02373300 -0.06020500 0.00944900
v -0.02391600 -0.06009800 0.01211200
v -0.02417000 -0.06006200 0.01447300
v -0.02422000 -0.05986800 0.01712100
v -0.02411200 -0.06001800 0.01975400
v -0.02381300 -0.06023000 0.02225400
v -0.02300500 -0.06055400 0.02471000
v -0.02302100 -0.06066300 0.02699000
v -0.02376000 -0.06327900 0.00537800
v -0.02462200 -0.06273900 0.00696200
v -0.02516600 -0.06182400 0.00904300
v -0.02521000 -0.06115100 0.01183900
v -0.02534100 -0.06109200 0.01409900
v -0.02506000 -0.06153800 0.02284400
v -0.02499100 -0.06225100 0.02487900
v -0.02437800 -0.06291600 0.02717700
v -0.02498500 -0.06529300 0.00514500
v -0.02611000 -0.06463200 0.00664700
v -0.02624400 -0.06401600 0.02561300
v -0.02568400 -0.06500700 0.02739900
v -0.02505500 -0.06657400 0.02861900
v -0.02644600 -0.06750200 0.00481400
v -0.02741900 -0.06674000 0.00584300
v -0.02681900 -0.06707100 0.02797500
v -0.02571700 -0.06801000 0.02870600
v -0.02752900 -0.06965900 0.00447200
v -0.02800100 -0.06951800 0.02820600
v -0.02673200 -0.06993000 0.02881400
v -0.02846600 -0.07208800 0.00436100
v -0.02878000 -0.07200400 0.02825400
v -0.02771200 -0.07249800 0.02878700
v -0.02945400 -0.07445500 0.00460500
v -0.02956200 -0.07439100 0.02811800
v -0.02831700 -0.07420800 0.02867800
v -0.03039600 -0.07684000 0.00491400
v -0.03031000 -0.07682200 0.02794100
v -0.03101400 -0.07850400 0.00530300
v -0.03171400 -0.07972300 0.00625400
v -0.03267900 -0.07989100 0.02596100
v -0.03126200 -0.07925900 0.02707200
v -0.03203000 -0.08083300 0.00753500
v -0.03244000 -0.08208300 0.00919200
v -0.03282000 -0.08254400 0.02342500
v -0.03225300 -0.08148600 0.02471200
v -0.03303000 -0.08289200 0.01046400
v -0.03316700 -0.08378300 0.01196400
v -0.03338000 -0.08417700 0.01465100
v -0.03329300 -0.08403100 0.01707900
v -0.03321800 -0.08385500 0.01970100
v -0.03309700 -0.08342900 0.02217000
v 0.01079700 0.03489900 0.01492900
v 0.01098500 0.03501600 0.01715900
v 0.01087900 0.03502200 0.01905800
v 0.01014300 0.03283300 0.01284900
v 0.01064900 0.03317000 0.01454500
v 0.01090200 0.03297800 0.01712800
v 0.01065800 0.03310600 0.01968000
v 0.01003700 0.03283100 0.02139800
v 0.00968200 0.03052900 0.01215300
v 0.01055300 0.03042800 0.01458900
v 0.01082000 0.03024700 0.01711800
v 0.01056500 0.03028500 0.01973300
v 0.00966400 0.03056400 0.02191800
v 0.00836000 0.02808700 0.01050600
v 0.00944400 0.02817600 0.01193500
v 0.01044600 0.02827100 0.01435700
v 0.01078300 0.02867500 0.01703300
v 0.01046100 0.02832500 0.02004600
v 0.00935100 0.02804200 0.02226900
v 0.00806000 0.02785700 0.02380000
v 0.00779500 0.02595700 0.01007900
v 0.00906100 0.02576100 0.01143600
v 0.00907200 0.02579800 0.02261600
v 0.00767700 0.02593900 0.02407500
v 0.00725400 0.02328200 0.00976500
v 0.00863900 0.02383600 0.01096300
v 0.00856400 0.02381800 0.02321600
v 0.00729700 0.02338500 0.02429000
v 0.00639900 0.02093000 0.00928800
v 0.00652400 0.02102900 0.02472200
v 0.00544300 0.01861700 0.00882800
v 0.00544800 0.01867700 0.02519600
v 0.00347000 0.01619500 0.00812200
v 0.00476200 0.01628900 0.00855600
v 0.00450400 0.01633400 0.02551800
v 0.00294800 0.01401500 0.00802200
v 0.00422700 0.01384300 0.00839000
v 0.00357600 0.01399500 0.02575300
v 0.00247900 0.01164300 0.00794400
v 0.00373000 0.01188300 0.00825700
v 0.00293800 0.01169400 0.02589900
v 0.00162300 0.01140900 0.02611200
v 0.00169400 0.00927400 0.00769300
v 0.00273200 0.00960000 0.02598500
v 0.00145100 0.00917400 0.02618400
v 0.00067900 0.00682800 0.00742900
v 0.00066900 0.00686200 0.02632900
v -0.00025700 0.00446800 0.00722100
v -0.00025200 0.00444700 0.02647300
v -0.00123700 0.00220400 0.00699800
v -0.00129100 0.00225300 0.02659600
v -0.00222000 -0.00017400 0.00677600
v -0.00211300 -0.00020400 0.02670700
v -0.00310500 -0.00255500 0.00661800
v -0.00308100 -0.00259100 0.02680700
v -0.00407800 -0.00492100 0.00649800
v -0.00402900 -0.00497700 0.02689800
v -0.00501300 -0.00730200 0.00640200
v -0.00501800 -0.00735700 0.02694900
v -0.00604800 -0.00964700 0.00631700
v -0.00601800 -0.00962700 0.02698400
v -0.00696200 -0.01196100 0.00619600
v -0.00692000 -0.01201500 0.02702100
v -0.00789100 -0.01443500 0.00610900
v -0.00789000 -0.01437200 0.02700300
v -0.00889400 -0.01670700 0.00607500
v -0.00874000 -0.01680600 0.02698800
v -0.00978700 -0.01910400 0.00601500
v -0.00965300 -0.01910900 0.02695100
v -0.01074100 -0.02146600 0.00600500
v -0.01102100 -0.02148700 0.02674700
v -0.01170000 -0.02377600 0.00609900
v -0.01177400 -0.02385200 0.02672400
v -0.01269600 -0.02620900 0.00639100
v -0.01384200 -0.02584200 0.02598500
v -0.01254400 -0.02620900 0.02660200
v -0.01365500 -0.02858200 0.00681000
v -0.01460500 -0.02854400 0.02583600
v -0.01330200 -0.02872300 0.02642200
v -0.01459300 -0.03094200 0.00723600
v -0.01495400 -0.03104500 0.02567500
v -0.01369000 -0.03078200 0.02620100
v -0.01558800 -0.03323100 0.00766400
v -0.01697300 -0.03382800 0.00831900
v -0.01557300 -0.03332500 0.02505500
v -0.01596900 -0.03553800 0.00802300
v -0.01707600 -0.03573900 0.00909700
v -0.01726100 -0.03556300 0.01213800
v -0.01723900 -0.03568200 0.01445500
v -0.01716800 -0.03552300 0.01711600
v -0.01720500 -0.03562600 0.01949800
v -0.01721300 -0.03555200 0.02229700
v -0.01624400 -0.03567200 0.02435600
v -0.01684600 -0.03821900 0.00938200
v -0.01701700 -0.03824100 0.01217800
v -0.01706300 -0.03810800 0.01461000
v -0.01690500 -0.03834600 0.01716800
v -0.01690800 -0.03834900 0.01969100
v -0.01690700 -0.03841200 0.02238000
v -0.01650600 -0.03808100 0.02404500
v -0.01762100 -0.04162000 0.00803800
v -0.01767900 -0.04084900 0.00973900
v -0.01772400 -0.04068200 0.01198900
v -0.01784200 -0.04059000 0.01457200
v -0.01781500 -0.04064100 0.01714000
v -0.01787400 -0.04061900 0.01968400
v -0.01778500 -0.04066300 0.02223900
v -0.01766300 -0.04100400 0.02430100
v -0.01827000 -0.04292200 0.00784700
v -0.01865000 -0.04297600 0.00954400
v -0.01879600 -0.04310200 0.01195100
v -0.01887500 -0.04296300 0.01460900
v -0.01885300 -0.04294800 0.01715900
v -0.01893400 -0.04290100 0.01967700
v -0.01906400 -0.04297600 0.02216800
v -0.01874000 -0.04303900 0.02464900
v -0.01885200 -0.04461700 0.00980000
v -0.01897500 -0.04482700 0.01221100
v -0.01925100 -0.04521100 0.01454900
v -0.01907400 -0.04491500 0.01714000
v -0.01912800 -0.04492100 0.01981000
v -0.01926300 -0.04538700 0.02233600
v -0.01908700 -0.04495200 0.02423100
v -0.02532600 -0.06088700 0.01548300
v -0.02538000 -0.06078100 0.01714700
v -0.02536500 -0.06089500 0.01957000
v -0.02637300 -0.06241700 0.00987800
v -0.02679900 -0.06194500 0.01211900
v -0.02686300 -0.06172800 0.01460200
v -0.02694400 -0.06162500 0.01706500
v -0.02697900 -0.06161200 0.01969700
v -0.02679600 -0.06214200 0.02211900
v -0.02630900 -0.06277900 0.02401500
v -0.02742300 -0.06489400 0.00760200
v -0.02806500 -0.06379200 0.00925900
v -0.02849700 -0.06300400 0.01157200
v -0.02860500 -0.06251200 0.01446300
v -0.02840700 -0.06329600 0.02257200
v -0.02768600 -0.06427500 0.02458500
v -0.02729700 -0.06554400 0.02624100
v -0.02887400 -0.06649600 0.00695000
v -0.02950800 -0.06546800 0.00856400
v -0.02935500 -0.06594600 0.02523800
v -0.02851000 -0.06673900 0.02679800
v -0.02936200 -0.06921400 0.00536400
v -0.03015000 -0.06831200 0.00616600
v -0.02990500 -0.06866800 0.02712800
v -0.03069400 -0.07126400 0.00520700
v -0.03139600 -0.07005200 0.00578200
v -0.03081700 -0.07102400 0.02728900
v -0.03179400 -0.07348900 0.00528900
v -0.03185600 -0.07334900 0.02719600
v -0.03246700 -0.07577400 0.00540500
v -0.03371400 -0.07616600 0.00573400
v -0.03273900 -0.07582500 0.02700600
v -0.03271600 -0.07768700 0.00551500
v -0.03385600 -0.07823600 0.00605400
v -0.03375800 -0.07946700 0.02598400
v -0.03368600 -0.07817700 0.02664200
v -0.03446300 -0.08003600 0.00747800
v -0.03479600 -0.08123200 0.00897400
v -0.03460500 -0.08061200 0.02464700
v -0.03531700 -0.08213600 0.01023100
v -0.03574400 -0.08327000 0.01204600
v -0.03591100 -0.08373500 0.01463800
v -0.03587000 -0.08357300 0.01723500
v -0.03576100 -0.08336400 0.01971800
v -0.03550000 -0.08268300 0.02227000
v 0.01116500 0.04289100 0.01558300
v 0.01123000 0.04272100 0.01717700
v 0.01112400 0.04283100 0.01896200
v 0.01046800 0.04059200 0.01290500
v 0.01092500 0.04119100 0.01453500
v 0.01117100 0.04115200 0.01715700
v 0.01094600 0.04115400 0.01962400
v 0.01035600 0.04057700 0.02137300
v 0.01012400 0.03869900 0.01231700
v 0.01083100 0.03854800 0.01449600
v 0.01109500 0.03849500 0.01699700
v 0.01086900 0.03864000 0.01963200
v 0.00999800 0.03857900 0.02189900
v 0.00875100 0.03622500 0.01044900
v 0.00980800 0.03624300 0.01193700
v 0.01073900 0.03609300 0.01445100
v 0.01102300 0.03635700 0.01723500
v 0.01072200 0.03609700 0.01986800
v 0.00966500 0.03619300 0.02221400
v 0.00858500 0.03578000 0.02360200
v 0.00826900 0.03398400 0.01013100
v 0.00952400 0.03375500 0.01165200
v 0.00940300 0.03384000 0.02244300
v 0.00809100 0.03390300 0.02399100
v 0.00771900 0.03141700 0.00983000
v 0.00898900 0.03148000 0.01103500
v 0.00875400 0.03136400 0.02316800
v 0.00757200 0.03160300 0.02430700
v 0.00698300 0.02888800 0.00941200
v 0.00845200 0.02954200 0.02339300
v 0.00695300 0.02911200 0.02459100
v 0.00600500 0.02664100 0.00892100
v 0.00604100 0.02675400 0.02503400
v 0.00390100 0.02428500 0.00812000
v 0.00521400 0.02425500 0.00861100
v 0.00500500 0.02444300 0.02537700
v 0.00345400 0.02208800 0.00803000
v 0.00460300 0.02201400 0.00841000
v 0.00402500 0.02204400 0.02563000
v 0.00286900 0.01965200 0.00791200
v 0.00419900 0.01969300 0.00829700
v 0.00306900 0.01965300 0.02581900
v 0.00220800 0.01726500 0.00779500
v 0.00248300 0.01739900 0.02592500
v 0.00120100 0.01709800 0.02609700
v 0.00118000 0.01487300 0.00760900
v 0.00213300 0.01491700 0.02599800
v 0.00084900 0.01497900 0.02615200
v 0.00021800 0.01255100 0.00744800
v 0.00032700 0.01257100 0.02622000
v -0.00074500 0.01010800 0.00728700
v -0.00072000 0.01018000 0.02631000
v -0.00173200 0.00771600 0.00710200
v -0.00166300 0.00779000 0.02638500
v -0.00268700 0.00551000 0.00695000
v -0.00265600 0.00542100 0.02645300
v -0.00359100 0.00313100 0.00682000
v -0.00355600 0.00306300 0.02650200
v -0.00456500 0.00072800 0.00673200
v -0.00460500 0.00078400 0.02651000
v -0.00547100 -0.00166900 0.00668700
v -0.00546800 -0.00164200 0.02652300
v -0.00643500 -0.00395700 0.00669300
v -0.00645100 -0.00400700 0.02651600
v -0.00736100 -0.00635500 0.00670200
v -0.00741600 -0.00636700 0.02648700
v -0.00833100 -0.00869800 0.00664600
v -0.00984100 -0.00921500 0.02601700
v -0.00831200 -0.00866700 0.02643800
v -0.00935500 -0.01104700 0.00662200
v -0.01029400 -0.01064000 0.02595400
v -0.00908400 -0.01119000 0.02639100
v -0.01025600 -0.01342100 0.00664000
v -0.01118800 -0.01315600 0.02589600
v -0.00994000 -0.01371900 0.02635100
v -0.01123200 -0.01584300 0.00669600
v -0.01192000 -0.01557400 0.02585300
v -0.01078900 -0.01602300 0.02627900
v -0.01216500 -0.01821000 0.00676700
v -0.01278200 -0.01789800 0.02567700
v -0.01141000 -0.01841800 0.02631600
v -0.01321600 -0.02052900 0.00695000
v -0.01371300 -0.02063700 0.02547300
v -0.01222500 -0.02078500 0.02625400
v -0.01420300 -0.02291500 0.00722100
v -0.01567200 -0.02354200 0.00821300
v -0.01424500 -0.02284900 0.02539200
v -0.01302600 -0.02317600 0.02614300
v -0.01496200 -0.02524800 0.00740500
v -0.01614600 -0.02509600 0.00841000
v -0.01517300 -0.02506800 0.02493900
v -0.01553000 -0.02772400 0.00751600
v -0.01679500 -0.02745000 0.00875200
v -0.01724500 -0.02780100 0.02326500
v -0.01594700 -0.02760600 0.02463600
v -0.01621300 -0.03013700 0.00773600
v -0.01752200 -0.02990000 0.00933200
v -0.01814700 -0.03025200 0.01193500
v -0.01810400 -0.03041400 0.01454700
v -0.01809100 -0.03029900 0.01701600
v -0.01809300 -0.03048300 0.01941500
v -0.01781300 -0.02990200 0.02254400
v -0.01665800 -0.03003600 0.02422600
v -0.01673800 -0.03216800 0.00803600
v -0.01755900 -0.03248200 0.00946800
v -0.01776500 -0.03259500 0.01195000
v -0.01776100 -0.03230600 0.01464800
v -0.01770600 -0.03242700 0.01708700
v -0.01775300 -0.03234800 0.01970800
v -0.01764300 -0.03250600 0.02237800
v -0.01705000 -0.03252600 0.02383700
v -0.01753400 -0.03417600 0.00996800
v -0.01747600 -0.03418200 0.01209000
v -0.01747200 -0.03419900 0.01440100
v -0.01740500 -0.03412400 0.01733200
v -0.01744000 -0.03426100 0.01989100
v -0.01740600 -0.03416800 0.02220200
v -0.02867000 -0.06226100 0.01733200
v -0.02876800 -0.06218100 0.01945500
v -0.03012100 -0.06393100 0.01015400
v -0.03034700 -0.06329400 0.01200700
v -0.03039700 -0.06302900 0.01466900
v -0.03029900 -0.06273800 0.01705600
v -0.03036500 -0.06279500 0.01983600
v -0.03007300 -0.06359400 0.02191000
v -0.03092200 -0.06645500 0.00793400
v -0.03131800 -0.06531200 0.00930800
v -0.03197000 -0.06385600 0.01087400
v -0.03142700 -0.06485500 0.02267200
v -0.03106800 -0.06591900 0.02420100
v -0.03222200 -0.06785400 0.00712200
v -0.03283800 -0.06644900 0.00840900
v -0.03237800 -0.06744200 0.02516300
v -0.03169700 -0.06850100 0.02634500
v -0.03249600 -0.07129000 0.00563200
v -0.03322000 -0.07009600 0.00611000
v -0.03385800 -0.06920100 0.02591800
v -0.03309900 -0.07032900 0.02640000
v -0.03319800 -0.07296400 0.00560900
v -0.03435400 -0.07245000 0.00583100
v -0.03415000 -0.07244800 0.02637400
v -0.03367200 -0.07431300 0.00562800
v -0.03519600 -0.07493200 0.00585200
v -0.03510100 -0.07486500 0.02642400
v -0.03612500 -0.07722400 0.00602100
v -0.03614300 -0.07731500 0.02627500
v -0.03688400 -0.07934000 0.00710900
v -0.03716600 -0.08062600 0.00859900
v -0.03693900 -0.07959100 0.02502200
v -0.03785400 -0.08160900 0.00981800
v -0.03795800 -0.08290000 0.01168500
v -0.03738000 -0.08353500 0.01456800
v -0.03749400 -0.08341200 0.01713700
v -0.03785000 -0.08314000 0.01987300
v -0.03796500 -0.08214000 0.02230800
v -0.03806800 -0.08083700 0.02371600
v -0.03915700 -0.08325200 0.01243500
v -0.03879700 -0.08351000 0.01463500
v -0.03882700 -0.08336900 0.01707200
v -0.03913000 -0.08318200 0.01964700
v -0.03935100 -0.08303700 0.02119800
v 0.01081000 0.04862500 0.01303700
v 0.01119300 0.04898900 0.01463200
v 0.01142300 0.04916500 0.01714700
v 0.01115700 0.04900100 0.01951200
v 0.01050600 0.04679400 0.01250900
v 0.01111300 0.04676600 0.01460600
v 0.01136100 0.04661200 0.01707400
v 0.01108500 0.04670300 0.01956200
v 0.01032900 0.04669500 0.02176700
v 0.00919500 0.04399800 0.01052000
v 0.01016600 0.04427000 0.01202500
v 0.01100300 0.04405200 0.01446300
v 0.01127800 0.04416900 0.01712000
v 0.01099700 0.04409000 0.01969700
v 0.00997000 0.04429000 0.02222100
v 0.00883900 0.04393800 0.02366600
v 0.00878100 0.04209000 0.01020400
v 0.00995500 0.04173800 0.01183800
v 0.01079800 0.04237100 0.01374600
v 0.01078400 0.04251700 0.02046500
v 0.00971700 0.04177200 0.02247000
v 0.00848200 0.04206500 0.02395900
v 0.00825600 0.03941100 0.00985900
v 0.00949600 0.03950200 0.01117000
v 0.00920400 0.03940000 0.02308800
v 0.00797400 0.03955000 0.02426000
v 0.00744700 0.03709000 0.00933300
v 0.00883300 0.03768300 0.02344200
v 0.00748900 0.03713900 0.02450000
v 0.00505100 0.03402300 0.00816900
v 0.00642900 0.03458500 0.00881200
v 0.00649200 0.03485200 0.02500200
v 0.00461800 0.03259800 0.00809500
v 0.00578800 0.03226200 0.00858600
v 0.00549200 0.03246400 0.02538000
v 0.00389900 0.03032100 0.00797200
v 0.00515700 0.03009300 0.00842200
v 0.00449800 0.03004800 0.02561900
v 0.00329200 0.02765900 0.00787400
v 0.00463200 0.02757400 0.00829200
v 0.00365800 0.02767900 0.02576600
v 0.00267800 0.02524400 0.00775400
v 0.00277500 0.02534600 0.02590200
v 0.00154900 0.02533800 0.02608100
v 0.00171300 0.02296400 0.00758400
v 0.00232900 0.02296500 0.02594700
v 0.00111700 0.02303100 0.02610300
v 0.00078100 0.02057700 0.00744300
v 0.00173300 0.02057800 0.02601000
v 0.00049800 0.02065800 0.02615000
v -0.00024100 0.01823600 0.00729600
v -0.00016900 0.01824800 0.02620100
v -0.00113900 0.01589100 0.00718800
v -0.00116400 0.01588700 0.02623900
v -0.00208100 0.01343000 0.00711100
v -0.00213400 0.01351400 0.02624000
v -0.00304800 0.01112600 0.00702900
v -0.00310000 0.01117300 0.02624400
v -0.00399800 0.00871600 0.00696600
v -0.00405600 0.00872600 0.02623800
v -0.00496500 0.00641100 0.00692300
v -0.00492800 0.00647400 0.02624000
v -0.00587500 0.00404200 0.00688900
v -0.00709900 0.00400500 0.02600300
v -0.00581500 0.00414500 0.02622100
v -0.00695200 0.00172300 0.00693000
v -0.00765700 0.00193300 0.02596700
v -0.00650500 0.00157000 0.02621200
v -0.00791800 -0.00070900 0.00699500
v -0.00836700 -0.00055700 0.02590300
v -0.00721900 -0.00078900 0.02618400
v -0.00883600 -0.00299900 0.00707400
v -0.00899500 -0.00282200 0.02581700
v -0.00791500 -0.00315900 0.02613700
v -0.00976900 -0.00543800 0.00713900
v -0.00985000 -0.00542700 0.02572700
v -0.00865100 -0.00570800 0.02613300
v -0.01066700 -0.00778800 0.00722100
v -0.01059000 -0.00776200 0.02564600
v -0.01167400 -0.01009400 0.00733500
v -0.01169000 -0.01026100 0.02543700
v -0.01262000 -0.01251700 0.00750600
v -0.01259500 -0.01238600 0.02521700
v -0.01337500 -0.01487700 0.00761800
v -0.01463000 -0.01481300 0.00840600
v -0.01358000 -0.01487500 0.02488000
v -0.01407100 -0.01733200 0.00774500
v -0.01522600 -0.01719400 0.00865200
v -0.01581800 -0.01742600 0.02336300
v -0.01453400 -0.01726300 0.02446400
v -0.01463000 -0.01968900 0.00784900
v -0.01584300 -0.01950700 0.00900300
v -0.01634700 -0.01952500 0.02298300
v -0.01521800 -0.01962100 0.02422900
v -0.01518600 -0.02187000 0.00802100
v -0.01651900 -0.02195700 0.00948400
v -0.01758400 -0.02207000 0.01126200
v -0.01800500 -0.02264500 0.02088300
v -0.01700800 -0.02182600 0.02245300
v -0.01579800 -0.02201700 0.02403200
v -0.01705500 -0.02446000 0.00969500
v -0.01813500 -0.02414100 0.01199200
v -0.01878400 -0.02464700 0.01426100
v -0.01894000 -0.02487100 0.01727600
v -0.01844600 -0.02424200 0.02002100
v -0.01746300 -0.02427900 0.02221900
v -0.01634600 -0.02435200 0.02378400
v -0.01763800 -0.02672000 0.01008500
v -0.01844300 -0.02675200 0.01212700
v -0.01884000 -0.02650100 0.01450300
v -0.01885900 -0.02654200 0.01718600
v -0.01865900 -0.02657400 0.01960000
v -0.01783900 -0.02679600 0.02211400
v -0.01807800 -0.02879700 0.01052900
v -0.01833800 -0.02887800 0.01205200
v -0.01848600 -0.02874600 0.01457000
v -0.01838100 -0.02890100 0.01716300
v -0.01841900 -0.02877200 0.01982200
v -0.01821400 -0.02875800 0.02166900
v -0.03230300 -0.06330700 0.01249100
v -0.03250400 -0.06318000 0.01454600
v -0.03241100 -0.06312900 0.01708700
v -0.03243100 -0.06318900 0.01936900
v -0.03349000 -0.06487300 0.01020100
v -0.03368200 -0.06387700 0.01169200
v -0.03382100 -0.06336100 0.01508700
v -0.03380500 -0.06333100 0.01711100
v -0.03364800 -0.06374000 0.02015800
v -0.03362700 -0.06483500 0.02194300
v -0.03300800 -0.06604300 0.02351100
v -0.03466600 -0.06749300 0.00782400
v -0.03469600 -0.06621100 0.00894700
v -0.03465200 -0.06608900 0.02311000
v -0.03443500 -0.06724800 0.02430600
v -0.03555800 -0.06917800 0.00680000
v -0.03563000 -0.06920900 0.02548000
v -0.03651000 -0.07155500 0.00612300
v -0.03670300 -0.07132600 0.02586200
v -0.03596900 -0.07249700 0.02609300
v -0.03748600 -0.07391700 0.00592000
v -0.03793200 -0.07363800 0.02596900
v -0.03686700 -0.07424700 0.02611300
v -0.03838200 -0.07634000 0.00593000
v -0.03900700 -0.07679900 0.02600700
v -0.03811200 -0.07610500 0.02611200
v -0.03939400 -0.07870800 0.00666600
v -0.03936100 -0.07874700 0.02542900
v -0.03831400 -0.07785300 0.02606100
v -0.04032400 -0.08002900 0.00781500
v -0.04035400 -0.08131400 0.00926800
v -0.03971900 -0.08245300 0.01090400
v -0.04038600 -0.08161300 0.02282000
v -0.04020600 -0.08034500 0.02407100
v -0.04149700 -0.08238000 0.01024100
v -0.04139400 -0.08333700 0.01196300
v -0.04150700 -0.08369600 0.01445100
v -0.04129500 -0.08353400 0.01712500
v -0.04137000 -0.08339500 0.01979000
v -0.04116400 -0.08284700 0.02158500
v 0.01112400 0.05645400 0.01296900
v 0.01152800 0.05685100 0.01470600
v 0.01172900 0.05694500 0.01723700
v 0.01149500 0.05687200 0.01952700
v 0.01085000 0.05479000 0.01252800
v 0.01141300 0.05481400 0.01454700
v 0.01162000 0.05473100 0.01704300
v 0.01136000 0.05477700 0.01960300
v 0.01066600 0.05468600 0.02164000
v 0.00955600 0.05199300 0.01054100
v 0.01048300 0.05235500 0.01204300
v 0.01127400 0.05203600 0.01447900
v 0.01151700 0.05205300 0.01708400
v 0.01126100 0.05224200 0.01957800
v 0.01038000 0.05230300 0.02195900
v 0.00916200 0.04988300 0.01019500
v 0.01037400 0.04975700 0.01203400
v 0.01115500 0.05026500 0.01418300
v 0.01144100 0.05051000 0.01705300
v 0.01103800 0.05013700 0.02021900
v 0.01006400 0.04970100 0.02231300
v 0.00884000 0.04985400 0.02381200
v 0.00874300 0.04764600 0.00991500
v 0.00987500 0.04745700 0.01127300
v 0.00956000 0.04735000 0.02298300
v 0.00834300 0.04758000 0.02416800
v 0.00806000 0.04514300 0.00945700
v 0.00924800 0.04559600 0.02329900
v 0.00786700 0.04523100 0.02445300
v 0.00578200 0.04254600 0.00813700
v 0.00707200 0.04283100 0.00885000
v 0.00704000 0.04278800 0.02489100
v 0.00527400 0.04055200 0.00799600
v 0.00650100 0.04022300 0.00858800
v 0.00598900 0.04046100 0.02536400
v 0.00467300 0.03808500 0.00786600
v 0.00589100 0.03792400 0.00836500
v 0.00512700 0.03823900 0.02563600
v 0.00354500 0.03738400 0.02608200
v 0.00397700 0.03580000 0.00772300
v 0.00557100 0.03623200 0.00827700
v 0.00439300 0.03571000 0.02583400
v 0.00318400 0.03608100 0.02610500
v 0.00307500 0.03331700 0.00758100
v 0.00353500 0.03335400 0.02591600
v 0.00223800 0.03347900 0.02612300
v 0.00210900 0.03106900 0.00745800
v 0.00285900 0.03096800 0.02595100
v 0.00152500 0.03106200 0.02615100
v 0.00117600 0.02866500 0.00735100
v 0.00226700 0.02861400 0.02600500
v 0.00099700 0.02862200 0.02617600
v 0.00030500 0.02628000 0.00722300
v 0.00026800 0.02626900 0.02622200
v -0.00065000 0.02382700 0.00713700
v -0.00068100 0.02390200 0.02622600
v -0.00166600 0.02151600 0.00704900
v -0.00163400 0.02159100 0.02621200
v -0.00257100 0.01915800 0.00699000
v -0.00246400 0.01913600 0.02620500
v -0.00347500 0.01683200 0.00696200
v -0.00500400 0.01624000 0.02604300
v -0.00350900 0.01681700 0.02616900
v -0.00451700 0.01446800 0.00698700
v -0.00547200 0.01444800 0.02600000
v -0.00415500 0.01449100 0.02613600
v -0.00544800 0.01211200 0.00701600
v -0.00595300 0.01222400 0.02594200
v -0.00461900 0.01199900 0.02610700
v -0.00643300 0.00976300 0.00707000
v -0.00670800 0.00983600 0.02586900
v -0.00541100 0.00939000 0.02609200
v -0.00735600 0.00735500 0.00714200
v -0.00742500 0.00742700 0.02579400
v -0.00601200 0.00766900 0.02605800
v -0.00818000 0.00500300 0.00721000
v -0.00827300 0.00501000 0.02564900
v -0.00933500 0.00267400 0.00744700
v -0.00925100 0.00259600 0.02544400
v -0.01027000 0.00030100 0.00757000
v -0.01012900 0.00021800 0.02530000
v -0.01119900 -0.00209800 0.00773300
v -0.01262600 -0.00252500 0.00823500
v -0.01137200 -0.00193500 0.02496400
v -0.01181200 -0.00443600 0.00778200
v -0.01311400 -0.00439000 0.00835600
v -0.01201200 -0.00447100 0.02484300
v -0.01247400 -0.00691400 0.00787500
v -0.01381100 -0.00680100 0.00861700
v -0.01471000 -0.00750900 0.02336100
v -0.01297800 -0.00657600 0.02450400
v -0.01322700 -0.00937300 0.00803500
v -0.01440300 -0.00900000 0.00889700
v -0.01499600 -0.00901500 0.02323600
v -0.01388200 -0.00914900 0.02416200
v -0.01372400 -0.01141000 0.00814600
v -0.01501400 -0.01161400 0.00923200
v -0.01638800 -0.01184600 0.01096100
v -0.01564700 -0.01138800 0.02277200
v -0.01446500 -0.01164300 0.02397400
v -0.01560800 -0.01400300 0.00952900
v -0.01689000 -0.01384400 0.01170800
v -0.01724500 -0.01416000 0.02065300
v -0.01615200 -0.01375300 0.02238300
v -0.01493600 -0.01392600 0.02380300
v -0.01617300 -0.01643900 0.00983600
v -0.01727800 -0.01616800 0.01207300
v -0.01797000 -0.01632800 0.01445900
v -0.01814200 -0.01643300 0.01706500
v -0.01765800 -0.01599900 0.01978400
v -0.01655700 -0.01634900 0.02215800
v -0.01541300 -0.01552700 0.02351900
v -0.01678200 -0.01869700 0.01035100
v -0.01749500 -0.01885100 0.01196300
v -0.01815800 -0.01836100 0.01465300
v -0.01830700 -0.01831200 0.01707300
v -0.01789800 -0.01851200 0.01974500
v -0.01707500 -0.01890200 0.02178500
v -0.01787800 -0.02118700 0.01233100
v -0.01849600 -0.02125500 0.01476400
v -0.01856900 -0.02101800 0.01704700
v -0.01819400 -0.02117500 0.01964000
v -0.01759300 -0.02087800 0.02130900
v -0.01837500 -0.02305500 0.01303500
v -0.01873000 -0.02349200 0.01470200
v -0.01883400 -0.02352900 0.01702300
v -0.01857200 -0.02327400 0.01917300
v -0.03589400 -0.06473900 0.01060600
v -0.03630600 -0.06409300 0.01182200
v -0.03593500 -0.06371800 0.01422900
v -0.03621600 -0.06358400 0.01728500
v -0.03609300 -0.06386600 0.01977400
v -0.03556000 -0.06473000 0.02128300
v -0.03643000 -0.06734600 0.00803100
v -0.03691700 -0.06583400 0.00938500
v -0.03751100 -0.06440000 0.01090100
v -0.03724900 -0.06452700 0.02086700
v -0.03690300 -0.06569900 0.02233500
v -0.03678900 -0.06707800 0.02377100
v -0.03796100 -0.06829900 0.00731400
v -0.03830800 -0.06684300 0.00831600
v -0.03828400 -0.06675000 0.02341600
v -0.03790700 -0.06832600 0.02469600
v -0.03888000 -0.07065100 0.00621500
v -0.03883900 -0.07070700 0.02558800
v -0.04080600 -0.07307100 0.00559400
v -0.03955500 -0.07296300 0.00577300
v -0.03984300 -0.07296600 0.02589300
v -0.04123100 -0.07534300 0.00547400
v -0.03994800 -0.07567200 0.00572800
v -0.04041100 -0.07528300 0.02600600
v -0.04077500 -0.07548200 0.02611600
v -0.04199500 -0.07714700 0.00544700
v -0.04135100 -0.07823000 0.00598400
v -0.04138500 -0.07820200 0.02581300
v -0.04198800 -0.07728100 0.02616100
v -0.04279000 -0.07989200 0.00700700
v -0.04247500 -0.08106100 0.00843200
v -0.04236500 -0.08134000 0.02337100
v -0.04271100 -0.07999800 0.02472700
v -0.04413100 -0.08130300 0.00792000
v -0.04366600 -0.08245200 0.00952600
v -0.04321400 -0.08365700 0.01162300
v -0.04307000 -0.08401200 0.01473700
v -0.04310400 -0.08388200 0.01730400
v -0.04319600 -0.08379700 0.01966800
v -0.04358500 -0.08266100 0.02234100
v -0.04404700 -0.08137500 0.02381900
v -0.04510400 -0.08381600 0.01027500
v -0.04470100 -0.08450500 0.01207100
v -0.04475900 -0.08461600 0.01457100
v -0.04461400 -0.08441600 0.01716200
v -0.04483700 -0.08432700 0.01956000
v -0.04510400 -0.08398100 0.02158200
v 0.01193300 0.06474700 0.01495300
v 0.01207100 0.06497400 0.01703600
v 0.01187500 0.06470700 0.01915100
v 0.01128700 0.06280600 0.01262500
v 0.01179600 0.06299900 0.01457400
v 0.01197900 0.06273400 0.01703000
v 0.01168200 0.06293800 0.01970100
v 0.01115300 0.06257100 0.02144200
v 0.00995100 0.05998500 0.01047200
v 0.01090200 0.06058000 0.01205200
v 0.01165400 0.06020800 0.01457700
v 0.01187000 0.06010100 0.01716400
v 0.01157100 0.06013700 0.01973600
v 0.01072100 0.06051600 0.02209000
v 0.00954700 0.05799700 0.01011100
v 0.01072200 0.05788500 0.01198300
v 0.01149500 0.05802400 0.01425400
v 0.01179400 0.05846500 0.01717800
v 0.01148600 0.05809500 0.01978900
v 0.01050000 0.05794300 0.02225100
v 0.00924400 0.05795400 0.02398700
v 0.00913900 0.05561900 0.00982300
v 0.01031300 0.05556200 0.01139700
v 0.01011300 0.05559400 0.02265800
v 0.00888500 0.05581100 0.02416600
v 0.00861200 0.05316700 0.00952900
v 0.00988100 0.05385500 0.01084300
v 0.00947400 0.05324000 0.02332200
v 0.00824800 0.05319800 0.02447500
v 0.00633600 0.05074400 0.00803300
v 0.00766100 0.05097600 0.00884900
v 0.00748400 0.05079300 0.02488600
v 0.00578000 0.04834700 0.00787900
v 0.00700300 0.04813900 0.00853500
v 0.00661400 0.04849800 0.02531400
v 0.00524900 0.04623200 0.00775900
v 0.00653100 0.04594700 0.00836200
v 0.00575200 0.04622300 0.02562100
v 0.00436700 0.04603100 0.02610100
v 0.00444700 0.04383300 0.00757200
v 0.00511300 0.04372100 0.02580100
v 0.00386600 0.04395700 0.02617400
v 0.00356500 0.04144300 0.00738600
v 0.00443800 0.04127300 0.02595300
v 0.00322100 0.04152200 0.02623100
v 0.00257300 0.03901700 0.00720600
v 0.00405600 0.03930400 0.02600500
v 0.00267600 0.03903900 0.02625600
v 0.00178600 0.03665600 0.00709200
v 0.00169300 0.03665800 0.02634000
v 0.00080800 0.03428000 0.00702000
v 0.00071900 0.03428100 0.02635200
v -0.00008900 0.03197700 0.00697900
v -0.00014300 0.03201100 0.02634600
v -0.00107300 0.02954100 0.00693400
v -0.00112700 0.02959800 0.02635600
v -0.00209400 0.02717600 0.00686100
v -0.00205000 0.02720800 0.02631300
v -0.00304600 0.02487800 0.00684800
v -0.00297500 0.02480200 0.02620700
v -0.00389800 0.02245700 0.00689500
v -0.00512800 0.02234600 0.02601900
v -0.00388000 0.02248700 0.02613400
v -0.00497800 0.02023800 0.00695100
v -0.00552900 0.02018800 0.02596200
v -0.00430300 0.01995800 0.02610300
v -0.00587100 0.01775900 0.00702100
v -0.00608000 0.01773700 0.02587600
v -0.00467500 0.01793400 0.02608100
v -0.00687800 0.01544300 0.00712800
v -0.00691300 0.01542800 0.02572000
v -0.00779900 0.01300100 0.00726000
v -0.00782300 0.01303300 0.02551400
v -0.00876200 0.01073900 0.00742800
v -0.00880200 0.01077900 0.02527000
v -0.00968100 0.00838200 0.00761600
v -0.00975400 0.00840800 0.02506700
v -0.01050900 0.00606700 0.00781800
v -0.01179800 0.00570900 0.00827500
v -0.01071800 0.00594800 0.02478900
v -0.01117500 0.00347300 0.00797800
v -0.01239300 0.00385800 0.00845700
v -0.01157400 0.00363000 0.02444500
v -0.01166300 0.00128300 0.00803800
v -0.01298900 0.00136900 0.00865400
v -0.01397800 0.00085800 0.02332100
v -0.01254400 0.00127400 0.02412000
v -0.01227800 -0.00108900 0.00815100
v -0.01365400 -0.00117200 0.00897300
v -0.01442000 -0.00093700 0.02306500
v -0.01313900 -0.00124400 0.02402000
v -0.01434100 -0.00345400 0.00940500
v -0.01577500 -0.00415300 0.01099600
v -0.01502400 -0.00343300 0.02261800
v -0.01366700 -0.00359300 0.02384300
v -0.01500100 -0.00584600 0.00980400
v -0.01624700 -0.00574200 0.01171100
v -0.01667600 -0.00617800 0.02035900
v -0.01549400 -0.00580100 0.02226500
v -0.01425900 -0.00573600 0.02358500
v -0.01554000 -0.00836700 0.01020700
v -0.01650500 -0.00803700 0.01198500
v -0.01729300 -0.00797500 0.01437800
v -0.01746200 -0.00817900 0.01714000
v -0.01702000 -0.00806300 0.01972800
v -0.01585600 -0.00831200 0.02209800
v -0.01595100 -0.01015100 0.01048200
v -0.01677100 -0.01076300 0.01210800
v -0.01749700 -0.01061700 0.01450200
v -0.01765300 -0.01053900 0.01718500
v -0.01724000 -0.01058300 0.01970000
v -0.01646000 -0.01062200 0.02157000
v -0.01720600 -0.01284600 0.01274200
v -0.01772100 -0.01320800 0.01457800
v -0.01787400 -0.01312000 0.01714400
v -0.01748300 -0.01305400 0.01954400
v -0.01690600 -0.01257300 0.02108900
v -0.01797100 -0.01513400 0.01520700
v -0.01803300 -0.01514600 0.01718600
v -0.01778600 -0.01483600 0.01901200
v -0.03809900 -0.06391500 0.01233900
v -0.03883800 -0.06347200 0.01484100
v -0.03873100 -0.06333100 0.01717900
v -0.03856800 -0.06347600 0.01927000
v -0.03935200 -0.06525000 0.00974700
v -0.03928600 -0.06399900 0.01176900
v -0.03973200 -0.06353200 0.01406700
v -0.03926100 -0.06402300 0.02042200
v -0.03943000 -0.06524400 0.02192700
v -0.04035100 -0.06760600 0.00748000
v -0.04009600 -0.06630900 0.00849400
v -0.04000300 -0.06635500 0.02327800
v -0.04026900 -0.06763200 0.02427500
v -0.04218100 -0.07040200 0.00556100
v -0.04113000 -0.06952600 0.00613500
v -0.04126900 -0.06981900 0.02548700
v -0.04226000 -0.07204100 0.00533300
v -0.04104100 -0.07131200 0.00568900
v -0.04185900 -0.07173800 0.02592800
v -0.04280200 -0.07255400 0.02615200
v -0.04315500 -0.07443500 0.00491400
v -0.04313300 -0.07447900 0.02638400
v -0.04403400 -0.07676300 0.00472300
v -0.04409800 -0.07680900 0.02668600
v -0.04528000 -0.07885100 0.00482700
v -0.04455700 -0.07984600 0.00622700
v -0.04459900 -0.07979700 0.02565700
v -0.04527500 -0.07877200 0.02669000
v -0.04673500 -0.08052500 0.00533800
v -0.04604900 -0.08151500 0.00686700
v -0.04548800 -0.08261000 0.00858300
v -0.04546100 -0.08261100 0.02327900
v -0.04599800 -0.08145400 0.02477000
v -0.04666400 -0.08036100 0.02620100
v -0.04755900 -0.08331700 0.00745700
v -0.04668600 -0.08412500 0.00929300
v -0.04633300 -0.08523400 0.01156800
v -0.04635100 -0.08527900 0.01508900
v -0.04632700 -0.08510200 0.01741800
v -0.04651500 -0.08497300 0.01967700
v -0.04662500 -0.08429600 0.02251300
v -0.04745400 -0.08332600 0.02389700
v -0.04856700 -0.08474300 0.00788700
v -0.04826700 -0.08568700 0.00970800
v -0.04799800 -0.08623300 0.01209000
v -0.04800300 -0.08623800 0.01458300
v -0.04808700 -0.08608100 0.01710200
v -0.04818700 -0.08587800 0.01968500
v -0.04825300 -0.08549400 0.02203400
v -0.04859800 -0.08466900 0.02355900
v -0.04956500 -0.08696800 0.01066200
v -0.04957900 -0.08707100 0.01218800
v -0.04954300 -0.08701300 0.01408300
v 0.01231200 0.07265500 0.01491300
v 0.01243300 0.07275400 0.01707900
v 0.01228000 0.07266000 0.01909400
v 0.01166600 0.07074100 0.01260200
v 0.01215300 0.07091800 0.01460000
v 0.01233200 0.07092900 0.01708900
v 0.01210600 0.07091800 0.01951400
v 0.01154300 0.07050900 0.02132800
v 0.01042100 0.06811300 0.01048700
v 0.01133200 0.06851300 0.01215000
v 0.01201500 0.06835200 0.01460600
v 0.01219900 0.06830000 0.01706200
v 0.01195000 0.06836900 0.01958500
v 0.01114900 0.06852400 0.02199100
v 0.01006900 0.06613700 0.01015000
v 0.01115100 0.06590700 0.01202300
v 0.01190300 0.06607500 0.01449200
v 0.01211700 0.06627800 0.01704500
v 0.01178700 0.06597200 0.01983200
v 0.01087600 0.06595900 0.02225800
v 0.00980500 0.06578400 0.02380300
v 0.00958100 0.06374300 0.00972300
v 0.01079600 0.06360400 0.01149900
v 0.01143900 0.06428100 0.02088900
v 0.01063500 0.06348100 0.02252300
v 0.00936000 0.06373500 0.02417000
v 0.00751600 0.06090700 0.00814900
v 0.00906500 0.06125400 0.00940000
v 0.01028900 0.06154200 0.01083600
v 0.01020700 0.06153300 0.02304400
v 0.00882700 0.06120100 0.02454400
v 0.00703500 0.05890600 0.00797900
v 0.00840400 0.05888900 0.00893600
v 0.00803100 0.05897700 0.02502100
v 0.00658300 0.05673800 0.00784900
v 0.00772500 0.05654200 0.00855600
v 0.00705600 0.05661500 0.02546200
v 0.00572300 0.05645300 0.02607000
v 0.00586600 0.05419400 0.00764200
v 0.00725900 0.05449700 0.00836000
v 0.00645900 0.05406500 0.02564100
v 0.00509100 0.05425100 0.02617700
v 0.00513900 0.05171700 0.00747200
v 0.00578800 0.05172500 0.02581500
v 0.00451800 0.05185400 0.02625100
v 0.00415600 0.04938200 0.00722600
v 0.00512300 0.04931100 0.02595900
v 0.00385800 0.04949700 0.02631800
v 0.00322100 0.04706400 0.00704800
v 0.00467200 0.04767400 0.02604800
v 0.00311700 0.04710000 0.02639100
v 0.00224900 0.04477400 0.00689800
v 0.00226100 0.04470200 0.02646800
v 0.00131900 0.04240600 0.00678700
v 0.00125500 0.04241400 0.02651500
v 0.00027000 0.04001900 0.00668800
v 0.00031600 0.04003000 0.02654200
v -0.00062400 0.03767800 0.00663300
v -0.00065000 0.03761000 0.02655200
v -0.00146000 0.03530300 0.00660000
v -0.00158200 0.03530100 0.02652300
v -0.00254000 0.03294100 0.00660800
v -0.00248800 0.03291000 0.02643500
v -0.00334100 0.03063700 0.00664500
v -0.00353100 0.03056900 0.02629600
v -0.00436200 0.02821500 0.00672800
v -0.00541500 0.02787800 0.02601500
v -0.00422100 0.02818300 0.02617800
v -0.00538600 0.02580800 0.00683500
v -0.00588300 0.02568500 0.02591600
v -0.00457300 0.02591200 0.02611300
v -0.00636100 0.02350000 0.00696200
v -0.00639100 0.02339400 0.02582400
v -0.00728600 0.02114700 0.00713500
v -0.00731900 0.02103200 0.02564100
v -0.00824800 0.01872900 0.00731400
v -0.00831500 0.01868500 0.02538700
v -0.00921600 0.01630300 0.00753700
v -0.00926500 0.01638100 0.02510400
v -0.01022200 0.01402700 0.00781700
v -0.01158800 0.01351900 0.00827200
v -0.01019100 0.01407600 0.02475400
v -0.01060600 0.01153900 0.00793600
v -0.01190700 0.01165700 0.00842500
v -0.01114300 0.01172800 0.02445800
v -0.01108100 0.00930800 0.00809300
v -0.01240400 0.00921100 0.00862600
v -0.01333000 0.00902500 0.02338000
v -0.01199600 0.00943900 0.02413300
v -0.01316300 0.00694600 0.00899400
v -0.01383400 0.00691400 0.02310800
v -0.01256700 0.00690700 0.02389600
v -0.01383500 0.00458500 0.00938000
v -0.01538700 0.00430400 0.01097800
v -0.01438800 0.00457600 0.02265000
v -0.01311100 0.00458500 0.02361500
v -0.01450800 0.00210700 0.00983200
v -0.01582700 0.00224800 0.01171000
v -0.01610900 0.00210600 0.02049100
v -0.01489700 0.00217400 0.02226100
v -0.01501300 -0.00018900 0.01024300
v -0.01610300 -0.00013300 0.01207200
v -0.01683900 -0.00005100 0.01445900
v -0.01696400 -0.00015800 0.01718300
v -0.01647400 0.00002900 0.01973600
v -0.01537700 -0.00029800 0.02191500
v -0.01534800 -0.00177900 0.01054300
v -0.01626100 -0.00277500 0.01211200
v -0.01695300 -0.00235200 0.01445300
v -0.01709600 -0.00243500 0.01717200
v -0.01665700 -0.00259800 0.01972400
v -0.01584800 -0.00249700 0.02150400
v -0.01667200 -0.00498000 0.01273300
v -0.01712600 -0.00523100 0.01448400
v -0.01725100 -0.00511300 0.01715600
v -0.01686500 -0.00498200 0.01949400
v -0.01630900 -0.00418500 0.02102200
v -0.01737300 -0.00693800 0.01540100
v -0.01737200 -0.00686800 0.01707800
v -0.04019900 -0.06319100 0.01575900
v -0.04018700 -0.06317500 0.01709100
v -0.04014800 -0.06316500 0.01864500
v -0.04182200 -0.06459100 0.00992700
v -0.04142300 -0.06358000 0.01199900
v -0.04152900 -0.06327200 0.01441800
v -0.04139800 -0.06300300 0.01708700
v -0.04151100 -0.06334400 0.01971600
v -0.04183100 -0.06465200 0.02169700
v -0.04274900 -0.06668400 0.00744600
v -0.04240700 -0.06544700 0.00858200
v -0.04244900 -0.06553300 0.02295000
v -0.04276000 -0.06659200 0.02405900
v -0.04403900 -0.06914500 0.00530000
v -0.04325100 -0.06814400 0.00612800
v -0.04352900 -0.06860200 0.02543000
v -0.04460500 -0.06940300 0.02612400
v -0.04463900 -0.07111400 0.00451600
v -0.04335700 -0.07038900 0.02603300
v -0.04461600 -0.07099100 0.02646300
v -0.04701800 -0.07408400 0.00306800
v -0.04556400 -0.07346600 0.00389500
v -0.04550100 -0.07340300 0.02702700
v -0.04739600 -0.07579000 0.00272400
v -0.04609700 -0.07585000 0.00364800
v -0.04643000 -0.07585300 0.02749800
v -0.04800100 -0.07803100 0.00241800
v -0.04675000 -0.07853900 0.00365900
v -0.04731100 -0.07825300 0.02796200
v -0.04869000 -0.07847900 0.02873200
v -0.04908100 -0.08014500 0.00267900
v -0.04800500 -0.08078100 0.00422000
v -0.04769200 -0.08194300 0.00582900
v -0.04779300 -0.08171700 0.02568500
v -0.04832800 -0.08052900 0.02741000
v -0.04911700 -0.07965300 0.02876000
v -0.04984300 -0.08135200 0.00300200
v -0.04950400 -0.08270700 0.00450100
v -0.04863300 -0.08343700 0.00636400
v -0.04884800 -0.08323600 0.02519000
v -0.04977200 -0.08243900 0.02676300
v -0.05069700 -0.08408100 0.00530600
v -0.05023800 -0.08507000 0.00700100
v -0.04985000 -0.08613400 0.00885500
v -0.04960100 -0.08680600 0.01802500
v -0.04962600 -0.08667200 0.01990200
v -0.05001500 -0.08616200 0.02249500
v -0.05033600 -0.08498400 0.02457500
v -0.05110700 -0.08680100 0.00980000
v -0.05105300 -0.08740300 0.01194600
v -0.05112300 -0.08761300 0.01457200
v -0.05109400 -0.08753800 0.01703600
v -0.05104700 -0.08731700 0.01968100
v -0.05136000 -0.08682100 0.02173800
v 0.01273700 0.08064600 0.01500600
v 0.01284300 0.08082800 0.01712100
v 0.01269700 0.08058300 0.01918700
v 0.01213300 0.07872700 0.01270600
v 0.01256200 0.07897000 0.01455500
v 0.01275600 0.07901200 0.01723800
v 0.01253300 0.07907000 0.01962700
v 0.01201100 0.07863500 0.02145000
v 0.01095200 0.07599600 0.01051900
v 0.01176100 0.07655300 0.01203700
v 0.01241100 0.07629300 0.01444200
v 0.01260800 0.07618000 0.01706700
v 0.01236000 0.07623500 0.01972000
v 0.01167300 0.07660200 0.02186300
v 0.01052200 0.07424300 0.01004900
v 0.01160800 0.07398100 0.01199900
v 0.01229100 0.07390800 0.01437400
v 0.01249600 0.07406100 0.01716800
v 0.01219500 0.07386800 0.01974700
v 0.01123200 0.07410400 0.02230600
v 0.01019200 0.07381500 0.02386400
v 0.01011700 0.07174800 0.00970300
v 0.01132100 0.07164600 0.01165200
v 0.01199800 0.07236000 0.02028200
v 0.01102900 0.07149400 0.02244700
v 0.00976100 0.07162500 0.02419900
v 0.00826900 0.06929400 0.00809300
v 0.00964500 0.06919000 0.00941800
v 0.01079200 0.06964800 0.01095000
v 0.01057200 0.06927400 0.02307500
v 0.00913100 0.06933000 0.02467900
v 0.00773000 0.06709700 0.00789000
v 0.00911500 0.06691200 0.00901300
v 0.00846700 0.06697700 0.02506500
v 0.00710400 0.06449100 0.00769000
v 0.00843000 0.06442000 0.00857300
v 0.00783400 0.06459500 0.02541800
v 0.00645000 0.06464300 0.02617300
v 0.00656900 0.06212500 0.00755900
v 0.00786100 0.06252400 0.00828700
v 0.00718900 0.06224100 0.02569300
v 0.00592000 0.06247200 0.02629600
v 0.00553900 0.05980900 0.00720800
v 0.00655500 0.05971900 0.02589100
v 0.00531400 0.05994400 0.02638200
v 0.00460500 0.05757300 0.00695300
v 0.00616400 0.05804300 0.02599800
v 0.00462800 0.05755600 0.02644500
v 0.00380300 0.05518400 0.00682500
v 0.00371000 0.05519800 0.02655300
v 0.00275300 0.05277800 0.00666400
v 0.00282700 0.05275500 0.02665200
v 0.00180700 0.05044500 0.00655700
v 0.00181400 0.05037600 0.02670300
v 0.00089200 0.04804700 0.00649500
v 0.00080900 0.04804800 0.02672800
v -0.00012200 0.04569800 0.00641600
v -0.00012500 0.04573000 0.02671700
v -0.00101900 0.04332100 0.00636300
v -0.00110100 0.04332800 0.02670100
v -0.00200300 0.04093300 0.00635200
v -0.00197200 0.04097600 0.02665900
v -0.00295000 0.03856400 0.00637100
v -0.00297600 0.03861300 0.02656600
v -0.00391300 0.03625200 0.00641500
v -0.00389200 0.03619000 0.02644100
v -0.00495700 0.03390800 0.00652600
v -0.00619200 0.03347400 0.02601500
v -0.00480800 0.03392000 0.02625900
v -0.00588900 0.03156400 0.00668100
v -0.00643200 0.03147500 0.02591100
v -0.00512900 0.03152500 0.02614100
v -0.00685600 0.02910800 0.00684800
v -0.00677000 0.02908200 0.02579400
v -0.00520800 0.02987300 0.02609400
v -0.00776000 0.02683400 0.00703900
v -0.00781300 0.02677300 0.02553800
v -0.00866400 0.02445400 0.00727300
v -0.00866300 0.02442100 0.02532700
v -0.00971900 0.02207400 0.00756700
v -0.00952800 0.02204900 0.02502700
v -0.01059200 0.01968200 0.00784500
v -0.01190900 0.01918300 0.00830700
v -0.01071200 0.01975500 0.02457700
v -0.01096600 0.01733600 0.00800800
v -0.01214700 0.01752600 0.00841100
v -0.01297600 0.01701900 0.02344700
v -0.01153100 0.01732300 0.02423100
v -0.01121200 0.01551500 0.00812600
v -0.01262000 0.01487000 0.00866600
v -0.01333400 0.01501900 0.02317800
v -0.01204700 0.01497900 0.02395800
v -0.01351200 0.01258900 0.00924800
v -0.01395400 0.01270900 0.02273300
v -0.01256700 0.01247800 0.02374900
v -0.01420300 0.01026800 0.00980100
v -0.01548000 0.01015500 0.01145000
v -0.01578100 0.00986000 0.02054500
v -0.01448300 0.01027600 0.02225600
v -0.01467000 0.00773900 0.01016900
v -0.01574800 0.00809500 0.01195300
v -0.01651500 0.00774600 0.01438200
v -0.01667300 0.00758800 0.01721400
v -0.01608600 0.00800500 0.01986500
v -0.01491700 0.00782800 0.02192600
v -0.01500900 0.00573700 0.01049900
v -0.01588100 0.00543500 0.01206300
v -0.01661700 0.00562700 0.01450500
v -0.01674300 0.00572100 0.01724400
v -0.01622000 0.00543900 0.01973300
v -0.01538300 0.00552100 0.02147100
v -0.01618300 0.00340100 0.01261600
v -0.01671900 0.00292100 0.01447800
v -0.01685400 0.00299100 0.01714300
v -0.01642000 0.00295500 0.01944300
v -0.01688400 0.00116700 0.01505100
v -0.01693800 0.00111100 0.01707300
v -0.01676900 0.00132100 0.01845600
v -0.04431300 -0.06354900 0.00977500
v -0.04403000 -0.06278300 0.01203800
v -0.04376800 -0.06250400 0.01460800
v -0.04380200 -0.06230400 0.01710100
v -0.04388800 -0.06255500 0.01977400
v -0.04435600 -0.06371800 0.02171200
v -0.04510900 -0.06557400 0.00708200
v -0.04444400 -0.06455800 0.00857100
v -0.04460500 -0.06471300 0.02294700
v -0.04517200 -0.06574200 0.02425200
v -0.04612400 -0.06783800 0.00462800
v -0.04501100 -0.06708600 0.00593300
v -0.04557700 -0.06730700 0.02550300
v -0.04637500 -0.06816700 0.02643900
v -0.04762600 -0.07018300 0.00271300
v -0.04641200 -0.07003400 0.00370700
v -0.04697600 -0.07003400 0.02726700
v -0.04804100 -0.07252900 0.00228600
v -0.04671800 -0.07214800 0.00328000
v -0.04772700 -0.07242700 0.02796800
v -0.04897800 -0.07293500 0.02883300
v -0.05011900 -0.07526600 0.00052300
v -0.04886700 -0.07484200 0.00145500
v -0.04806200 -0.07500700 0.02835000
v -0.04932000 -0.07500700 0.02924500
v -0.05024900 -0.07580200 0.00050200
v -0.04959700 -0.07725300 0.00109000
v -0.04840600 -0.07672900 0.02850900
v -0.04980800 -0.07719300 0.02955600
v -0.05062300 -0.07957500 0.00187200
v -0.05048700 -0.08077000 0.02842500
v -0.05070300 -0.07941500 0.02911600
v -0.05167500 -0.08121100 0.00271800
v -0.05164500 -0.08251300 0.00372000
v -0.05167400 -0.08196800 0.02763800
v -0.05259100 -0.08380200 0.00488200
v -0.05263200 -0.08502400 0.00650700
v -0.05211600 -0.08584400 0.02347400
v -0.05270000 -0.08485000 0.02499100
v -0.05259900 -0.08350300 0.02646000
v -0.05368200 -0.08579300 0.00756900
v -0.05355100 -0.08671500 0.00951600
v -0.05375100 -0.08755900 0.01190500
v -0.05341200 -0.08790700 0.01447900
v -0.05330300 -0.08787800 0.01734300
v -0.05367000 -0.08744300 0.01985900
v -0.05347800 -0.08652300 0.02226900
v -0.05378400 -0.08560600 0.02391200
v -0.05483500 -0.08771200 0.01249700
v -0.05476900 -0.08793200 0.01467100
v -0.05472300 -0.08794100 0.01716200
v -0.05498100 -0.08774500 0.01909600
v 0.01315100 0.08869100 0.01549300
v 0.01323200 0.08868400 0.01687600
v 0.01315600 0.08864000 0.01876600
v 0.01253200 0.08656900 0.01268300
v 0.01293800 0.08695600 0.01454900
v 0.01314900 0.08711600 0.01714300
v 0.01295400 0.08708700 0.01943200
v 0.01237100 0.08654000 0.02150200
v 0.01144800 0.08403100 0.01054800
v 0.01220900 0.08464700 0.01206600
v 0.01283000 0.08439300 0.01448800
v 0.01301400 0.08436200 0.01708000
v 0.01277300 0.08444200 0.01972400
v 0.01205400 0.08443600 0.02194500
v 0.01099300 0.08217600 0.01003300
v 0.01204500 0.08198800 0.01202600
v 0.01270200 0.08194800 0.01439600
v 0.01290700 0.08223900 0.01720600
v 0.01264700 0.08192400 0.01981000
v 0.01182300 0.08200500 0.02214600
v 0.01069200 0.08198700 0.02394000
v 0.01055200 0.07984900 0.00963200
v 0.01177100 0.07964300 0.01169600
v 0.01242100 0.08027400 0.01341700
v 0.01234600 0.08016400 0.02076900
v 0.01154600 0.07973500 0.02248500
v 0.01024100 0.07984900 0.02430200
v 0.00888400 0.07723400 0.00800700
v 0.01012400 0.07731600 0.00930600
v 0.01136400 0.07783500 0.01106600
v 0.01098200 0.07737700 0.02316600
v 0.00964200 0.07753900 0.02472000
v 0.00835100 0.07516500 0.00774600
v 0.00965000 0.07498100 0.00891000
v 0.00902400 0.07501800 0.02508300
v 0.00750300 0.07440700 0.02609400
v 0.00779800 0.07273700 0.00753000
v 0.00909900 0.07266200 0.00847900
v 0.00833500 0.07257500 0.02547500
v 0.00708400 0.07277500 0.02622600
v 0.00704000 0.07039700 0.00725700
v 0.00778800 0.07023600 0.02574500
v 0.00658300 0.07024900 0.02635300
v 0.00617000 0.06799900 0.00698800
v 0.00739900 0.06813500 0.02587000
v 0.00597600 0.06788300 0.02649500
v 0.00509300 0.06553100 0.00670200
v 0.00517100 0.06555800 0.02668100
v 0.00423700 0.06309100 0.00653800
v 0.00420900 0.06317500 0.02683300
v 0.00320500 0.06082800 0.00634700
v 0.00322800 0.06079000 0.02690200
v 0.00223100 0.05848400 0.00623300
v 0.00229600 0.05846000 0.02695800
v 0.00136700 0.05604800 0.00618500
v 0.00136600 0.05610200 0.02695500
v 0.00036500 0.05372000 0.00611200
v 0.00038100 0.05380400 0.02697800
v -0.00049100 0.05133800 0.00610200
v -0.00053600 0.05136400 0.02694900
v -0.00144000 0.04897000 0.00609100
v -0.00155200 0.04909700 0.02690200
v -0.00250700 0.04662500 0.00608400
v -0.00249700 0.04670700 0.02678900
v -0.00343000 0.04432100 0.00613900
v -0.00344600 0.04426400 0.02666100
v -0.00440500 0.04201200 0.00624500
v -0.00437900 0.04194800 0.02652200
v -0.00543800 0.03966900 0.00637800
v -0.00532600 0.03966000 0.02631800
v -0.00631600 0.03726800 0.00649100
v -0.00715000 0.03696400 0.02593100
v -0.00587500 0.03733300 0.02618300
v -0.00732000 0.03478600 0.00668300
v -0.00744600 0.03481300 0.02578500
v -0.00611000 0.03514400 0.02608700
v -0.00816300 0.03249200 0.00691200
v -0.00823600 0.03243000 0.02552400
v -0.00922900 0.03008100 0.00720400
v -0.00917100 0.03021700 0.02519500
v -0.01022100 0.02771800 0.00751100
v -0.01016100 0.02771100 0.02482700
v -0.01097000 0.02537500 0.00780700
v -0.01237000 0.02503100 0.00833300
v -0.01110200 0.02529600 0.02441800
v -0.01131800 0.02289300 0.00799300
v -0.01255400 0.02303700 0.00851400
v -0.01310200 0.02282300 0.02332700
v -0.01184800 0.02308700 0.02405700
v -0.01302900 0.02063500 0.00888200
v -0.01351600 0.02077800 0.02304400
v -0.01227900 0.02074400 0.02384300
v -0.01383000 0.01831900 0.00947800
v -0.01527000 0.01792600 0.01114900
v -0.01558500 0.01760200 0.02070900
v -0.01413900 0.01820700 0.02247800
v -0.01277000 0.01861400 0.02359000
v -0.01430900 0.01582900 0.00990000
v -0.01565400 0.01600600 0.01193000
v -0.01633900 0.01538600 0.01392400
v -0.01647300 0.01525100 0.01786900
v -0.01584600 0.01591800 0.02001200
v -0.01464700 0.01588400 0.02193100
v -0.01482300 0.01364400 0.01043900
v -0.01568700 0.01353400 0.01200700
v -0.01646400 0.01382100 0.01457400
v -0.01655600 0.01386800 0.01723400
v -0.01599900 0.01361800 0.01969000
v -0.01502500 0.01342100 0.02155800
v -0.01583500 0.01109000 0.01232000
v -0.01645000 0.01114400 0.01442800
v -0.01660800 0.01112600 0.01719400
v -0.01610500 0.01108300 0.01959000
v -0.01536400 0.01152500 0.02119500
v -0.01653600 0.00904600 0.01471100
v -0.01664800 0.00894600 0.01711700
v -0.01633600 0.00924800 0.01903600
v -0.04702200 -0.06038200 0.01809300
v -0.04686000 -0.06045900 0.01858600
v -0.04729300 -0.06262300 0.00777000
v -0.04644800 -0.06229900 0.00940600
v -0.04620700 -0.06157800 0.01197900
v -0.04601700 -0.06123700 0.01452400
v -0.04598700 -0.06110400 0.01712800
v -0.04601400 -0.06141900 0.01971500
v -0.04672200 -0.06255200 0.02189300
v -0.04786000 -0.06501800 0.00506100
v -0.04709200 -0.06415400 0.00666200
v -0.04589200 -0.06372500 0.00831100
v -0.04673400 -0.06365300 0.02306500
v -0.04750400 -0.06467500 0.02474200
v -0.04879000 -0.06507600 0.02625400
v -0.04894900 -0.06706300 0.00251500
v -0.04780300 -0.06656900 0.00392900
v -0.04714400 -0.06620700 0.02584500
v -0.04837200 -0.06689900 0.02708000
v -0.04927100 -0.06908300 0.00167900
v -0.04876600 -0.06898200 0.02812900
v -0.05005000 -0.06937700 0.02917900
v -0.05095400 -0.07214500 0.00042200
v -0.04991500 -0.07133700 0.00090300
v -0.04882800 -0.07104100 0.02845800
v -0.05024900 -0.07157700 0.02965000
v -0.05119200 -0.07390900 0.00037000
v -0.05119900 -0.07397300 0.03028900
v -0.05205300 -0.07566300 0.00045300
v -0.05226700 -0.07686700 0.00071600
v -0.05209400 -0.07636300 0.03017800
v -0.05305700 -0.07853600 0.00128800
v -0.05306100 -0.07860200 0.02945200
v -0.05412600 -0.08085300 0.00238500
v -0.05366700 -0.08212600 0.00324100
v -0.05403200 -0.08140400 0.02806200
v -0.05396900 -0.08011600 0.02881600
v -0.05504000 -0.08337100 0.00435700
v -0.05453900 -0.08457100 0.00582800
v -0.05503000 -0.08432400 0.02565200
v -0.05500900 -0.08302100 0.02689200
v -0.05611300 -0.08440000 0.00552000
v -0.05574500 -0.08541000 0.00689800
v -0.05607300 -0.08658200 0.00918900
v -0.05530500 -0.08730800 0.01103400
v -0.05550400 -0.08719500 0.02053600
v -0.05605300 -0.08632100 0.02254400
v -0.05595600 -0.08518200 0.02444600
v -0.05693700 -0.08700900 0.01026400
v -0.05671200 -0.08754800 0.01212600
v -0.05683800 -0.08788300 0.01467900
v -0.05686700 -0.08794300 0.01718700
v -0.05687500 -0.08757900 0.01952900
v -0.05738100 -0.08674300 0.02156400
v 0.01249400 0.09009700 0.01208500
v 0.01308100 0.08996300 0.01446900
v 0.01329900 0.09002000 0.01718400
v 0.01305200 0.08986000 0.01961700
v 0.01096100 0.08784600 0.00950900
v 0.01223800 0.08769800 0.01177000
v 0.01284700 0.08830900 0.01360900
v 0.01278900 0.08818600 0.02047500
v 0.01196800 0.08776700 0.02248600
v 0.01076800 0.08785800 0.02425900
v 0.00935900 0.08529900 0.00787000
v 0.01066800 0.08540500 0.00930300
v 0.01177300 0.08577800 0.01097000
v 0.01155100 0.08548500 0.02304300
v 0.01014900 0.08532100 0.02480700
v 0.00889600 0.08311000 0.00765000
v 0.01019700 0.08301200 0.00889900
v 0.00953200 0.08305300 0.02522300
v 0.00827300 0.08286600 0.02621100
v 0.00839800 0.08074700 0.00745000
v 0.00964800 0.08107800 0.00847400
v 0.00906500 0.08062700 0.02549100
v 0.00783600 0.08099600 0.02631400
v 0.00757300 0.07820200 0.00705700
v 0.00839000 0.07813800 0.02577200
v 0.00718000 0.07853600 0.02648200
v 0.00659200 0.07579800 0.00668400
v 0.00784400 0.07610400 0.02599600
v 0.00656100 0.07595900 0.02662100
v 0.00564600 0.07357500 0.00640500
v 0.00563800 0.07366600 0.02687800
v 0.00467400 0.07124800 0.00621400
v 0.00471600 0.07126500 0.02705100
v 0.00371200 0.06884500 0.00605300
v 0.00367200 0.06885400 0.02720800
v 0.00130900 0.06613400 0.00561800
v 0.00289100 0.06659400 0.00595000
v 0.00278100 0.06645800 0.02724500
v 0.00074800 0.06441600 0.00561700
v 0.00204700 0.06420000 0.00589500
v 0.00184300 0.06413500 0.02726700
v 0.00002100 0.06233000 0.00561300
v 0.00113200 0.06172800 0.00584100
v 0.00082800 0.06181100 0.02728800
v -0.00107300 0.05989200 0.00562700
v 0.00011900 0.05934400 0.00581200
v -0.00007200 0.05940200 0.02720300
v -0.00211100 0.05751800 0.00564500
v -0.00092300 0.05710800 0.00580000
v -0.00103700 0.05709400 0.02717200
v -0.00273700 0.05601800 0.00564000
v -0.00195600 0.05464100 0.00577100
v -0.00194100 0.05464800 0.02711800
v -0.00293900 0.05234100 0.00583000
v -0.00291700 0.05236100 0.02701300
v -0.00391500 0.05004000 0.00589400
v -0.00389300 0.04992100 0.02683900
v -0.00489300 0.04764500 0.00601900
v -0.00487300 0.04761400 0.02662800
v -0.00580000 0.04525700 0.00616400
v -0.00580600 0.04526100 0.02639700
v -0.00677800 0.04281900 0.00632700
v -0.00777200 0.04288700 0.02594700
v -0.00646500 0.04294900 0.02623400
v -0.00773000 0.04046000 0.00652700
v -0.00797200 0.04039700 0.02583200
v -0.00668900 0.04076300 0.02613300
v -0.00866700 0.03819400 0.00674800
v -0.00862500 0.03813100 0.02560400
v -0.00965800 0.03580000 0.00702900
v -0.00961600 0.03574600 0.02525500
v -0.01060400 0.03351400 0.00736300
v -0.01049300 0.03343800 0.02487400
v -0.01144700 0.03110700 0.00773900
v -0.01278700 0.03063100 0.00833200
v -0.01149000 0.03100300 0.02431400
v -0.01181500 0.02867300 0.00795700
v -0.01306300 0.02875200 0.00860200
v -0.01333200 0.02871400 0.02324500
v -0.01220200 0.02871000 0.02390900
v -0.01212000 0.02660300 0.00815400
v -0.01354300 0.02642300 0.00906500
v -0.01392600 0.02620100 0.02269200
v -0.01253300 0.02634600 0.02370200
v -0.01427200 0.02412100 0.00978100
v -0.01547200 0.02375600 0.01134500
v -0.01572100 0.02369800 0.02043300
v -0.01435600 0.02408500 0.02225300
v -0.01456400 0.02145400 0.01012400
v -0.01573800 0.02160400 0.01202200
v -0.01643700 0.02147900 0.01441200
v -0.01653100 0.02135900 0.01726900
v -0.01592200 0.02169900 0.01979400
v -0.01480200 0.02148300 0.02179500
v -0.01495100 0.01969500 0.01059500
v -0.01574800 0.01910400 0.01211700
v -0.01645200 0.01931900 0.01464600
v -0.01653900 0.01923000 0.01717900
v -0.01596300 0.01922100 0.01965300
v -0.01517300 0.01937300 0.02131900
v -0.01606800 0.01703300 0.01293500
v -0.01645200 0.01674300 0.01465200
v -0.01653200 0.01663000 0.01705600
v -0.01613700 0.01700900 0.01920800
v -0.01659000 0.01519400 0.01589700
v -0.04899000 -0.05954900 0.01038300
v -0.04884900 -0.05946700 0.01210800
v -0.04835800 -0.05953000 0.01454400
v -0.04819300 -0.05966000 0.01711400
v -0.04856500 -0.05964200 0.01935600
v -0.04909600 -0.06157600 0.00707300
v -0.04845900 -0.06055900 0.00941600
v -0.04789300 -0.06031300 0.01197700
v -0.04739100 -0.06041500 0.01428000
v -0.04791800 -0.06045200 0.02014400
v -0.04876700 -0.06105900 0.02222700
v -0.04966100 -0.06179400 0.02411400
v -0.04989200 -0.06353000 0.00450900
v -0.04893800 -0.06266600 0.00602200
v -0.04836000 -0.06270300 0.02345600
v -0.04947000 -0.06315600 0.02510400
v -0.05022200 -0.06407400 0.02666300
v -0.05072300 -0.06597000 0.00230900
v -0.05023600 -0.06484800 0.00330500
v -0.05034300 -0.06564500 0.02785200
v -0.05106500 -0.06671100 0.02878300
v -0.05161600 -0.06813900 0.00125500
v -0.05163700 -0.06818100 0.02943900
v -0.05275400 -0.07105200 0.00045500
v -0.05231000 -0.06986200 0.00066100
v -0.05256500 -0.07056700 0.03015400
v -0.05356500 -0.07291200 0.00021100
v -0.05359500 -0.07302300 0.03045700
v -0.05447900 -0.07523800 0.00033300
v -0.05412100 -0.07663100 0.00057300
v -0.05447200 -0.07532700 0.03032900
v -0.05579300 -0.07644700 0.00049800
v -0.05544800 -0.07774700 0.00086800
v -0.05543800 -0.07770200 0.02976200
v -0.05644800 -0.08009000 0.00188400
v -0.05652900 -0.08080800 0.02833100
v -0.05633300 -0.07956000 0.02903800
v -0.05730400 -0.08155700 0.00271700
v -0.05746900 -0.08281700 0.00375800
v -0.05733700 -0.08243500 0.02721900
v -0.05818000 -0.08405200 0.00498300
v -0.05835000 -0.08528000 0.00670100
v -0.05796200 -0.08627600 0.00841800
v -0.05800300 -0.08593700 0.02317600
v -0.05835500 -0.08479800 0.02481300
v -0.05861600 -0.08355400 0.02629100
v -0.05932100 -0.08598000 0.00781800
v -0.05927300 -0.08668400 0.00944400
v -0.05948000 -0.08749500 0.01199600
v -0.05946600 -0.08787500 0.01440000
v -0.05934000 -0.08793700 0.01702500
v -0.05933100 -0.08750600 0.01952000
v -0.05917700 -0.08647400 0.02210300
v -0.05997400 -0.08555200 0.02374500
v -0.06066700 -0.08800200 0.01550200
v -0.06079400 -0.08796800 0.01655500
v 0.00886300 0.08861200 0.00729900
v 0.01021800 0.08881200 0.00846600
v 0.00969900 0.08863000 0.02547900
v 0.00836700 0.08883500 0.02649700
v 0.00800900 0.08625000 0.00683500
v 0.00906300 0.08627800 0.02587400
v 0.00780000 0.08629800 0.02665500
v 0.00728800 0.08406300 0.00652200
v 0.00728500 0.08396400 0.02680200
v 0.00484900 0.08151900 0.00562800
v 0.00622800 0.08169400 0.00614900
v 0.00616200 0.08165900 0.02714000
v 0.00433200 0.07971500 0.00556300
v 0.00553300 0.07912300 0.00601400
v 0.00519600 0.07935300 0.02733300
v 0.00351900 0.07707900 0.00549800
v 0.00478800 0.07678300 0.00590900
v 0.00419800 0.07692900 0.02746400
v 0.00277000 0.07468200 0.00544500
v 0.00399700 0.07425500 0.00580800
v 0.00328400 0.07453500 0.02753800
v 0.00206600 0.07224700 0.00542500
v 0.00331800 0.07195000 0.00575300
v 0.00240600 0.07213400 0.02757300
v 0.00129100 0.06991100 0.00540500
v 0.00258800 0.06988100 0.00568600
v 0.00135300 0.06987100 0.02756200
v 0.00043500 0.06750000 0.00539500
v 0.00034300 0.06749100 0.02755200
v -0.00050700 0.06509200 0.00539700
v -0.00049600 0.06505900 0.02749800
v -0.00154100 0.06279000 0.00542700
v -0.00149300 0.06266500 0.02746000
v -0.00244600 0.06031100 0.00546500
v -0.00242100 0.06033800 0.02733400
v -0.00334100 0.05802500 0.00551800
v -0.00333900 0.05796400 0.02719500
v -0.00431700 0.05597300 0.00560200
v -0.00479600 0.05477600 0.00567600
v -0.00427600 0.05565500 0.02700400
v -0.00526200 0.05328700 0.00577300
v -0.00524300 0.05334100 0.02682100
v -0.00624000 0.05089200 0.00592800
v -0.00623600 0.05095000 0.02654400
v -0.00719300 0.04858400 0.00614300
v -0.00834100 0.04826800 0.02598500
v -0.00703800 0.04857500 0.02629800
v -0.00816700 0.04618200 0.00637200
v -0.00852500 0.04613300 0.02585900
v -0.00736100 0.04631100 0.02615600
v -0.00910900 0.04387100 0.00661500
v -0.00917500 0.04381500 0.02559600
v -0.01008600 0.04140500 0.00690500
v -0.01001000 0.04145000 0.02528400
v -0.01106100 0.03913200 0.00724800
v -0.01113100 0.03921100 0.02476600
v -0.01204300 0.03682600 0.00767700
v -0.01328700 0.03635600 0.00832500
v -0.01340100 0.03622900 0.02337800
v -0.01190100 0.03672300 0.02429500
v -0.01232700 0.03436400 0.00789600
v -0.01363100 0.03442800 0.00870700
v -0.01364700 0.03436900 0.02313800
v -0.01241500 0.03432900 0.02395200
v -0.01256800 0.03228900 0.00811200
v -0.01396700 0.03206300 0.00916500
v -0.01545600 0.03150700 0.01092300
v -0.01423300 0.03202600 0.02254600
v -0.01278900 0.03225800 0.02365600
v -0.01445500 0.02960700 0.00974200
v -0.01573900 0.02965400 0.01157700
v -0.01590200 0.02962200 0.02025100
v -0.01476300 0.02960300 0.02194100
v -0.01487700 0.02728900 0.01030700
v -0.01582200 0.02735100 0.01193900
v -0.01654500 0.02752500 0.01445600
v -0.01663600 0.02745800 0.01722400
v -0.01606800 0.02739800 0.01970000
v -0.01502800 0.02718200 0.02156700
v -0.01592800 0.02478900 0.01230400
v -0.01650300 0.02490600 0.01447700
v -0.01658700 0.02494500 0.01716500
v -0.01607000 0.02472100 0.01954800
v -0.01531000 0.02541600 0.02116700
v -0.01613000 0.02315100 0.01289700
v -0.01652100 0.02280700 0.01481000
v -0.01656400 0.02273600 0.01706700
v -0.01626600 0.02298100 0.01885700
v -0.05004200 -0.05914900 0.01032500
v -0.05043700 -0.05850100 0.01211400
v -0.05036300 -0.05813600 0.01465800
v -0.05036200 -0.05838200 0.01713000
v -0.05037200 -0.05883700 0.01939200
v -0.05120700 -0.06066200 0.00720800
v -0.05097900 -0.05938900 0.00930300
v -0.05131400 -0.05873500 0.01095800
v -0.05114400 -0.05891800 0.02040900
v -0.05095400 -0.05975500 0.02226100
v -0.05128300 -0.06093400 0.02406200
v -0.05205900 -0.06275200 0.00466500
v -0.05202200 -0.06156500 0.00601100
v -0.05202200 -0.06196500 0.02534100
v -0.05205600 -0.06313500 0.02660800
v -0.05309200 -0.06533600 0.00255400
v -0.05287700 -0.06408100 0.00349700
v -0.05319600 -0.06471900 0.02776500
v -0.05295600 -0.06621500 0.02870300
v -0.05398900 -0.06723900 0.00154200
v -0.05443700 -0.06594300 0.02856100
v -0.05397000 -0.06738100 0.02921400
v -0.05515200 -0.07031100 0.00046700
v -0.05482900 -0.06906700 0.00074900
v -0.05498500 -0.06954400 0.02992000
v -0.05592200 -0.07197000 0.00021900
v -0.05587700 -0.07197700 0.03035100
v -0.05690200 -0.07434700 0.00013900
v -0.05680800 -0.07439000 0.03038300
v -0.05792000 -0.07628100 0.00038200
v -0.05766300 -0.07740900 0.00066800
v -0.05787400 -0.07678700 0.03001500
v -0.05871100 -0.07904100 0.00133500
v -0.05829800 -0.08042000 0.02848600
v -0.05878800 -0.07903100 0.02917500
v -0.05981400 -0.08127600 0.00246500
v -0.05955000 -0.08244200 0.00341100
v -0.05974600 -0.08145100 0.02781200
v -0.05995200 -0.08006400 0.02862500
v -0.06066200 -0.08362800 0.00455700
v -0.06076700 -0.08482400 0.00603800
v -0.06084900 -0.08434800 0.02525600
v -0.06049300 -0.08310700 0.02657400
v -0.06156500 -0.08549700 0.00714800
v -0.06191300 -0.08666800 0.00955200
v -0.06153800 -0.08734400 0.01161200
v -0.06100200 -0.08777100 0.01369800
v -0.06159600 -0.08724000 0.02014000
v -0.06160700 -0.08628100 0.02232700
v -0.06141100 -0.08529100 0.02404200
v -0.06307400 -0.08700500 0.01064400
v -0.06253000 -0.08744600 0.01241600
v -0.06247500 -0.08778100 0.01466500
v -0.06217300 -0.08775100 0.01707300
v -0.06274700 -0.08734400 0.01926700
v 0.00582000 0.08985600 0.00549200
v 0.00712900 0.08948200 0.00612400
v 0.00658200 0.08967500 0.02740300
v 0.00516900 0.08750900 0.00539200
v 0.00637400 0.08727600 0.00587300
v 0.00576300 0.08741100 0.02759400
v 0.00452100 0.08487100 0.00532900
v 0.00577000 0.08480300 0.00575200
v 0.00474500 0.08501600 0.02777800
v 0.00378100 0.08254100 0.00523800
v 0.00373300 0.08255500 0.02787800
v 0.00287100 0.08022500 0.00513000
v 0.00281500 0.08024000 0.02791200
v 0.00186100 0.07785800 0.00504600
v 0.00196700 0.07786800 0.02790700
v 0.00095500 0.07549600 0.00501500
v 0.00091900 0.07549700 0.02788000
v -0.00000700 0.07314600 0.00499200
v -0.00007000 0.07307300 0.02782800
v -0.00096200 0.07076600 0.00501700
v -0.00092400 0.07082600 0.02774200
v -0.00192900 0.06852300 0.00505100
v -0.00195100 0.06845400 0.02768200
v -0.00291900 0.06608700 0.00509800
v -0.00285500 0.06610200 0.02756400
v -0.00385100 0.06369500 0.00520600
v -0.00383300 0.06373100 0.02740500
v -0.00478400 0.06133400 0.00530800
v -0.00477800 0.06128400 0.02720300
v -0.00570600 0.05899400 0.00545600
v -0.00585300 0.05899200 0.02694500
v -0.00616700 0.05695900 0.00560800
v -0.00709500 0.05628700 0.00573100
v -0.00663800 0.05663400 0.02671000
v -0.00768800 0.05425900 0.00593800
v -0.00910800 0.05378300 0.02603000
v -0.00768200 0.05421000 0.02640200
v -0.00862600 0.05190100 0.00620600
v -0.00923000 0.05179700 0.02587500
v -0.00797900 0.05193100 0.02622300
v -0.00956200 0.04944100 0.00649600
v -0.00961200 0.04965600 0.02568700
v -0.00813200 0.05007200 0.02612400
v -0.01056600 0.04717900 0.00681100
v -0.01058700 0.04727800 0.02527000
v -0.01148800 0.04478600 0.00717400
v -0.01140600 0.04472800 0.02480100
v -0.01227300 0.04242700 0.00759000
v -0.01352500 0.04206900 0.00837200
v -0.01375700 0.04207700 0.02333100
v -0.01242200 0.04246300 0.02424600
v -0.01270100 0.04001500 0.00786100
v -0.01391200 0.04004800 0.00875600
v -0.01407300 0.04011800 0.02299500
v -0.01281800 0.04009700 0.02391900
v -0.01308800 0.03788800 0.00814800
v -0.01433500 0.03766300 0.00924800
v -0.01581000 0.03710200 0.01106700
v -0.01595500 0.03708300 0.02067800
v -0.01455400 0.03766800 0.02243400
v -0.01312300 0.03785300 0.02361200
v -0.01484600 0.03545200 0.00985500
v -0.01608300 0.03537400 0.01181600
v -0.01676000 0.03488200 0.01424200
v -0.01686400 0.03481800 0.01734600
v -0.01612200 0.03534700 0.02014800
v -0.01499500 0.03540500 0.02188800
v -0.01515100 0.03329500 0.01032400
v -0.01602600 0.03293500 0.01195700
v -0.01673100 0.03314600 0.01454900
v -0.01682400 0.03334100 0.01726700
v -0.01624100 0.03297600 0.01969200
v -0.01527300 0.03306000 0.02144800
v -0.01621600 0.03068300 0.01258300
v -0.01664600 0.03024700 0.01461900
v -0.01673400 0.03048600 0.01714500
v -0.01624800 0.03062400 0.01946900
v -0.01668500 0.02878900 0.01531600
v -0.01669800 0.02873000 0.01700300
v -0.05231800 -0.05799100 0.01256900
v -0.05271700 -0.05753800 0.01459500
v -0.05269100 -0.05784200 0.01696500
v -0.05226700 -0.05821600 0.01867600
v -0.05364200 -0.06013800 0.00779600
v -0.05354200 -0.05924800 0.00987800
v -0.05338200 -0.05842100 0.01166300
v -0.05405600 -0.05772800 0.01334800
v -0.05392000 -0.05796400 0.01756700
v -0.05336100 -0.05866200 0.01987000
v -0.05360000 -0.05957600 0.02222400
v -0.05305300 -0.06056400 0.02375800
v -0.05449800 -0.06222900 0.00502800
v -0.05431900 -0.06103600 0.00652700
v -0.05464100 -0.06030400 0.02326000
v -0.05461300 -0.06151000 0.02482900
v -0.05426200 -0.06276100 0.02615400
v -0.05552900 -0.06473200 0.00282000
v -0.05539600 -0.06349600 0.00376900
v -0.05599000 -0.06256500 0.02589900
v -0.05533700 -0.06392600 0.02718000
v -0.05634700 -0.06629100 0.00189700
v -0.05633200 -0.06555600 0.02828600
v -0.05640700 -0.06678900 0.02894100
v -0.05753400 -0.06967600 0.00050500
v -0.05727100 -0.06842500 0.00089800
v -0.05723400 -0.06867200 0.02969700
v -0.05827100 -0.07107800 0.00026200
v -0.05821700 -0.07109900 0.03017700
v -0.05923700 -0.07333200 0.00000000
v -0.05921100 -0.07340700 0.03037400
v -0.06007300 -0.07575400 0.00022100
v -0.06019100 -0.07576800 0.03010800
v -0.06105100 -0.07705400 0.00049700
v -0.06116000 -0.07824900 0.00093100
v -0.06107300 -0.07814300 0.02938700
v -0.06209600 -0.08058000 0.00214300
v -0.06223100 -0.08071300 0.02806100
v -0.06181500 -0.07954500 0.02876900
v -0.06285000 -0.08186100 0.00293800
v -0.06315800 -0.08313700 0.00430800
v -0.06248700 -0.08438800 0.00582500
v -0.06326000 -0.08359100 0.02564600
v -0.06294400 -0.08244400 0.02675900
v -0.06399500 -0.08392200 0.00547900
v -0.06384500 -0.08493000 0.00694300
v -0.06432900 -0.08582600 0.00938300
v -0.06520200 -0.08582700 0.01122900
v -0.06549600 -0.08584700 0.01454400
v -0.06416800 -0.08580300 0.02252700
v -0.06372000 -0.08466100 0.02427400
v -0.06381600 -0.08671400 0.01055400
v -0.06450900 -0.08673100 0.01214100
v -0.06469800 -0.08697400 0.01450000
v -0.06469500 -0.08692000 0.01710700
v -0.06466100 -0.08665100 0.01976200
v -0.06486500 -0.08637100 0.02124600
v 0.00332900 0.08830000 0.00479300
v 0.00332400 0.08830400 0.02824400
v 0.00241900 0.08589800 0.00468900
v 0.00238500 0.08596500 0.02828500
v 0.00145900 0.08352600 0.00461800
v 0.00141400 0.08358500 0.02829200
v 0.00051000 0.08125800 0.00458000
v 0.00046100 0.08121700 0.02828100
v -0.00045500 0.07879200 0.00458600
v -0.00043400 0.07872600 0.02817200
v -0.00137800 0.07648100 0.00462500
v -0.00147000 0.07649300 0.02806900
v -0.00236000 0.07415200 0.00469200
v -0.00236300 0.07414300 0.02794200
v -0.00331500 0.07172600 0.00480000
v -0.00330800 0.07171900 0.02779500
v -0.00426600 0.06936100 0.00488900
v -0.00428600 0.06936500 0.02762000
v -0.00523400 0.06697100 0.00503900
v -0.00518000 0.06705400 0.02740500
v -0.00618100 0.06456000 0.00521800
v -0.00631100 0.06457000 0.02710400
v -0.00712300 0.06228800 0.00542900
v -0.00719000 0.06228400 0.02683400
v -0.00743500 0.06001700 0.00557200
v -0.00870100 0.05981300 0.00576900
v -0.00811800 0.05994000 0.02652400
v -0.00906400 0.05761900 0.00596700
v -0.01007400 0.05738200 0.02590900
v -0.00878000 0.05753600 0.02627000
v -0.00999800 0.05527700 0.00629800
v -0.01020400 0.05530000 0.02575300
v -0.00887900 0.05541900 0.02614900
v -0.01104800 0.05281900 0.00669200
v -0.01093000 0.05284200 0.02538300
v -0.01201500 0.05043200 0.00711100
v -0.01192400 0.05040400 0.02480600
v -0.01261600 0.04816500 0.00747800
v -0.01398900 0.04780700 0.00841500
v -0.01416200 0.04772700 0.02329400
v -0.01282000 0.04817200 0.02423500
v -0.01309400 0.04585300 0.00786600
v -0.01432400 0.04574900 0.00882500
v -0.01442100 0.04566300 0.02293000
v -0.01315500 0.04571500 0.02392600
v -0.01340300 0.04412100 0.00815800
v -0.01484700 0.04347400 0.00949100
v -0.01610400 0.04306600 0.01110000
v -0.01613300 0.04297900 0.02067100
v -0.01496500 0.04343100 0.02222900
v -0.01342600 0.04399400 0.02366900
v -0.01514200 0.04096700 0.00991500
v -0.01634700 0.04114900 0.01183200
v -0.01699100 0.04073400 0.01445500
v -0.01707400 0.04059300 0.01726500
v -0.01647200 0.04113300 0.01982600
v -0.01527300 0.04105600 0.02182500
v -0.01547300 0.03906300 0.01042300
v -0.01634200 0.03863400 0.01211300
v -0.01694700 0.03882600 0.01467100
v -0.01700600 0.03869800 0.01719700
v -0.01642900 0.03860100 0.01969200
v -0.01556400 0.03879800 0.02136800
v -0.01650800 0.03652600 0.01274100
v -0.01685800 0.03621000 0.01455500
v -0.01693400 0.03620000 0.01711100
v -0.01656900 0.03633800 0.01909900
v -0.05607800 -0.05910200 0.00978100
v -0.05581400 -0.05798400 0.01202000
v -0.05565000 -0.05754700 0.01452300
v -0.05574300 -0.05794400 0.01721600
v -0.05602300 -0.05869300 0.01962600
v -0.05581300 -0.05927400 0.02156800
v -0.05672900 -0.06178000 0.00533700
v -0.05689600 -0.06069400 0.00679700
v -0.05713800 -0.05949300 0.00883500
v -0.05751700 -0.05906800 0.02088400
v -0.05679500 -0.05991800 0.02254200
v -0.05689600 -0.06105400 0.02432900
v -0.05734500 -0.06436400 0.00296000
v -0.05781600 -0.06295400 0.00412600
v -0.05771200 -0.06216800 0.02549000
v -0.05791000 -0.06343800 0.02676600
v -0.05873300 -0.06534700 0.00225200
v -0.05930200 -0.06392700 0.00327500
v -0.05877500 -0.06510200 0.02795200
v -0.05858600 -0.06650600 0.02877100
v -0.05937100 -0.06909700 0.00053500
v -0.05969100 -0.06764500 0.00104300
v -0.05970400 -0.06769600 0.02928500
v -0.06059500 -0.07012900 0.00029200
v -0.06112100 -0.06879600 0.00059700
v -0.06068700 -0.07008000 0.02996900
v -0.06159700 -0.07238400 0.00001700
v -0.06153200 -0.07242700 0.03022400
v -0.06248200 -0.07471800 0.00016300
v -0.06377700 -0.07538700 0.00068500
v -0.06256300 -0.07484400 0.02998400
v -0.06370100 -0.07718300 0.00132200
v -0.06505800 -0.07771200 0.00391300
v -0.06348900 -0.07724100 0.02937100
v -0.06406000 -0.07946300 0.00239800
v -0.06508500 -0.07936300 0.00426700
v -0.06533900 -0.07941500 0.00705100
v -0.06545300 -0.07957700 0.00926800
v -0.06566200 -0.07987300 0.01205400
v -0.06573700 -0.07986100 0.01452000
v -0.06584800 -0.07989000 0.01711900
v -0.06591500 -0.07999000 0.01949000
v -0.06589200 -0.08003500 0.02156100
v -0.06592800 -0.08010700 0.02481300
v -0.06472300 -0.07975800 0.02785400
v -0.06382500 -0.07874000 0.02876500
v -0.06400300 -0.08126800 0.00302000
v -0.06491300 -0.08181500 0.00461200
v -0.06540400 -0.08179800 0.00699000
v -0.06550000 -0.08183700 0.00946800
v -0.06558400 -0.08175200 0.01204200
v -0.06565100 -0.08187700 0.01460000
v -0.06577600 -0.08173600 0.01707300
v -0.06583400 -0.08177600 0.01979300
v -0.06586200 -0.08170500 0.02211100
v -0.06572500 -0.08199600 0.02495000
v -0.06511400 -0.08132100 0.02663000
v -0.06527100 -0.08382200 0.00710500
v -0.06534100 -0.08410900 0.00946100
v -0.06563400 -0.08456500 0.01200400
v -0.06566100 -0.08450800 0.01456200
v -0.06574300 -0.08451400 0.01718000
v -0.06592800 -0.08449500 0.01963400
v -0.06586300 -0.08419800 0.02211800
v -0.06557900 -0.08376300 0.02415000
v -0.06570100 -0.08592800 0.01292800
v -0.06573600 -0.08593600 0.01838300
v -0.06575700 -0.08596500 0.02051300
v -0.06580900 -0.08595200 0.02110800
v 0.00094900 0.08926400 0.00420100
v 0.00172000 0.08894600 0.02852000
v 0.00049700 0.08939400 0.02867300
v 0.00019400 0.08676500 0.00420900
v 0.00066000 0.08649800 0.02853000
v -0.00043200 0.08721000 0.02866200
v -0.00086300 0.08447000 0.00420200
v -0.00079600 0.08423100 0.02853300
v -0.00150600 0.08534800 0.02862100
v -0.00194500 0.08218100 0.00427200
v -0.00192400 0.08213200 0.02842700
v -0.00278300 0.07982200 0.00433200
v -0.00283200 0.07990400 0.02825100
v -0.00379600 0.07740600 0.00442300
v -0.00375600 0.07737700 0.02804100
v -0.00475800 0.07509700 0.00454700
v -0.00472500 0.07500000 0.02784200
v -0.00572100 0.07280100 0.00472400
v -0.00576600 0.07264300 0.02759200
v -0.00670700 0.07024700 0.00493500
v -0.00657500 0.07024500 0.02733100
v -0.00761300 0.06792600 0.00516600
v -0.00758500 0.06796500 0.02703000
v -0.00850000 0.06559100 0.00544000
v -0.00983000 0.06530000 0.00569600
v -0.00853100 0.06568900 0.02669200
v -0.00859400 0.06336900 0.00557600
v -0.00974600 0.06315700 0.00579200
v -0.01050800 0.06291600 0.02593600
v -0.00926400 0.06315800 0.02635600
v -0.01051200 0.06091400 0.00611000
v -0.01083200 0.06081400 0.02575800
v -0.00960400 0.06089500 0.02618200
v -0.01145700 0.05847200 0.00652900
v -0.01138800 0.05870300 0.02544700
v -0.01235000 0.05608200 0.00699200
v -0.01250100 0.05611100 0.02483800
v -0.01316900 0.05374000 0.00750500
v -0.01440300 0.05355100 0.00843200
v -0.01453000 0.05357300 0.02328700
v -0.01330000 0.05379000 0.02421800
v -0.01347600 0.05141300 0.00779600
v -0.01473600 0.05159000 0.00885200
v -0.01484100 0.05163700 0.02283800
v -0.01359400 0.05138200 0.02386100
v -0.01516200 0.04905200 0.00950300
v -0.01646500 0.04866200 0.01137700
v -0.01648600 0.04885800 0.02060000
v -0.01525400 0.04911200 0.02227600
v -0.01381400 0.04936400 0.02360300
v -0.01553600 0.04669100 0.01001900
v -0.01663600 0.04683300 0.01202500
v -0.01722000 0.04656600 0.01446600
v -0.01730900 0.04647100 0.01713700
v -0.01670900 0.04683000 0.01978900
v -0.01560200 0.04668100 0.02173200
v -0.01584000 0.04483700 0.01052700
v -0.01655200 0.04431600 0.01205900
v -0.01715900 0.04428900 0.01462400
v -0.01720200 0.04412900 0.01712400
v -0.01660700 0.04417500 0.01972000
v -0.01586000 0.04463200 0.02122500
v -0.01672900 0.04236400 0.01271600
v -0.01707700 0.04213600 0.01474200
v -0.01712300 0.04199600 0.01717300
v -0.01685000 0.04223900 0.01884600
v -0.05769000 -0.05880300 0.01032600
v -0.05832200 -0.05791500 0.01197800
v -0.05845700 -0.05765700 0.01454500
v -0.05837400 -0.05797400 0.01707900
v -0.05800800 -0.05849700 0.01926900
v -0.05932400 -0.06011600 0.00713500
v -0.05909800 -0.05905700 0.00936100
v -0.05946500 -0.05830500 0.01099500
v -0.05973500 -0.05824200 0.01816800
v -0.05911200 -0.05882900 0.02017900
v -0.05929300 -0.05978200 0.02233600
v -0.05890300 -0.06071700 0.02388500
v -0.06006700 -0.06226100 0.00468600
v -0.06018600 -0.06103100 0.00603700
v -0.06074600 -0.06047000 0.02341700
v -0.06010800 -0.06170400 0.02496800
v -0.06000800 -0.06303500 0.02641700
v -0.06116500 -0.06485200 0.00248900
v -0.06105900 -0.06360200 0.00346100
v -0.06096800 -0.06440500 0.02744200
v -0.06201400 -0.06676800 0.00151400
v -0.06206400 -0.06604100 0.02838000
v -0.06193000 -0.06717600 0.02893400
v -0.06254100 -0.06984000 0.00042600
v -0.06318700 -0.06880900 0.00092600
v -0.06305200 -0.06909500 0.02952800
v -0.06332300 -0.07169100 0.00031600
v -0.06455100 -0.07126300 0.00153000
v -0.06513800 -0.07153000 0.00437600
v -0.06538000 -0.07192400 0.00686300
v -0.06553900 -0.07205600 0.00898500
v -0.06554200 -0.07215700 0.01087600
v -0.06401200 -0.07147800 0.02968400
v -0.06384500 -0.07379200 0.00040500
v -0.06479600 -0.07386800 0.00170700
v -0.06523100 -0.07368100 0.00438400
v -0.06545100 -0.07371300 0.00703200
v -0.06558800 -0.07358800 0.00950900
v -0.06570700 -0.07370800 0.01198400
v -0.06581600 -0.07365900 0.01450300
v -0.06586800 -0.07385400 0.01713000
v -0.06589600 -0.07381600 0.01972100
v -0.06590600 -0.07378400 0.02207300
v -0.06594800 -0.07389200 0.02494200
v -0.06576800 -0.07368900 0.02739000
v -0.06475600 -0.07370900 0.02942300
v -0.06488500 -0.07598000 0.00244800
v -0.06520100 -0.07641700 0.00444500
v -0.06541200 -0.07639400 0.00691800
v -0.06556500 -0.07629900 0.00945500
v -0.06569200 -0.07621900 0.01200000
v -0.06580400 -0.07626600 0.01462700
v -0.06590200 -0.07631200 0.01713200
v -0.06594700 -0.07629100 0.01966200
v -0.06596400 -0.07617800 0.02233000
v -0.06596600 -0.07624900 0.02471200
v -0.06574500 -0.07632700 0.02740500
v -0.06507800 -0.07599200 0.02907100
v -0.06525700 -0.07805300 0.00553000
v -0.06538600 -0.07803600 0.00725800
v -0.06552900 -0.07815000 0.00934900
v -0.06570000 -0.07840600 0.01202900
v -0.06573900 -0.07846900 0.01463400
v -0.06583900 -0.07848400 0.01720000
v -0.06592700 -0.07866000 0.01977000
v -0.06595500 -0.07854900 0.02219700
v -0.06598300 -0.07863500 0.02477200
v -0.06589300 -0.07854700 0.02703800
v -0.00133100 0.09016500 0.00383000
v -0.00232800 0.08777700 0.00386900
v -0.00236100 0.08781700 0.02871700
v -0.00334400 0.08552700 0.00392400
v -0.00366600 0.08515200 0.02851900
v -0.00272700 0.08586300 0.02863500
v -0.00418000 0.08305800 0.00406100
v -0.00425300 0.08313400 0.02833100
v -0.00525200 0.08069000 0.00420600
v -0.00516700 0.08071000 0.02809900
v -0.00611400 0.07831600 0.00438100
v -0.00616000 0.07835200 0.02781900
v -0.00717900 0.07608100 0.00461400
v -0.00717900 0.07607000 0.02751800
v -0.00805900 0.07365000 0.00487600
v -0.00806300 0.07375400 0.02720200
v -0.00897000 0.07124700 0.00518300
v -0.00900000 0.07121000 0.02682900
v -0.00969200 0.06891000 0.00546500
v -0.01093400 0.06860100 0.00575300
v -0.01127200 0.06839700 0.02597300
v -0.00976700 0.06906200 0.02651000
v -0.00978100 0.06700900 0.00559300
v -0.01107900 0.06652900 0.00593600
v -0.01150800 0.06654100 0.02577600
v -0.01014500 0.06650300 0.02627300
v -0.01186700 0.06426700 0.00632700
v -0.01184300 0.06424900 0.02548400
v -0.01042000 0.06464700 0.02606400
v -0.01289100 0.06176600 0.00693500
v -0.01291600 0.06181700 0.02483600
v -0.01355200 0.05947500 0.00742700
v -0.01489700 0.05937700 0.00844500
v -0.01490300 0.05917100 0.02331000
v -0.01370000 0.05950100 0.02425000
v -0.01398200 0.05708200 0.00781900
v -0.01517900 0.05711600 0.00890700
v -0.01534900 0.05721200 0.02271200
v -0.01404500 0.05705200 0.02391800
v -0.01420600 0.05518900 0.00814500
v -0.01560200 0.05480900 0.00956300
v -0.01684000 0.05446700 0.01150500
v -0.01688700 0.05444300 0.02020400
v -0.01564900 0.05479900 0.02219500
v -0.01423000 0.05528500 0.02369700
v -0.01593700 0.05236400 0.01011700
v -0.01694500 0.05246100 0.01208200
v -0.01749900 0.05257000 0.01448000
v -0.01752500 0.05245900 0.01720900
v -0.01697300 0.05246100 0.01972900
v -0.01595400 0.05239000 0.02163900
v -0.01615400 0.05050700 0.01059200
v -0.01682500 0.04988600 0.01214300
v -0.01737100 0.04996600 0.01453200
v -0.01742900 0.04981400 0.01713000
v -0.01688700 0.04988900 0.01966900
v -0.01617600 0.05045200 0.02120700
v -0.01730100 0.04787700 0.01466800
v -0.01736700 0.04778600 0.01719100
v -0.01711700 0.04816200 0.01881300
v -0.06017400 -0.05776000 0.01277900
v -0.06038500 -0.05765600 0.01460600
v -0.06015500 -0.05774200 0.01636400
v -0.06168200 -0.05964500 0.00776400
v -0.06160700 -0.05865600 0.00945400
v -0.06147400 -0.05778200 0.01182800
v -0.06169400 -0.05747900 0.01453200
v -0.06135500 -0.05794900 0.01740800
v -0.06148100 -0.05862600 0.01965400
v -0.06147400 -0.05953000 0.02188400
v -0.06248000 -0.06195600 0.00519300
v -0.06256600 -0.06064700 0.00672600
v -0.06258700 -0.06016000 0.02271400
v -0.06258000 -0.06138000 0.02456400
v -0.06298300 -0.06465200 0.00287200
v -0.06338500 -0.06321200 0.00414100
v -0.06367500 -0.06243600 0.02578800
v -0.06353300 -0.06370000 0.02669400
v -0.06391800 -0.06612900 0.00236500
v -0.06491500 -0.06556700 0.00442000
v -0.06511000 -0.06572100 0.00685600
v -0.06531300 -0.06566100 0.00946500
v -0.06542600 -0.06577300 0.01190500
v -0.06548400 -0.06590900 0.01448400
v -0.06553400 -0.06592700 0.01722200
v -0.06561300 -0.06605000 0.01958400
v -0.06562000 -0.06608000 0.02213000
v -0.06553800 -0.06572600 0.02499700
v -0.06461100 -0.06576100 0.02730500
v -0.06401100 -0.06720400 0.02870900
v -0.06471300 -0.06832200 0.00225500
v -0.06508800 -0.06825800 0.00436900
v -0.06522000 -0.06820800 0.00684700
v -0.06539400 -0.06805500 0.00949500
v -0.06549600 -0.06815500 0.01200400
v -0.06554300 -0.06814700 0.01464000
v -0.06562700 -0.06805100 0.01712500
v -0.06568500 -0.06797600 0.01961300
v -0.06570500 -0.06809500 0.02214700
v -0.06572500 -0.06801600 0.02479000
v -0.06536400 -0.06818100 0.02734600
v -0.06457700 -0.06856800 0.02890200
v -0.06507500 -0.07032100 0.00240200
v -0.06511400 -0.07032400 0.00460200
v -0.06533700 -0.07058300 0.00680200
v -0.06551300 -0.07077000 0.00951700
v -0.06567600 -0.07076900 0.01214700
v -0.06575600 -0.07066700 0.01466600
v -0.06574100 -0.07066900 0.01709600
v -0.06575200 -0.07079000 0.01979800
v -0.06585400 -0.07086500 0.02226600
v -0.06578500 -0.07066800 0.02474100
v -0.06570200 -0.07069000 0.02736100
v -0.06522500 -0.07055900 0.02883900
v -0.06570700 -0.07228500 0.01278400
v -0.06574700 -0.07232400 0.01505000
v -0.06581900 -0.07246400 0.01716000
v -0.06584600 -0.07239800 0.01970000
v -0.06590600 -0.07243500 0.02214700
v -0.06590100 -0.07249900 0.02458300
v -0.06575100 -0.07233800 0.02718200
v -0.00470800 0.08883900 0.00369500
v -0.00531100 0.08855200 0.02851200
v -0.00418100 0.08890200 0.02866600
v -0.00568700 0.08639700 0.00385600
v -0.00562000 0.08642300 0.02834400
v -0.00655200 0.08408300 0.00405200
v -0.00660700 0.08411400 0.02804900
v -0.00758300 0.08169300 0.00430100
v -0.00752900 0.08175900 0.02776200
v -0.00855500 0.07934100 0.00457800
v -0.00853200 0.07929800 0.02739000
v -0.00945200 0.07694300 0.00490100
v -0.00943400 0.07701800 0.02699500
v -0.01047100 0.07465100 0.00527600
v -0.01197100 0.07410000 0.00572400
v -0.01038300 0.07456500 0.02655400
v -0.01073900 0.07232900 0.00548700
v -0.01195700 0.07216900 0.00584200
v -0.01208000 0.07206200 0.02580900
v -0.01087800 0.07239500 0.02628800
v -0.01094600 0.07045800 0.00564200
v -0.01238500 0.06984800 0.00613200
v -0.01243500 0.06981400 0.02551100
v -0.01119300 0.07053600 0.02610700
v -0.01332200 0.06748900 0.00678500
v -0.01323300 0.06756400 0.02497300
v -0.01417400 0.06518200 0.00748200
v -0.01538800 0.06490600 0.00850800
v -0.01541500 0.06475400 0.02317800
v -0.01409500 0.06523600 0.02429100
v -0.01442900 0.06273900 0.00780200
v -0.01569200 0.06273700 0.00900700
v -0.01577900 0.06291200 0.02258700
v -0.01449900 0.06286100 0.02385500
v -0.01463400 0.06093700 0.00808800
v -0.01596300 0.06044400 0.00956900
v -0.01721500 0.06028800 0.01171500
v -0.01718400 0.06034200 0.02020800
v -0.01601000 0.06040900 0.02210900
v -0.01472100 0.06092400 0.02359200
v -0.01630800 0.05793500 0.01017900
v -0.01720000 0.05801600 0.01204300
v -0.01778500 0.05824600 0.01467800
v -0.01783100 0.05826400 0.01718500
v -0.01726600 0.05815100 0.01973900
v -0.01627000 0.05811400 0.02164000
v -0.01647100 0.05641900 0.01050500
v -0.01715300 0.05564700 0.01223300
v -0.01766200 0.05554700 0.01466100
v -0.01768500 0.05563100 0.01717600
v -0.01718300 0.05557700 0.01951900
v -0.01653600 0.05621700 0.02110300
v -0.01758400 0.05376200 0.01476200
v -0.01762500 0.05377400 0.01695100
v -0.06354500 -0.05875600 0.00988300
v -0.06352100 -0.05808300 0.01208300
v -0.06374200 -0.05794600 0.01451500
v -0.06351200 -0.05823800 0.01705400
v -0.06352900 -0.05892400 0.01932300
v -0.06324700 -0.05938800 0.02099400
v -0.06439500 -0.06075900 0.00734600
v -0.06461900 -0.06008900 0.00935200
v -0.06490700 -0.06015200 0.01190900
v -0.06508500 -0.06010900 0.01457700
v -0.06493200 -0.06012900 0.01705900
v -0.06473900 -0.06019200 0.01972300
v -0.06448400 -0.06044100 0.02212100
v -0.06436200 -0.06123600 0.02394400
v -0.06494800 -0.06313800 0.00511700
v -0.06505800 -0.06279800 0.00689200
v -0.06520800 -0.06253300 0.00942500
v -0.06528000 -0.06271800 0.01218200
v -0.06535500 -0.06268500 0.01461700
v -0.06541000 -0.06259400 0.01714400
v -0.06543700 -0.06260900 0.01976700
v -0.06535200 -0.06273300 0.02232100
v -0.06507200 -0.06282000 0.02473900
v -0.06519000 -0.06423100 0.00682700
v -0.06528400 -0.06429300 0.00997200
v -0.06538500 -0.06442800 0.01204800
v -0.06544400 -0.06454900 0.01440400
v -0.06554000 -0.06448400 0.01735600
v -0.06562500 -0.06468300 0.01976100
v -0.06560600 -0.06467400 0.02217000
v -0.06543400 -0.06450500 0.02446900
v -0.00701000 0.08984000 0.00373400
v -0.00701800 0.08973600 0.02826200
v -0.00803500 0.08732000 0.00398400
v -0.00799200 0.08728500 0.02793700
v -0.00896400 0.08504700 0.00427500
v -0.00895300 0.08504300 0.02758700
v -0.00996100 0.08267500 0.00462900
v -0.00996900 0.08259400 0.02718200
v -0.01093800 0.08024000 0.00502300
v -0.01083800 0.08026300 0.02674400
v -0.01163400 0.07803300 0.00537100
v -0.01283700 0.07757400 0.00581000
v -0.01275300 0.07790300 0.02581300
v -0.01148600 0.07802700 0.02634800
v -0.01175000 0.07582200 0.00554500
v -0.01305400 0.07540400 0.00608000
v -0.01293200 0.07555700 0.02556400
v -0.01169400 0.07603600 0.02616600
v -0.01367700 0.07319400 0.00656400
v -0.01368800 0.07310600 0.02500100
v -0.01456000 0.07084100 0.00731600
v -0.01586800 0.07049200 0.00848200
v -0.01576700 0.07080600 0.02323900
v -0.01455500 0.07088900 0.02428700
v -0.01493600 0.06841400 0.00780700
v -0.01615000 0.06841200 0.00904700
v -0.01622600 0.06853200 0.02247700
v -0.01489100 0.06846200 0.02389000
v -0.01636000 0.06617800 0.00955200
v -0.01755700 0.06610500 0.01175300
v -0.01809800 0.06556400 0.01387200
v -0.01815400 0.06561900 0.01763300
v -0.01757000 0.06606100 0.01997500
v -0.01636200 0.06626200 0.02211600
v -0.01506800 0.06672700 0.02363900
v -0.01667700 0.06363700 0.01015400
v -0.01750600 0.06365300 0.01200300
v -0.01807100 0.06397300 0.01456400
v -0.01810000 0.06383700 0.01707600
v -0.01749400 0.06374500 0.01978400
v -0.01665800 0.06380700 0.02145900
v -0.01749500 0.06149500 0.01231800
v -0.01793900 0.06109300 0.01468000
v -0.01796000 0.06101200 0.01715000
v -0.01754200 0.06148800 0.01934700
v -0.01792600 0.05958900 0.01667200
v -0.01035700 0.08831900 0.00434900
v -0.01047400 0.08831200 0.02731000
v -0.01132400 0.08599000 0.00474000
v -0.01127300 0.08591300 0.02690600
v -0.01213800 0.08363500 0.00515100
v -0.01360000 0.08316700 0.00576000
v -0.01333100 0.08351900 0.02586400
v -0.01204700 0.08368600 0.02649900
v -0.01255400 0.08132400 0.00543900
v -0.01374300 0.08126700 0.00596600
v -0.01357900 0.08114500 0.02559800
v -0.01230400 0.08123400 0.02626100
v -0.01267300 0.07957300 0.00559200
v -0.01412800 0.07898000 0.00639300
v -0.01417000 0.07881100 0.02507600
v -0.01502300 0.07660800 0.00725900
v -0.01635300 0.07627300 0.00848300
v -0.01621000 0.07637400 0.02310500
v -0.01492400 0.07652200 0.02433400
v -0.01545700 0.07410200 0.00779400
v -0.01662800 0.07406700 0.00907300
v -0.01770600 0.07355900 0.01090900
v -0.01757400 0.07355200 0.02088200
v -0.01656300 0.07416500 0.02247200
v -0.01524200 0.07400400 0.02393100
v -0.01569600 0.07214100 0.00813100
v -0.01682300 0.07179900 0.00958300
v -0.01792000 0.07176600 0.01191400
v -0.01840700 0.07128600 0.01425900
v -0.01841900 0.07143800 0.01733300
v -0.01784300 0.07180900 0.01992400
v -0.01674900 0.07177600 0.02201100
v -0.01561300 0.07245800 0.02351700
v -0.01702500 0.06947900 0.01015700
v -0.01779600 0.06929600 0.01201100
v -0.01836200 0.06939400 0.01474300
v -0.01837400 0.06975500 0.01718300
v -0.01776900 0.06920200 0.01981500
v -0.01703200 0.06946700 0.02141800
v -0.01789200 0.06723700 0.01261000
v -0.01822600 0.06679200 0.01460900
v -0.01824600 0.06695200 0.01716900
v -0.01784200 0.06738700 0.01942400
v -0.01274500 0.08934000 0.00501600
v -0.01434400 0.08863800 0.00577200
v -0.01379100 0.08902900 0.02588900
v -0.01249900 0.08940700 0.02656800
v -0.01321500 0.08693200 0.00533600
v -0.01442100 0.08684900 0.00595100
v -0.01414500 0.08677100 0.02555200
v -0.01281400 0.08697100 0.02631200
v -0.01342400 0.08489500 0.00556900
v -0.01471300 0.08450200 0.00636800
v -0.01475000 0.08445800 0.02501200
v -0.01548000 0.08230600 0.00712100
v -0.01682300 0.08202100 0.00844100
v -0.01670400 0.08192600 0.02309100
v -0.01549400 0.08227100 0.02434300
v -0.01597300 0.07993100 0.00773300
v -0.01715700 0.07980600 0.00919300
v -0.01808200 0.07939300 0.01092100
v -0.01803200 0.07939000 0.02088900
v -0.01705200 0.07984600 0.02244300
v -0.01571000 0.07985500 0.02399900
v -0.01616900 0.07798800 0.00810100
v -0.01721700 0.07739000 0.00955800
v -0.01829000 0.07745300 0.01189000
v -0.01876600 0.07719700 0.01439600
v -0.01878600 0.07723300 0.01738900
v -0.01823000 0.07754400 0.01994600
v -0.01710700 0.07741300 0.02204500
v -0.01745400 0.07531700 0.01016000
v -0.01819000 0.07496300 0.01205500
v -0.01868700 0.07511200 0.01464900
v -0.01868100 0.07507100 0.01711600
v -0.01804100 0.07505400 0.01996400
v -0.01735500 0.07528200 0.02142400
v -0.01825300 0.07300300 0.01267100
v -0.01854800 0.07280400 0.01459100
v -0.01852000 0.07292300 0.01716100
v -0.01819100 0.07308300 0.01910400
v -0.01538300 0.09014700 0.00644400
v -0.01587200 0.08799800 0.00699300
v -0.01721300 0.08760100 0.00840600
v -0.01711000 0.08786000 0.02301600
v -0.01596700 0.08788400 0.02426700
v -0.01641400 0.08540500 0.00768900
v -0.01755900 0.08552800 0.00910900
v -0.01850700 0.08487500 0.01103800
v -0.01839600 0.08501300 0.02066900
v -0.01737800 0.08559700 0.02242200
v -0.01619100 0.08555900 0.02391800
v -0.01661500 0.08345400 0.00802100
v -0.01766600 0.08313100 0.00956800
v -0.01868400 0.08313800 0.01199100
v -0.01914100 0.08292300 0.01446100
v -0.01913700 0.08289500 0.01717300
v -0.01858300 0.08319300 0.01989800
v -0.01752100 0.08305100 0.02202500
v -0.01644200 0.08385100 0.02356400
v -0.01783700 0.08096300 0.01013800
v -0.01855100 0.08074000 0.01209300
v -0.01902800 0.08092000 0.01461500
v -0.01901200 0.08097100 0.01721500
v -0.01850000 0.08053600 0.01972600
v -0.01783000 0.08091000 0.02141900
v -0.01860000 0.07890200 0.01266400
v -0.01888000 0.07851500 0.01467800
v -0.01887300 0.07849900 0.01708100
v -0.01856700 0.07890300 0.01923200
v -0.01703100 0.08952100 0.00801800
v -0.01796500 0.08876800 0.00945100
v -0.01902500 0.08900200 0.01196800
v -0.01946100 0.08881400 0.01442900
v -0.01943600 0.08899300 0.01738900
v -0.01891700 0.08894400 0.01978800
v -0.01787600 0.08885000 0.02197000
v -0.01826500 0.08665300 0.01015600
v -0.01893700 0.08641300 0.01213500
v -0.01935000 0.08636700 0.01454000
v -0.01933400 0.08641400 0.01714300
v -0.01884100 0.08647700 0.01965500
v -0.01820800 0.08667400 0.02128600
v -0.01896800 0.08453700 0.01273200
v -0.01923400 0.08430600 0.01465100
v -0.01923400 0.08415000 0.01687400
v -0.01896800 0.08457400 0.01883400
v -0.01954800 0.09007600 0.01486800
v -0.01951700 0.09017300 0.01706900
v 0.01251600 0.09017300 0.01216100
v 0.01249900 0.09017300 0.01208600
v 0.01218300 0.09017300 0.01145300
v 0.01310600 0.09017300 0.01468300
v 0.01309200 0.09017300 0.01447300
v 0.01306000 0.09017300 0.01963000
v 0.01309100 0.09017300 0.01931500
v 0.01330400 0.09017300 0.01717600
v 0.01241000 0.09017300 0.02153200
v 0.01156200 0.09017300 0.01019900
v 0.01148100 0.09017300 0.01005800
v 0.01137800 0.09017300 0.00992200
v 0.01050600 0.09017300 0.00871800
v 0.01213500 0.09017300 0.02233600
v 0.01134500 0.09017300 0.02367100
v 0.01129200 0.09017300 0.02374900
v 0.01033700 0.09017300 0.02489100
v 0.00998800 0.09017300 0.02527200
v 0.00976000 0.09017300 0.00796300
v 0.00921700 0.09017300 0.00748900
v 0.00809200 0.09017300 0.00674300
v 0.00726500 0.09017300 0.00616900
v 0.00874400 0.09017300 0.02632600
v 0.00942400 0.09017300 0.02570200
v 0.00809100 0.09017300 0.02669700
v 0.00681600 0.09017300 0.02731400
v 0.00688200 0.09017300 0.00596500
v 0.00590000 0.09017300 0.00550900
v 0.00517800 0.09017300 0.00526500
v 0.00638400 0.09017300 0.02749000
v 0.00443600 0.09017300 0.00502000
v 0.00541300 0.09017300 0.02778500
v 0.00409700 0.09017300 0.02816900
v 0.00413600 0.09017300 0.00493000
v 0.00253000 0.09017300 0.00450100
v 0.00357300 0.09017300 0.02825400
v 0.00213200 0.09017300 0.02850700
v 0.00134200 0.09017300 0.00423500
v -0.00131200 0.09017300 0.00383300
v -0.00132800 0.09017300 0.00383000
v 0.00074600 0.09017300 0.02868000
v 0.00128000 0.09017300 0.02860500
v -0.00119200 0.09017300 0.02879700
v -0.00137100 0.09017300 0.02880800
v -0.00144000 0.09017300 0.02880900
v -0.00135100 0.09017300 0.00382800
v -0.00413800 0.09017300 0.00364800
v -0.00159900 0.09017300 0.02880300
v -0.00389500 0.09017300 0.02873700
v -0.00527000 0.09017300 0.00363900
v -0.00428400 0.09017300 0.02868800
v -0.00596800 0.09017300 0.02842800
v -0.00693400 0.09017300 0.02829000
v -0.00687700 0.09017300 0.00370800
v -0.00796100 0.09017300 0.00384500
v -0.00814000 0.09017300 0.02800800
v -0.00961600 0.09017300 0.00408600
v -0.00966500 0.09017300 0.02762600
v -0.01067500 0.09017300 0.00439400
v -0.01241000 0.09017300 0.00484800
v -0.01066200 0.09017300 0.02725600
v -0.01227600 0.09017300 0.02670100
v -0.01299800 0.09017300 0.00507900
v -0.01268900 0.09017300 0.02650800
v -0.01363100 0.09017300 0.00535300
v -0.01529000 0.09017300 0.00638000
v -0.01507600 0.09017300 0.02509500
v -0.01514300 0.09017300 0.02505800
v -0.01517100 0.09017300 0.02504000
v -0.01319900 0.09017300 0.02628200
v -0.01519100 0.09017300 0.02502500
v -0.01537800 0.09017300 0.00643900
v -0.01541200 0.09017300 0.00646800
v -0.01689700 0.09017300 0.00782200
v -0.01520600 0.09017300 0.02500800
v -0.01676900 0.09017300 0.02362700
v -0.01714800 0.09017300 0.02308300
v -0.01741700 0.09017300 0.00853400
v -0.01891400 0.09017300 0.01140100
v -0.01854700 0.09017300 0.01067600
v -0.01803200 0.09017300 0.00943900
v -0.01926200 0.09017300 0.01260700
v -0.01831700 0.09017300 0.02110800
v -0.01882600 0.09017300 0.02021500
v -0.01899800 0.09017300 0.01968400
v -0.01782100 0.09017300 0.02215200
v -0.01932200 0.09017300 0.01292800
v -0.01946600 0.09017300 0.01415200
v -0.01918500 0.09017300 0.01908600
v -0.01955000 0.09017300 0.01496900
v -0.01955000 0.09017300 0.01485100
v -0.00334600 0.09017300 0.01610200
vn 0.71007128 0.63764540 -0.29867561
vn 0.81241973 0.58142628 -0.04379112
vn 0.83049115 0.55700135 0.00582718
vn 0.75151894 0.50871894 0.42002896
vn 0.70281037 0.34908802 -0.61983476
vn 0.89744444 0.42279103 -0.12586192
vn 0.92224542 0.38508837 0.03420998
vn 0.92825867 0.35176267 0.12082576
vn 0.87627233 0.30421777 0.37362862
vn 0.57007810 0.01754200 -0.82140321
vn 0.86924373 0.36189867 -0.33681552
vn 0.96516541 -0.01114181 -0.26140310
vn 0.96961988 -0.24455754 -0.00537634
vn 0.95954198 -0.27685903 0.05126665
vn 0.75303295 -0.04174077 0.65665751
vn 0.63127352 -0.19570563 -0.75046189
vn 0.91486123 -0.39672727 -0.07507596
vn 0.91115063 -0.41093017 0.03067452
vn 0.92183639 -0.38170454 0.06722577
vn 0.96071792 -0.16722229 0.22148990
vn 0.85814226 0.12443552 0.49810407
vn 0.29557658 -0.41426806 -0.86082313
vn 0.74112348 -0.50442828 -0.44304412
vn 0.86910883 -0.49302784 -0.03966584
vn 0.86456347 -0.50251560 0.00284363
vn 0.86286122 -0.50358943 0.04322268
vn 0.85147579 -0.22421275 0.47404389
vn 0.69509661 0.30721413 0.64996937
vn 0.64507401 -0.32283813 -0.69257134
vn 0.86685381 -0.49746728 -0.03302695
vn 0.86872245 -0.49449142 0.02827624
vn 0.86551913 -0.49800862 0.05351682
vn 0.85441212 -0.50448312 0.12440545
vn 0.66213766 -0.64841548 0.37567418
vn 0.73843364 -0.50044405 -0.45196407
vn 0.84649100 -0.53195790 -0.02176620
vn 0.84633733 -0.53260965 0.00633150
vn 0.84369282 -0.53552996 0.03728375
vn 0.70672580 -0.61195370 0.35503705
vn 0.56051353 -0.58808218 -0.58308141
vn 0.77352993 -0.63354566 -0.01647252
vn 0.83880936 -0.54442415 -0.00110051
vn 0.85428452 -0.51630740 0.06020483
vn 0.81862393 -0.57390084 0.02219640
vn 0.65299975 -0.70886158 -0.26665819
vn 0.81782098 -0.57220222 -0.06126552
vn 0.83027097 -0.55734201 0.00447281
vn 0.83297224 -0.55220579 0.03501437
vn 0.10458810 0.88400988 -0.45561811
vn 0.08365094 0.99502708 -0.05407053
vn 0.01713510 0.99941996 -0.02943028
vn -0.04756249 0.86551922 0.49861236
vn -0.15018888 0.72393673 -0.67331932
vn -0.11990829 0.96001355 -0.25297426
vn 0.01228129 0.99992450 -0.00041660
vn 0.09037128 0.99258363 0.08130665
vn 0.38268950 0.86792771 0.31662317
vn 0.09951199 0.85583306 0.50758954
vn 0.04250950 0.55113194 -0.83333458
vn 0.02066334 0.84754970 -0.53031362
vn -0.02454501 0.97158914 -0.23539771
vn -0.26901969 0.96307748 -0.01049644
vn -0.50385195 0.84754787 0.16672079
vn -0.40798889 0.66317628 0.62748887
vn 0.26303756 -0.21437515 0.94066707
vn -0.31459724 0.32715742 -0.89106487
vn -0.57115037 0.66577342 -0.48013853
vn -0.55590727 0.82941803 -0.05507127
vn -0.44567902 0.89517642 -0.00542062
vn -0.33499014 0.91911519 0.20738579
vn 0.19029780 0.55695020 0.80845112
vn -0.28968587 0.16914031 -0.94205820
vn -0.13128896 0.04245396 -0.99043469
vn -0.43839430 0.50505993 0.74345471
vn -0.03964843 0.57424499 0.81772287
vn -0.42309017 0.10459797 -0.90002999
vn -0.59084094 0.25930514 -0.76398156
vn 0.84833885 -0.44146013 0.29229121
vn 0.33538052 -0.26545053 0.90391146
vn 0.06495512 -0.23019055 -0.97097536
vn -0.42678222 -0.00922647 0.90430736
vn -0.25829352 -0.55260281 0.79241062
vn 0.16189175 0.30017950 -0.94004432
vn 0.78401824 -0.50684913 -0.35835648
vn 0.84593010 -0.53303527 -0.01660284
vn 0.84821975 -0.52600482 0.06198539
vn 0.82116305 -0.53798285 0.19043557
vn 0.47549271 -0.30231585 0.82614273
vn 0.40733641 -0.43141719 -0.80495730
vn 0.83017090 -0.53920076 -0.14169974
vn 0.82796229 -0.56070438 0.00943593
vn 0.83266504 -0.55199289 0.04441605
vn 0.78134052 -0.34736970 0.51849907
vn 0.48394305 0.44625695 0.75276415
vn 0.46806981 -0.16961446 -0.86726097
vn 0.85533389 -0.48565765 -0.18039011
vn 0.83310893 -0.55264376 0.02268014
vn 0.82889173 -0.55608983 0.06084905
vn 0.82066325 -0.54324609 0.17718780
vn 0.54428334 -0.37478656 0.75052693
vn 0.56885564 -0.42082383 -0.70661911
vn 0.83286407 -0.53993774 -0.12167450
vn 0.83323748 -0.55279332 0.01161207
vn 0.83146833 -0.55471407 0.03086621
vn 0.83638166 -0.49783906 0.22939483
vn 0.47099767 -0.14952370 0.86936981
vn 0.54106078 -0.26942743 -0.79665682
vn 0.82940387 -0.54697973 -0.11358876
vn 0.82501471 -0.56447563 0.02679531
vn 0.82240515 -0.56551969 0.06194558
vn 0.81841286 -0.55515545 0.14833344
vn 0.58256691 -0.43612026 0.68586800
vn 0.58461351 -0.41728520 -0.69577303
vn 0.82749242 -0.55331475 -0.09538910
vn 0.82165534 -0.56964645 0.01963210
vn 0.82043014 -0.57112850 0.02658239
vn 0.82459019 -0.55381172 0.11551448
vn 0.54635300 -0.25639535 0.79734548
vn 0.63288942 -0.35136462 -0.68992310
vn 0.82191189 -0.56798315 -0.04308107
vn 0.81255512 -0.58222174 0.02778524
vn 0.81744996 -0.57337255 0.05494987
vn 0.82147828 -0.55455403 0.13282793
vn 0.60638040 -0.41916896 0.67572198
vn 0.62097774 -0.46087804 -0.63401741
vn 0.81571466 -0.57474662 -0.06539047
vn 0.81952659 -0.57268092 0.02031558
vn 0.81715407 -0.57574231 0.02792890
vn 0.81042945 -0.58246304 0.06277671
vn 0.62776846 -0.40356051 0.66561677
vn 0.66593030 -0.51843072 -0.53643864
vn 0.79903552 -0.60018452 -0.03634252
vn 0.81402576 -0.58038024 0.02282192
vn 0.81643194 -0.57568213 0.04504401
vn 0.78053764 -0.60063288 0.17320837
vn 0.55746989 -0.63757329 0.53172138
vn 0.51687055 -0.71287257 -0.47398052
vn 0.76534546 -0.62402976 -0.15758548
vn 0.81734189 -0.57581463 0.01974215
vn 0.81525516 -0.57775933 0.03941045
vn 0.80888932 -0.58566407 0.05191980
vn 0.66675335 -0.63350108 0.39257655
vn -0.53347371 0.73538325 -0.41787231
vn -0.58991018 0.80643581 -0.04083211
vn -0.66724419 0.74355385 0.04373640
vn -0.70744843 0.67688765 0.20332199
vn -0.70587979 0.66787192 -0.23596785
vn -0.73249418 0.67760980 -0.06555328
vn -0.65890687 0.75031694 -0.05353714
vn -0.59509224 0.79840418 0.09173873
vn -0.38982352 0.75993849 0.52012606
vn -0.67585239 0.52994808 -0.51222904
vn -0.78589932 0.61806833 -0.01880963
vn -0.77942033 0.62446783 0.05043675
vn -0.72568483 0.65613942 0.20703281
vn -0.55176425 0.73392990 0.39610998
vn -0.73038866 0.57161625 -0.37388135
vn -0.74483879 0.64993143 -0.15101095
vn -0.74275189 0.66575064 -0.07138430
vn -0.75464017 0.65228999 0.07096460
vn -0.54232563 0.40907483 0.73385332
vn -0.62393569 0.36124241 -0.69297055
vn -0.75191235 0.65650100 -0.06028479
vn -0.74646831 0.66434283 0.03786371
vn -0.73031232 0.65719911 0.18636856
vn -0.62741035 0.53952259 0.56149054
vn -0.38129064 0.52530621 -0.76070417
vn -0.59289850 0.59288209 -0.54494238
vn -0.72498905 0.66337749 -0.18525978
vn -0.75177637 0.65781834 -0.04590566
vn -0.74220455 0.66431680 0.08840583
vn -0.41392210 0.41267853 0.81139690
vn -0.39415979 0.33882230 -0.85430528
vn -0.70858756 0.69698466 -0.11007300
vn -0.71521287 0.69796255 0.03631568
vn -0.71106782 0.66466771 0.22934557
vn -0.45937716 0.57266833 0.67898719
vn -0.37982569 0.52000663 0.76506571
vn -0.38208194 0.36509323 -0.84895249
vn -0.56543166 0.58556636 -0.58086064
vn -0.64749034 0.69109722 -0.32115556
vn -0.12623386 0.04538254 0.99096188
vn -0.10906491 0.04775287 -0.99288696
vn -0.54000588 0.47072294 0.69772026
vn -0.36841773 0.37445203 0.85091365
vn -0.32536531 0.32611881 -0.88757193
vn -0.48527171 0.46181574 -0.74245376
vn 0.00278430 -0.05237970 0.99862336
vn 0.03014873 -0.08073043 -0.99627991
vn -0.53824468 0.47327005 0.69735796
vn -0.35179657 0.33548786 0.87389191
vn -0.21446564 0.28680939 -0.93367278
vn 0.09482881 -0.12469019 0.98765371
vn 0.11978682 -0.14610256 -0.98199041
vn -0.47306347 0.52417719 0.70813080
vn -0.19839596 0.21806758 0.95555511
vn -0.01761138 0.07684332 -0.99688763
vn 0.81282890 -0.58186307 0.02728643
vn 0.80863591 -0.58536908 0.05874522
vn 0.77268193 -0.52375914 0.35866279
vn 0.32841076 -0.37524830 0.86679587
vn 0.31182939 -0.37430206 -0.87330430
vn 0.78172003 -0.55561600 -0.28320426
vn 0.81539722 -0.57843952 0.02313224
vn 0.81397426 -0.57913897 0.04521027
vn 0.77754927 -0.60480960 0.17211181
vn 0.26227170 -0.25108944 0.93175514
vn 0.46826556 -0.32195742 -0.82284311
vn 0.81186012 -0.57564491 -0.09755040
vn 0.80918594 -0.58719191 0.02058591
vn 0.80631619 -0.58912468 0.05278553
vn 0.77039396 -0.56387134 0.29756050
vn 0.44000671 -0.33906188 0.83152338
vn 0.50370977 -0.37723334 -0.77715601
vn 0.79702532 -0.55552071 -0.23695439
vn 0.81205137 -0.58317412 0.02192062
vn 0.80806951 -0.58711416 0.04817297
vn 0.81094735 -0.56269799 0.16042245
vn 0.51070953 -0.24368479 0.82449590
vn 0.59412662 -0.35765406 -0.72048396
vn 0.80098982 -0.59615170 -0.05494053
vn 0.80168277 -0.59740658 0.02025132
vn 0.80124725 -0.59586272 0.05431817
vn 0.77663429 -0.57640706 0.25415365
vn 0.48195486 -0.37098490 0.79378191
vn 0.44829923 -0.38823304 -0.80517259
vn 0.76728600 -0.59239256 -0.24564861
vn 0.79877519 -0.60145198 0.01461883
vn 0.79879269 -0.59924816 0.05321534
vn 0.79529975 -0.59687028 0.10603861
vn 0.61562562 -0.31704370 0.72144881
vn 0.67620751 -0.42867565 -0.59914989
vn 0.80275435 -0.59595361 -0.02060957
vn 0.79388288 -0.60769076 0.02149220
vn 0.78900661 -0.61105320 0.06389483
vn 0.69826039 -0.62763629 0.34424573
vn 0.34213731 -0.65511063 0.67362609
vn 0.36768628 -0.55059413 -0.74943506
vn 0.71384273 -0.60822300 -0.34712150
vn 0.79352952 -0.60851336 0.00473245
vn 0.79104909 -0.60918789 0.05595932
vn 0.79693232 -0.59967355 0.07273587
vn 0.70406150 -0.50632430 0.49792881
vn 0.55131667 -0.71144930 -0.43576350
vn 0.78319476 -0.62176137 0.00433086
vn 0.78272610 -0.62198628 0.02174678
vn 0.77867076 -0.62429134 0.06270699
vn 0.78445554 -0.61284726 0.09511966
vn 0.66916184 -0.71536647 -0.20117962
vn 0.76733060 -0.64092387 -0.02050228
vn 0.78160427 -0.62166549 0.05125209
vn 0.79051449 -0.61004332 0.05416628
vn 0.75463231 -0.64361408 0.12763618
vn -0.54018044 0.82763924 0.15237580
vn -0.69600402 0.71701223 0.03836479
vn -0.60839047 0.71039700 0.35383207
vn -0.62720176 0.61693509 -0.47540409
vn -0.71652617 0.69600284 -0.04658650
vn -0.70850998 0.70505402 0.03020653
vn -0.64813330 0.74354326 0.16451944
vn -0.52807975 0.75876195 0.38132935
vn -0.60037234 0.71177197 -0.36460075
vn -0.68956340 0.71312862 -0.12629288
vn -0.72471854 0.68894965 -0.01146365
vn -0.75755931 0.65017857 0.05806655
vn -0.66157199 0.44168561 0.60600026
vn -0.59137125 0.51271966 -0.62241352
vn -0.72097940 0.68416474 -0.11003323
vn -0.70948968 0.70467453 0.00762934
vn -0.69530602 0.70175051 0.15522811
vn -0.64195756 0.55872686 0.52508551
vn -0.64590326 0.58439520 -0.49121404
vn -0.71147570 0.69451976 -0.10697957
vn -0.72774756 0.68522853 0.02907470
vn -0.70284479 0.70173952 0.11649398
vn -0.52651895 0.43442800 0.73078731
vn -0.45376384 0.45562473 -0.76583580
vn -0.68748291 0.71302907 -0.13768364
vn -0.70325727 0.71091904 0.00482945
vn -0.68459171 0.69146146 0.23068429
vn -0.60045293 0.51936452 0.60804340
vn -0.42402557 0.48837845 -0.76268526
vn -0.53301657 0.57839144 -0.61754083
vn -0.69478897 0.70294071 -0.15212706
vn -0.65317447 0.75717261 -0.00726258
vn -0.63498317 0.75268333 0.17396603
vn -0.32563092 0.31147281 0.89272011
vn -0.21655589 0.10453048 -0.97065799
vn -0.47521192 0.52969327 0.70256578
vn -0.45612911 0.42980774 0.77923780
vn -0.39996874 0.40852326 -0.82044729
vn -0.43938300 0.47148151 -0.76462263
vn -0.07629791 0.00870665 0.99704705
vn -0.07882444 0.01986595 -0.99669055
vn -0.49569689 0.45478588 0.73990162
vn -0.38966833 0.38182987 0.83807192
vn -0.31287941 0.33166991 -0.89000087
vn -0.42777991 0.44490573 -0.78680572
vn -0.02302513 -0.05436094 0.99825584
vn 0.01883130 -0.09265495 -0.99552019
vn -0.47936374 0.47449292 0.73828644
vn -0.28878113 0.34516174 0.89301111
vn -0.17814977 0.27446050 -0.94495190
vn 0.01014831 -0.06990379 0.99750212
vn 0.05068656 -0.14873441 -0.98757731
vn -0.21263644 0.32756760 0.92058960
vn -0.04590542 0.15957072 -0.98611859
vn 0.17166279 -0.25669074 0.95112657
vn 0.15751367 -0.23971899 -0.95797925
vn 0.42054889 -0.34118853 -0.84067177
vn 0.20874912 0.18532351 0.96024945
vn 0.41734322 -0.18717457 -0.88926392
vn 0.74314966 -0.66026224 -0.10854655
vn 0.77423778 -0.63235694 0.02608780
vn 0.77253261 -0.63059473 0.07445573
vn 0.69980237 -0.56254633 0.44024796
vn 0.31826959 -0.27091490 0.90846551
vn 0.22312860 -0.28286612 -0.93284532
vn 0.56279531 -0.58833512 -0.58062314
vn 0.77458188 -0.63008648 -0.05489943
vn 0.77273240 -0.63289801 0.04821561
vn 0.77686573 -0.62362619 0.08700580
vn 0.77299662 -0.49796297 0.39307646
vn 0.94218713 0.18327943 0.28052107
vn 0.86526069 -0.39124860 -0.31344612
vn 0.80008747 -0.59709910 -0.05772955
vn 0.77001355 -0.63760956 0.02309052
vn 0.77469301 -0.62779164 0.07568618
vn 0.64567999 -0.58208808 0.49423762
vn 0.17021311 -0.51485043 0.84021219
vn 0.61308920 -0.54547321 -0.57147232
vn 0.76812737 -0.63721554 -0.06274312
vn 0.77010146 -0.63586738 0.05115090
vn 0.76547254 -0.64010095 0.06574614
vn 0.79368954 -0.57391666 0.20168436
vn 0.87067068 -0.48987303 0.04423783
vn 0.78409269 -0.60011290 -0.15831349
vn 0.76711495 -0.64147522 0.00664739
vn 0.76761172 -0.64050364 0.02296387
vn 0.76184913 -0.64272662 0.08055057
vn 0.66422474 -0.59735976 0.44940717
vn 0.66319928 -0.55278502 -0.50457451
vn 0.77255155 -0.63463803 -0.01996679
vn 0.76201197 -0.64535089 0.05347877
vn 0.76359006 -0.64269148 0.06227264
vn 0.76090143 -0.63763410 0.12021554
vn 0.72693675 -0.65958711 0.19107014
vn 0.74706622 -0.65558557 -0.10999833
vn 0.75582399 -0.65472375 0.00817980
vn 0.75393070 -0.65647357 0.02511854
vn 0.75254143 -0.65460156 0.07195973
vn 0.66074488 -0.66517396 0.34779275
vn 0.52385151 -0.79186988 -0.31388167
vn 0.71572395 -0.69638787 -0.05275563
vn 0.75215328 -0.65724714 0.04787122
vn 0.75339845 -0.65466159 0.06171690
vn 0.75732172 -0.64990356 0.06394668
vn -0.53976425 0.80024458 -0.26127219
vn -0.67058923 0.73853455 -0.06983414
vn -0.69401386 0.71995995 -0.00155893
vn -0.64010793 0.72841504 0.24428134
vn -0.53711450 0.77161299 -0.34076591
vn -0.63221734 0.76676088 -0.11126088
vn -0.66631206 0.74520159 -0.02651108
vn -0.62417510 0.75899053 0.18530735
vn -0.45830345 0.62940731 0.62753836
vn -0.58118634 0.50464401 -0.63840180
vn -0.68097113 0.72804008 -0.07896806
vn -0.67616883 0.73656913 -0.01617501
vn -0.68317594 0.72019455 0.12079094
vn -0.53180946 0.64448723 0.54937684
vn -0.62065504 0.59790639 -0.50724281
vn -0.67269255 0.73433962 -0.09071963
vn -0.66579803 0.74612662 -0.00283545
vn -0.70689088 0.67669649 0.20588139
vn -0.52685559 0.38661947 0.75693366
vn -0.45875435 0.39848365 -0.79420100
vn -0.67794572 0.71269955 -0.18013589
vn -0.66932858 0.74276464 -0.01731902
vn -0.64710662 0.72966397 0.22100570
vn -0.51600583 0.53829126 0.66631862
vn -0.41621226 0.41624542 -0.80839786
vn -0.50468786 0.56996273 -0.64840778
vn -0.66865472 0.72814361 -0.15069093
vn -0.68079434 0.73245060 0.00593208
vn -0.64483862 0.64997846 0.40213327
vn -0.35005079 0.30040778 0.88725397
vn -0.26267582 0.22750965 -0.93767839
vn -0.37396501 0.41366521 0.83007907
vn -0.38564376 0.42165428 -0.82066227
vn -0.42725040 0.45648383 -0.78043552
vn -0.07528826 0.02641548 0.99681187
vn -0.09836177 -0.00251364 -0.99514755
vn -0.41896140 0.42055716 0.80473786
vn -0.47128701 0.47733258 0.74164827
vn -0.36217987 0.42499083 -0.82958335
vn -0.38778344 0.45520870 -0.80150423
vn -0.02455537 -0.01143830 0.99963303
vn -0.01781890 -0.04116805 -0.99899333
vn -0.43807803 0.48008970 0.76000100
vn -0.42108064 0.60905188 0.67212119
vn -0.09907472 0.66930044 0.73635666
vn -0.31115672 0.48329748 -0.81829398
vn 0.00375120 -0.06212980 0.99806103
vn 0.03808989 -0.10494985 -0.99374780
vn -0.55971354 0.61448959 0.55598857
vn -0.44167176 0.89715989 0.00549543
vn -0.49024538 0.52424303 -0.69629642
vn 0.36144187 -0.20346748 0.90992349
vn 0.08130732 -0.11871651 0.98959361
vn 0.11221526 -0.16554882 -0.97979657
vn 0.32452982 -0.20283903 -0.92387051
vn -0.48117092 0.74661879 0.45938538
vn -0.49818791 0.86706908 0.00012260
vn 0.33625513 -0.33664471 0.87954695
vn 0.05068753 -0.07178851 0.99613111
vn 0.08269336 -0.19504285 -0.97730246
vn 0.24091931 -0.29932081 -0.92323612
vn 0.59076635 -0.76838306 0.24613530
vn 0.75481592 -0.63745045 -0.15462813
vn 0.75332954 -0.65747310 -0.01495748
vn 0.75481864 -0.65551892 0.02331863
vn 0.71674072 -0.67954082 0.15654720
vn 0.46017073 -0.52928598 0.71281081
vn 0.09021436 -0.21934239 0.97146811
vn 0.43508378 -0.53605368 -0.72342834
vn 0.73185294 -0.66660035 -0.14154591
vn 0.74279515 -0.66779142 0.04806229
vn 0.74429913 -0.66508276 0.06069369
vn 0.74544980 -0.65677924 0.11377884
vn 0.79850321 -0.59805135 0.06875476
vn 0.76953475 -0.63467446 -0.07074321
vn 0.75388696 -0.65680270 0.01626852
vn 0.75626529 -0.65369289 0.02735727
vn 0.75355229 -0.64384480 0.13275099
vn 0.59418206 -0.51617831 0.61685300
vn 0.58814742 -0.52432090 -0.61576798
vn 0.74882003 -0.65566236 -0.09682683
vn 0.73628739 -0.67530344 0.04296672
vn 0.73988276 -0.67014507 0.05898375
vn 0.74556704 -0.66139223 0.08179309
vn 0.77302632 -0.63347338 0.03379042
vn 0.75073756 -0.66046738 -0.01326500
vn 0.74635197 -0.66544696 0.01179330
vn 0.74419708 -0.66742763 0.02666585
vn 0.74867342 -0.65727833 0.08644830
vn 0.60608057 -0.54050369 0.58354272
vn 0.59381059 -0.56373620 -0.57409971
vn 0.73364291 -0.67915410 -0.02275487
vn 0.72761607 -0.68501472 0.03646495
vn 0.72901253 -0.68236356 0.05404354
vn 0.73375849 -0.67664410 0.06124739
vn 0.74622305 -0.66511570 0.02778964
vn 0.73642127 -0.67650599 0.00483190
vn 0.73242305 -0.68067670 0.01535264
vn 0.73945636 -0.67273307 0.02518969
vn 0.71001031 -0.69548845 0.11036841
vn 0.57166201 -0.69172100 0.44127611
vn 0.54557141 -0.75436170 -0.36508939
vn 0.67399377 -0.73753673 -0.04209481
vn 0.72033378 -0.69278286 0.03422207
vn -0.69183652 0.71097539 0.12600091
vn -0.68880818 0.71856846 -0.09593046
vn -0.64662580 0.74036490 0.18367058
vn -0.48663840 0.79684150 -0.35808755
vn -0.59769695 0.79618616 -0.09405292
vn -0.68635923 0.72659034 0.03126470
vn -0.67341128 0.68329812 0.28217179
vn -0.38180553 0.69254967 -0.61204534
vn -0.65612275 0.72764846 -0.20007663
vn -0.69728125 0.71634659 -0.02542506
vn -0.68511584 0.71920441 0.11559111
vn -0.55443785 0.59727408 0.57953632
vn -0.62556029 0.59183741 -0.50833335
vn -0.69265361 0.71561646 -0.09013357
vn -0.68030886 0.72977442 0.06789071
vn -0.66047440 0.70429087 0.26028432
vn -0.41565400 0.40433256 0.81470665
vn -0.47395565 0.32558810 -0.81814328
vn -0.69364986 0.65888098 -0.29107683
vn -0.65411274 0.75456274 -0.05264594
vn -0.58856738 0.80272073 0.09606175
vn -0.42002281 0.57596614 0.70131579
vn -0.39128995 0.40778603 -0.82498650
vn -0.47337768 0.59467084 -0.64983087
vn -0.65968709 0.74209699 -0.11876446
vn -0.66666726 0.74323236 0.05621767
vn -0.60769019 0.70414369 0.36727958
vn -0.29816307 0.29523104 0.90770998
vn -0.26444267 0.28701658 -0.92070166
vn -0.59630721 0.70942504 -0.37567782
vn -0.62580431 0.77764855 -0.06026363
vn -0.33148224 0.37828914 0.86430137
vn -0.38150651 0.44708874 -0.80905157
vn -0.38776777 0.41088073 -0.82511404
vn -0.08334602 0.03830847 0.99578406
vn -0.10970615 0.02281352 -0.99370222
vn -0.36379457 0.45292391 0.81394929
vn -0.46435522 0.50895905 0.72479991
vn -0.41945768 0.51210255 -0.74953735
vn -0.41229867 0.43184576 -0.80219639
vn -0.03567033 -0.01814021 0.99919896
vn -0.03774979 -0.01957022 -0.99909557
vn -0.39337114 0.49619674 0.77398188
vn -0.52223454 0.65095557 0.55093369
vn -0.49074193 0.86264107 -0.12256728
vn -0.43534929 0.57294067 -0.69441341
vn -0.00276393 -0.03507393 0.99938090
vn 0.01504261 -0.09026779 -0.99580392
vn 0.11097770 -0.15203368 -0.98212510
vn -0.56366432 0.62742027 0.53723956
vn -0.68474813 0.70859794 -0.17032016
vn -0.48783441 0.56822772 -0.66267250
vn 0.09941764 -0.16416581 0.98141007
vn 0.01027386 -0.06084846 0.99809414
vn -0.01331786 -0.08265523 -0.99648921
vn 0.08941858 -0.19145172 -0.97742036
vn -0.48537474 0.76112710 0.43022889
vn -0.57345818 0.81665891 -0.06491491
vn 0.14506713 -0.18745103 0.97150277
vn 0.01162524 -0.07812027 0.99687616
vn 0.13185172 -0.26701517 -0.95462978
vn 0.22606714 -0.24038783 0.94398482
vn 0.18313329 -0.29748176 -0.93699883
vn 0.72560014 -0.68599420 0.05400360
vn 0.73011389 -0.68268613 0.02955257
vn 0.72267426 -0.69110126 0.01099877
vn 0.72530540 -0.68834921 0.01036536
vn 0.73139736 -0.68141034 0.02716334
vn 0.73041920 -0.65980600 0.17647614
vn 0.45536988 -0.48963105 0.74357226
vn 0.40003809 -0.53882923 -0.74137210
vn 0.69637588 -0.70444789 -0.13716342
vn 0.70876048 -0.70464136 0.03375118
vn 0.71338006 -0.69905110 0.04915732
vn 0.71691252 -0.69539444 0.04962876
vn 0.71939526 -0.69377286 0.03390681
vn 0.72003779 -0.69382256 0.01248315
vn 0.71608588 -0.69790570 0.01219220
vn 0.70957649 -0.70403838 0.02883004
vn 0.71752417 -0.68836304 0.10637383
vn 0.54228317 -0.53862644 0.64483372
vn 0.47579067 -0.57758264 -0.66334118
vn 0.68334566 -0.71942949 -0.12433791
vn 0.69271061 -0.72066275 0.02823489
vn 0.69687517 -0.71590561 0.04294364
vn 0.69837871 -0.71406684 0.04874141
vn 0.69805674 -0.71545639 0.02896451
vn 0.69865749 -0.71532247 0.01383708
vn 0.69457530 -0.71910565 0.02126562
vn 0.69373834 -0.71974321 0.02639768
vn 0.66901481 -0.73185123 0.12966479
vn 0.40347893 -0.77870963 0.48043320
vn 0.41335884 -0.68191669 -0.60342697
vn 0.60861859 -0.76941331 -0.19387256
vn 0.67373694 -0.73862786 0.02252583
vn 0.67990792 -0.73219284 0.04023511
vn 0.67880253 -0.73261358 0.05004471
vn 0.68366506 -0.72910719 0.03169851
vn 0.68251886 -0.73065820 0.01750984
vn -0.64126269 0.76730914 -0.00433968
vn -0.54324615 0.68888838 0.47991293
vn -0.44525047 0.84049346 -0.30874384
vn -0.59711655 0.79988434 -0.06030646
vn -0.62382487 0.78104881 0.02837753
vn -0.61565251 0.77766463 0.12731740
vn -0.35260399 0.53310137 -0.76907305
vn -0.54678356 0.77826547 -0.30875653
vn -0.60759225 0.79064112 -0.07561926
vn -0.62437745 0.77493704 0.09810905
vn -0.52899905 0.57845119 0.62093013
vn -0.58616662 0.58891528 -0.55640587
vn -0.62432317 0.77869719 -0.06205859
vn -0.60370443 0.79625021 0.03907126
vn -0.62988368 0.66751396 0.39707891
vn -0.40292820 0.38093636 0.83218769
vn -0.32914406 0.16892918 -0.92904635
vn -0.57914331 0.61189730 -0.53867868
vn -0.59752609 0.79295477 -0.11910212
vn -0.58812101 0.79368172 0.15550884
vn -0.39092659 0.56186857 0.72902683
vn -0.33199978 0.47275445 -0.81625938
vn -0.37791469 0.54207375 -0.75055748
vn -0.60644115 0.77421862 -0.18114817
vn -0.58237312 0.80777372 0.09134097
vn -0.46526023 0.62890142 0.62290924
vn -0.21530812 0.20623839 0.95451985
vn -0.14424359 0.14548404 -0.97878914
vn -0.23683653 0.37134972 -0.89777940
vn -0.31219814 0.40249073 0.86054258
vn -0.40863297 0.49539904 -0.76654999
vn -0.36230565 0.41457896 -0.83478075
vn -0.22593383 0.26268881 0.93805570
vn -0.07006687 0.02637584 0.99719354
vn -0.07244923 0.02399338 -0.99708346
vn -0.22736458 0.08917679 -0.96971792
vn -0.34220892 0.47025388 0.81348285
vn -0.42892422 0.51327281 0.74335391
vn -0.39834641 0.46526039 -0.79047638
vn -0.31406325 0.49881479 -0.80780448
vn -0.03385586 0.00675707 0.99940388
vn 0.04559817 -0.08081243 -0.99568577
vn -0.02435723 -0.09057535 -0.99559170
vn -0.31622244 0.53108350 0.78610030
vn -0.43725005 0.65944446 0.61151075
vn -0.63077254 0.76408322 -0.13528796
vn -0.46019650 0.51525971 -0.72299835
vn -0.00085660 -0.07010121 0.99753952
vn 0.00860717 -0.06142263 0.99807474
vn 0.01843500 -0.13615555 -0.99051594
vn -0.53683255 0.64821627 0.54002452
vn -0.65051262 0.75841496 -0.04049792
vn -0.51182689 0.54906389 -0.66072845
vn 0.02166888 -0.08239235 0.99636437
vn 0.07914802 -0.19334020 -0.97793413
vn -0.48040751 0.76313310 0.43224588
vn -0.58726923 0.80897289 0.02603287
vn -0.41679245 0.70787854 -0.57025611
vn 0.08563343 -0.13068772 0.98771840
vn 0.10877060 -0.23811825 -0.96512624
vn 0.16367150 -0.21023312 0.96385355
vn 0.14040662 -0.29217355 -0.94600243
vn 0.68687864 -0.72599641 0.03356998
vn 0.66246372 -0.68892622 0.29414704
vn 0.32891175 -0.43804368 0.83662105
vn 0.30239063 -0.50265049 -0.80987801
vn 0.60259335 -0.73057804 -0.32114948
vn 0.65209218 -0.75802958 0.01292078
vn 0.65740523 -0.75247676 0.03996363
vn 0.66008313 -0.74979443 0.04581022
vn 0.67050453 -0.74149528 0.02466629
vn 0.67411543 -0.73836888 0.01948814
vn 0.67094133 -0.74119204 0.02172759
vn 0.67242908 -0.73988051 0.02039507
vn 0.67679677 -0.71578243 0.17205127
vn 0.55907963 -0.50064793 0.66089455
vn 0.26642046 -0.58730579 -0.76425915
vn 0.56375396 -0.73409239 -0.37853643
vn 0.63418739 -0.77317345 0.00302860
vn 0.63095995 -0.77489167 0.03784772
vn 0.64049195 -0.76730276 0.03188311
vn 0.64688816 -0.76236500 0.01831181
vn 0.64876662 -0.76073955 0.01942192
vn 0.64737589 -0.76183603 0.02259042
vn 0.65061894 -0.75914916 0.01968621
vn 0.66913056 -0.73882353 0.08002552
vn 0.47086283 -0.67351197 0.56979805
vn 0.55509829 -0.80937573 -0.19177283
vn 0.60211014 -0.79833205 -0.01137202
vn 0.61988700 -0.78397678 0.03347426
vn 0.06138086 -0.08869254 -0.99416599
vn 0.63107175 -0.77477609 0.03834664
vn 0.62941815 -0.77673635 0.02265917
vn -0.53297909 0.82241684 -0.19890659
vn -0.55665061 0.82113752 -0.12598918
vn -0.54469951 0.83327540 0.09462847
vn -0.38904449 0.76657726 0.51088520
vn -0.33574301 0.85345005 -0.39862217
vn -0.52012789 0.84951440 -0.08827372
vn -0.56121458 0.82461979 0.07099570
vn -0.51491088 0.77159264 0.37351249
vn -0.61329565 0.65524876 -0.44104140
vn -0.59272534 0.78990316 -0.15725670
vn -0.58053793 0.80219875 0.13947357
vn -0.48884686 0.56403541 0.66550191
vn -0.42015432 0.57755960 -0.69992518
vn -0.55474323 0.82905279 -0.07022402
vn -0.57540094 0.81187136 0.09888707
vn -0.48773242 0.64024314 0.59346930
vn -0.15789495 0.18932465 -0.96913640
vn -0.40300748 0.51800742 -0.75448875
vn -0.53218284 0.80870468 -0.25055571
vn -0.56182836 0.79072870 0.24309878
vn -0.31786659 0.52574073 0.78902314
vn -0.36862351 0.40122208 -0.83853297
vn -0.31700979 0.42925142 -0.84572337
vn -0.24284756 0.29633021 0.92369555
vn -0.05588344 0.06550485 0.99628618
vn -0.11676820 0.01631407 -0.99302519
vn -0.15139082 0.16768390 -0.97414728
vn -0.26869315 0.46819708 0.84178114
vn -0.35505159 0.51415692 0.78075671
vn -0.32303338 0.44085150 -0.83743620
vn -0.28208562 0.45012104 -0.84724185
vn -0.12758798 0.03487685 0.99121386
vn -0.07207939 -0.02051243 0.99718795
vn -0.02005059 -0.04044045 -0.99898075
vn -0.25124223 0.50883839 0.82338377
vn -0.33418696 0.54495715 0.76898686
vn -0.33880956 0.46977269 -0.81518200
vn -0.02716112 0.00031321 0.99963102
vn 0.00275951 -0.10957355 -0.99397486
vn -0.37616443 0.63890070 0.67104859
vn -0.55101940 0.83384080 -0.03297185
vn -0.49539022 0.56693554 -0.65815851
vn 0.01194112 -0.04340453 0.99898621
vn 0.04325434 -0.16698211 -0.98501068
vn -0.30826382 0.74914935 0.58630084
vn -0.42938626 0.90301032 -0.01413523
vn -0.31253627 0.75204746 -0.58029794
vn 0.03801027 -0.07288644 0.99661567
vn 0.07920889 -0.20693036 -0.97514398
vn 0.07715570 -0.15171166 0.98540883
vn 0.10357679 -0.25871058 -0.96038569
vn 0.12086104 -0.21165875 0.96984183
vn 0.17598130 -0.36022469 -0.91611612
vn 0.32166442 -0.53582723 -0.78065433
vn 0.04327459 -0.03319247 -0.99851168
vn 0.59774542 -0.76672796 0.23415519
vn 0.21307307 -0.39193729 0.89497767
vn 0.19649296 -0.46694157 -0.86218101
vn 0.45305883 -0.73537858 -0.50394052
vn 0.58874902 -0.80728753 -0.04076075
vn 0.60527365 -0.79563569 0.02465084
vn 0.60887451 -0.79288615 0.02456381
vn 0.61314908 -0.78982211 0.01514090
vn 0.61473882 -0.78850274 0.01896349
vn 0.61892582 -0.78526473 0.01703330
vn 0.62254290 -0.78243687 0.01526064
vn 0.61295975 -0.77932152 0.13014726
vn 0.46692536 -0.52594970 0.71088510
vn 0.44463719 -0.79695108 -0.40886031
vn 0.57821342 -0.81538158 -0.02867254
vn 0.57334735 -0.81911796 0.01784881
vn 0.57766722 -0.81599873 0.02113419
vn 0.58199203 -0.81311913 0.01107055
vn 0.59064793 -0.80684890 0.01139655
vn 0.60023034 -0.79968734 0.01495656
vn 0.59874497 -0.80079337 0.01531144
vn 0.54840164 -0.82413464 0.14162534
vn 0.34409096 -0.81835197 0.46032757
vn -0.48067239 0.77574646 -0.40886609
vn -0.57056178 0.82125458 -0.00041685
vn -0.55756392 0.82610768 0.08166132
vn -0.51015173 0.78327417 0.35528409
vn -0.37287973 0.80388920 -0.46338199
vn -0.48315360 0.85910220 -0.16883723
vn -0.48218551 0.85612440 0.18587132
vn -0.35777327 0.77839695 0.51584540
vn -0.45183710 0.68161314 -0.57554040
vn -0.54762471 0.83594551 -0.03608713
vn -0.55850747 0.82624798 0.07337360
vn -0.50728570 0.70694158 0.49284361
vn -0.34951577 0.62794124 -0.69536215
vn -0.44898530 0.87256086 -0.19248312
vn -0.43706184 0.87461822 0.20980927
vn -0.30661371 0.58787590 0.74859198
vn -0.29794553 0.40250881 -0.86557214
vn -0.50152611 0.86445351 -0.03452071
vn -0.49448532 0.85951565 0.12929469
vn -0.31239630 0.47853096 0.82061969
vn -0.14998045 0.18922093 -0.97041295
vn -0.22458600 0.45065398 0.86398618
vn -0.26812600 0.50125361 0.82271093
vn -0.34118031 0.40274702 -0.84934730
vn -0.27431982 0.39011417 -0.87895368
vn -0.08417103 0.13388249 0.98741618
vn -0.04761222 -0.02324558 -0.99859537
vn -0.21561308 0.50579924 0.83527129
vn -0.19746693 0.56631467 0.80018404
vn -0.25597580 0.49415616 -0.83083457
vn -0.22384293 0.42074629 -0.87912849
vn -0.04461863 0.00694366 0.99897996
vn -0.00811804 -0.08675358 -0.99619672
vn 0.00867269 0.74271091 0.66955604
vn 0.06662933 0.99777466 0.00250041
vn -0.09235018 0.75205293 -0.65260083
vn -0.01850671 -0.00672780 0.99980610
vn 0.01064845 -0.14483226 -0.98939892
vn 0.00211129 -0.06506364 0.99787888
vn 0.04523982 -0.18477619 -0.98173882
vn 0.03044673 -0.12346512 0.99188173
vn 0.07417372 -0.23032133 -0.97028364
vn 0.09247764 -0.15071264 0.98424265
vn 0.12724672 -0.29495178 -0.94700144
vn 0.26667776 -0.37461272 -0.88800241
vn 0.12735043 -0.22481594 0.96604330
vn 0.15388505 -0.37138488 -0.91563785
vn 0.31458611 -0.62212048 -0.71693911
vn 0.53498212 -0.84027357 -0.08794574
vn 0.53986565 -0.84150657 0.02029228
vn 0.54816195 -0.83621842 0.01603834
vn 0.55196755 -0.83384496 0.00586618
vn 0.55944398 -0.82885942 0.00380690
vn 0.56683533 -0.82377375 0.00972169
vn 0.56726426 -0.82331667 0.01899771
vn 0.55771588 -0.78788090 0.26114496
vn 0.29911401 -0.51467545 0.80351726
vn 0.45588930 -0.73438546 -0.50283490
vn 0.51885916 -0.85335443 -0.05070882
vn 0.51828146 -0.85507172 0.01538454
vn 0.53020151 -0.84781671 0.00965286
vn 0.52655296 -0.85013821 0.00264507
vn 0.53608851 -0.84415910 0.00212471
vn 0.53037517 -0.84773939 0.00633317
vn 0.53518469 -0.84461954 0.01397069
vn 0.54831165 -0.81225580 0.19898455
vn 0.45306516 -0.61522714 0.64515697
vn 0.47996915 -0.87378759 -0.07826150
vn 0.50110337 -0.86530119 0.01221700
vn 0.50151057 -0.86508390 0.01081637
vn 0.50619848 -0.86207563 0.02426339
vn 0.49742590 -0.86741141 0.01284188
vn 0.51112780 -0.85946513 -0.00825002
vn 0.46723297 -0.78389372 0.40890583
vn 0.50835227 -0.86014162 0.04164569
vn -0.42143342 0.76852144 -0.48142359
vn -0.44854235 0.88462396 -0.12747631
vn -0.42852518 0.89070382 0.15169995
vn -0.37040366 0.71436085 0.59370843
vn -0.46513939 0.69753283 -0.54506266
vn -0.48607412 0.87318688 -0.03572987
vn -0.48161930 0.87407469 0.06353187
vn -0.40428357 0.80506839 0.43407336
vn -0.34306446 0.60270545 -0.72045327
vn -0.40854178 0.89055799 -0.20000021
vn -0.37615742 0.91454163 0.14872526
vn -0.22113243 0.62076172 0.75216709
vn -0.31164084 0.56500131 -0.76397219
vn -0.49346506 0.86482013 -0.09261950
vn -0.47434191 0.87323885 0.11159600
vn -0.38149441 0.54541065 0.74631711
vn -0.16597708 0.21823318 -0.96167868
vn -0.11389148 0.50352012 0.85644394
vn -0.05359261 0.60926720 0.79115189
vn -0.08373368 0.53156012 -0.84287158
vn -0.16999701 0.47407529 -0.86391761
vn -0.17368796 0.19806429 0.96467768
vn -0.07659691 -0.00795798 -0.99703038
vn -0.00915640 0.64650590 0.76285403
vn 0.20661813 0.82243985 0.53000156
vn 0.44126724 0.89697639 0.02676897
vn 0.21696667 0.79392185 -0.56799081
vn -0.00963828 0.62238786 -0.78264964
vn -0.09583545 0.04963472 0.99415892
vn -0.03647393 -0.06689231 -0.99709331
vn -0.05905387 0.01808729 0.99809092
vn 0.01147793 -0.11484228 -0.99331743
vn -0.01420567 -0.04346540 0.99895393
vn 0.03949936 -0.18031599 -0.98281531
vn 0.01953174 -0.07644150 0.99688275
vn 0.06423431 -0.21332668 -0.97486701
vn 0.05040186 -0.11782627 0.99175432
vn 0.09874147 -0.26455203 -0.95930305
vn 0.18422696 -0.34382986 -0.92078306
vn 0.10799405 -0.18231940 0.97729060
vn 0.10005727 -0.29477287 -0.95031442
vn 0.18412512 -0.44423883 -0.87678378
vn 0.12326306 -0.29917680 0.94620265
vn 0.36333637 -0.71985038 -0.59144071
vn 0.47161865 -0.87800125 -0.08179027
vn 0.47574898 -0.87957017 0.00438404
vn 0.48085932 -0.87678120 0.00538955
vn 0.48524117 -0.87437915 0.00144859
vn 0.47845916 -0.87809794 0.00456580
vn 0.48560286 -0.87417757 -0.00185341
vn 0.48307623 -0.87552428 0.00972570
vn 0.50500006 -0.84660342 0.16804045
vn 0.34822278 -0.56109851 0.75093898
vn 0.37223557 -0.83320893 -0.40890532
vn 0.44966245 -0.89269171 -0.03008642
vn 0.46074283 -0.88751246 -0.00613826
vn 0.46851251 -0.88345684 -0.00017817
vn 0.47604196 -0.87941518 0.00360597
vn 0.48119299 -0.87660460 -0.00420524
vn 0.47769707 -0.87851464 0.00418684
vn 0.46963972 -0.88280996 0.00922477
vn 0.43440683 -0.89555082 0.09632982
vn 0.31428740 -0.76887367 0.55682736
vn -0.37388246 0.76923484 -0.51815988
vn -0.40590778 0.90610206 -0.11923895
vn -0.43868511 0.89853552 0.01375880
vn -0.32532751 0.77209780 0.54591849
vn -0.36991448 0.78426353 -0.49809035
vn -0.48149998 0.87622244 -0.01979924
vn -0.45701523 0.88773686 0.05532033
vn -0.42413614 0.74250086 0.51846022
vn -0.32201857 0.61467919 -0.72005106
vn -0.39746028 0.90184735 -0.16940094
vn -0.40863908 0.90864295 0.08591916
vn -0.11243029 0.69797781 0.70723858
vn -0.24713751 0.72709460 -0.64051267
vn -0.44919076 0.88166967 -0.14452079
vn -0.46743374 0.86876196 0.16357982
vn -0.34581971 0.60304528 0.71884986
vn -0.19945270 0.20193264 -0.95887529
vn 0.26723082 0.70543380 0.65646847
vn 0.49708569 0.79039302 0.35802890
vn 0.56453089 0.82438396 -0.04118201
vn 0.42452850 0.83482998 -0.35047748
vn 0.09075616 0.74003674 -0.66641500
vn -0.16092955 0.22086435 0.96193587
vn -0.08369116 0.05291431 -0.99508586
vn -0.07501488 0.09263264 0.99287057
vn -0.04012397 -0.03557190 -0.99856132
vn -0.04741691 0.02944479 0.99844111
vn -0.01146129 -0.11021429 -0.99384176
vn -0.02303914 -0.02420887 0.99944141
vn 0.03705850 -0.15459534 -0.98728261
vn 0.00702795 -0.04696963 0.99887159
vn 0.05304254 -0.21388595 -0.97541749
vn 0.02648331 -0.10101104 0.99453276
vn 0.07031154 -0.24155452 -0.96783661
vn 0.10308630 -0.32149332 -0.94128384
vn 0.06025382 -0.18059157 0.98171083
vn 0.08796747 -0.26454116 -0.96035395
vn 0.14604829 -0.39884311 -0.90531435
vn 0.12256257 -0.24229072 0.96243110
vn 0.25458695 -0.72622820 -0.63857504
vn 0.38062976 -0.91691313 -0.11996372
vn 0.44162982 -0.89698814 -0.01937482
vn 0.44483329 -0.89559913 -0.00505409
vn 0.45443911 -0.89077636 -0.00160109
vn 0.43852863 -0.89871290 0.00278723
vn 0.42078915 -0.90712921 0.00728609
vn 0.42612101 -0.90452862 0.01577546
vn 0.43848637 -0.87835460 0.19032315
vn 0.26146250 -0.56365564 0.78353665
vn 0.27121830 -0.85122709 -0.44928062
vn 0.31762381 -0.94082256 -0.11818638
vn 0.33028353 -0.94338802 -0.03052599
vn 0.31715892 -0.94836816 -0.00283775
vn 0.31854592 -0.94786876 0.00856235
vn 0.29875887 -0.95416766 0.01752738
vn 0.30450974 -0.95250445 0.00301589
vn 0.31718441 -0.94823846 0.01542329
vn 0.28499381 -0.95194590 0.11214956
vn 0.19767880 -0.76689988 0.61056340
vn -0.39897991 0.75419584 -0.52153971
vn -0.36371577 0.91661917 -0.16589193
vn -0.36747320 0.92995829 -0.01187548
vn -0.14593862 0.94606568 0.28924323
vn -0.07622966 0.91223873 -0.40250408
vn -0.33890571 0.93912783 -0.05640777
vn -0.39844837 0.90436199 0.15286691
vn -0.38829615 0.83617593 0.38734469
vn -0.20873515 0.57883255 -0.78827820
vn -0.28087990 0.93568331 -0.21354912
vn -0.27769323 0.96054276 -0.01562311
vn -0.13210615 0.97305633 0.18896918
vn 0.26919174 0.94935654 0.16204308
vn 0.36962392 0.92897426 0.01962093
vn 0.26814536 0.95506434 -0.12629402
vn -0.10987357 0.97635586 -0.18616402
vn -0.34802608 0.93704001 0.02887680
vn -0.30090770 0.94235193 0.14638100
vn -0.23321455 0.62759134 0.74279208
vn -0.09747033 0.18506970 -0.97787972
vn -0.09114012 0.20863290 0.97373805
vn -0.07468370 0.03561368 -0.99657113
vn -0.05525737 0.07856661 0.99537627
vn -0.02556985 -0.03003110 -0.99922186
vn -0.02904912 0.02614838 0.99923591
vn 0.02378008 -0.08716663 -0.99590988
vn -0.01202567 -0.00615542 0.99990874
vn 0.04093094 -0.17410703 -0.98387570
vn -0.00499012 -0.05147829 0.99866165
vn 0.06641407 -0.20832161 -0.97580289
vn 0.02537170 -0.09323405 0.99532090
vn 0.07203349 -0.24955440 -0.96567788
vn 0.05649217 -0.29938328 -0.95245907
vn 0.04114731 -0.17453435 0.98379096
vn 0.08134845 -0.29760684 -0.95121638
vn 0.10439604 -0.42673277 -0.89833213
vn 0.05334029 -0.23622011 0.97023444
vn 0.05376950 -0.81452324 -0.57763374
vn 0.17352654 -0.96571169 -0.19310484
vn 0.17258190 -0.98485765 -0.01645918
vn 0.17120992 -0.98518553 0.00982994
vn 0.14585258 -0.98925914 0.00966316
vn 0.16657147 -0.98600287 0.00723112
vn 0.19209606 -0.98129277 -0.01279110
vn 0.20813395 -0.97809199 0.00404032
vn 0.18432991 -0.94298872 0.27711867
vn 0.04095174 -0.66759593 0.74339669
vn -0.37620236 0.75412321 -0.53830286
vn -0.28823599 0.93677578 -0.19842165
vn -0.21491718 0.97584218 -0.03927653
vn -0.18761804 0.98199890 0.02185483
vn -0.09886576 0.99488448 -0.02074698
vn -0.03156726 0.99862075 0.04195359
vn -0.11008617 0.99391014 0.00486533
vn -0.21708565 0.97583869 0.02475237
vn -0.25304886 0.96685535 0.03401484
vn -0.24797552 0.96826617 0.03112491
vn -0.28291252 0.81277399 0.50927296
vn -0.15100730 0.49963011 -0.85297512
vn -0.09438405 0.93366087 -0.34549824
vn -0.16561353 0.98380135 -0.06860807
vn -0.10882255 0.99331739 0.03844764
vn -0.12076729 0.98015997 -0.15716771
vn -0.16772007 0.98448955 0.05148120
vn -0.17245164 0.98394719 0.04591683
vn -0.13465649 0.99069436 0.01980700
vn -0.18381162 0.96842844 0.16840323
vn -0.16286270 0.53495186 0.82903694
vn -0.06721818 0.12138420 -0.99032701
vn -0.04663763 0.15563890 0.98671245
vn -0.03514142 0.03776382 -0.99866860
vn -0.02104203 0.06495110 0.99766657
vn -0.01821983 -0.01316310 -0.99974735
vn -0.02316849 0.00783710 0.99970086
vn 0.01762044 -0.09950460 -0.99488108
vn -0.01400879 -0.01695109 0.99975818
vn 0.05108034 -0.16596112 -0.98480846
vn -0.00120581 -0.03953246 0.99921756
vn 0.06088403 -0.21672842 -0.97433153
vn -0.00503220 -0.11822960 0.99297353
vn 0.06773822 -0.26591948 -0.96161238
vn 0.09933113 -0.33737064 -0.93611665
vn 0.01439636 -0.17657107 0.98418261
vn 0.18579204 -0.58695340 -0.78801461
vn 0.14561394 -0.98891223 0.02914076
vn 0.11787967 -0.99287401 0.01748120
vn 0.16673729 -0.97320592 -0.15833163
vn 0.08951449 -0.43330016 0.89679325
vn 0.33137637 -0.84886241 -0.41185230
vn 0.22327369 -0.96669571 -0.12509299
vn 0.15760965 -0.98735164 0.01720295
vn 0.15607602 -0.98771558 0.00762935
vn 0.17165745 -0.98494848 0.02025362
vn 0.16718729 -0.98570753 -0.02071417
vn 0.17444411 -0.98389758 -0.03892059
vn 0.17996546 -0.98332159 -0.02628848
vn 0.25066989 -0.94619654 0.20463801
vn 0.28289483 -0.68558619 0.67077723
vn -0.01371897 0.68639082 -0.72710345
vn -0.05620229 0.97716476 -0.20491542
vn -0.09342738 0.99354313 -0.06436906
vn -0.07470849 0.99695135 -0.02250872
vn -0.06914690 0.99744669 -0.01785519
vn -0.08312338 0.99599039 0.03307021
vn -0.07489055 0.99483300 0.06854716
vn -0.05141280 0.99845467 0.02109512
vn -0.01807518 0.99981837 0.00604296
vn 0.03583829 0.98665937 0.15880461
vn 0.07095176 0.68526513 0.72482933
vn -0.02364463 0.19835974 -0.97984404
vn -0.00316008 0.19984357 0.97982272
vn -0.01157830 0.07647874 -0.99700398
vn -0.01557512 0.09277120 0.99556563
vn 0.00725730 0.02053308 -0.99976283
vn -0.01309463 0.02866837 0.99950320
vn 0.03849846 -0.03633654 -0.99859778
vn -0.00778007 -0.00586543 0.99995253
vn 0.05069331 -0.13329386 -0.98977924
vn -0.01546970 -0.02461063 0.99957741
vn 0.05070103 -0.18883351 -0.98069940
vn -0.01002084 -0.07331346 0.99725860
vn 0.05878152 -0.23861297 -0.96933409
vn 0.06517324 -0.28261971 -0.95701544
vn -0.00281001 -0.14725494 0.98909458
vn 0.08439754 -0.26893593 -0.95945324
vn 0.09996848 -0.34476844 -0.93334936
vn 0.00428255 -0.19737332 0.98031905
vn 0.18119707 -0.68529410 -0.70536489
vn 0.22983623 -0.96890194 -0.09167519
vn 0.21209733 -0.97687141 0.02714735
vn 0.18075044 -0.98343479 0.01361195
vn 0.19273173 -0.98120039 0.01001366
vn 0.19089190 -0.98156789 -0.00920615
vn 0.16385276 -0.98615192 -0.02562535
vn 0.15694138 -0.98710552 -0.03149743
vn 0.09845060 -0.96496682 0.24320055
vn 0.05583526 -0.54015858 0.83970895
vn 0.21439833 -0.90925396 -0.35677808
vn 0.14655843 -0.98899855 -0.02006240
vn 0.15712983 -0.98692823 0.03581746
vn 0.16109998 -0.98682503 0.01493858
vn 0.17760119 -0.98405360 0.00981474
vn 0.16549955 -0.98620743 -0.00219019
vn 0.13933447 -0.99019048 -0.01042684
vn 0.12995399 -0.99082283 -0.03717641
vn 0.15591265 -0.97811477 0.13777789
vn 0.14994284 -0.76724009 0.62358623
vn 0.26670266 0.67737559 -0.68558880
vn 0.37295300 0.92300355 -0.09471276
vn 0.32032184 0.94658630 -0.03699049
vn 0.25945510 0.96564062 -0.01487445
vn 0.24459518 0.96961024 0.00540182
vn 0.24030293 0.97066609 0.00786394
vn 0.26779710 0.96321199 0.02252478
vn 0.33316627 0.94281638 -0.00987506
vn 0.33797381 0.94114758 0.00386355
vn 0.36401624 0.93094196 0.02896963
vn 0.24467221 0.75292939 0.61092786
vn 0.05760229 0.20989017 -0.97602669
vn 0.06127071 0.25319044 0.96547424
vn 0.02101662 0.10167773 -0.99459537
vn 0.01219157 0.10500327 0.99439714
vn 0.01888967 0.04662681 -0.99873376
vn -0.00527702 0.04638625 0.99890964
vn 0.02461700 0.02031879 -0.99949045
vn -0.00926586 0.00288747 0.99995290
vn 0.03585404 -0.08244283 -0.99595063
vn -0.00532629 -0.02237986 0.99973535
vn 0.04975361 -0.15744052 -0.98627433
vn -0.00942581 -0.04377889 0.99899678
vn 0.05195666 -0.21562000 -0.97509411
vn 0.00253431 -0.10979052 0.99395152
vn 0.06717726 -0.22644760 -0.97170402
vn 0.08472488 -0.28121150 -0.95589842
vn 0.02373414 -0.17106768 0.98497337
vn 0.08167852 -0.26293168 -0.96135090
vn 0.09231799 -0.40433340 -0.90994060
vn 0.02786242 -0.23878372 0.97067297
vn 0.02107004 -0.84768762 -0.53007713
vn 0.09464640 -0.99288519 -0.07225684
vn 0.14521844 -0.98916733 0.02143814
vn 0.15504664 -0.98790712 0.00024712
vn 0.16469293 -0.98624560 0.01399492
vn 0.14659863 -0.98905226 0.01686597
vn 0.12179839 -0.99255486 0.00009578
vn 0.13125295 -0.99082162 -0.03232927
vn 0.10729464 -0.96634789 0.23379395
vn 0.01410688 -0.65922022 0.75181759
vn 0.99315974 0.08981575 -0.07461146
vn 0.99702863 0.05705481 0.05175576
vn 0.99487170 0.07599990 0.06674072
vn 0.99563168 0.09039563 0.02337088
vn 0.98511464 0.12374600 0.11931506
vn 0.98997412 0.13351300 -0.04610330
vn 0.98967678 0.14319745 0.00586176
vn 0.97171530 0.20843405 -0.11101634
vn 0.44233869 0.36928153 -0.81729287
vn 0.86978189 0.46328310 -0.16984766
vn 0.85215208 0.52286251 0.02125133
vn 0.82002847 0.56920630 0.05964471
vn 0.83281741 0.55247431 0.03445732
vn 0.81221671 0.58209082 -0.03839645
vn 0.83034327 0.55676907 -0.02320014
vn 0.84940903 0.52519395 -0.05172634
vn 0.83085160 0.55632564 -0.01368970
vn 0.82999150 0.54068609 0.13701336
vn 0.39907225 0.43536769 0.80696735
vn 0.10498629 0.15159444 -0.98285147
vn 0.06963070 0.20796248 0.97565525
vn 0.04803110 0.08884146 -0.99488703
vn 0.00816753 0.09621414 0.99532715
vn 0.03138373 0.04833954 -0.99833779
vn -0.00896325 0.05294628 0.99855713
vn 0.03064659 0.03850276 -0.99878843
vn -0.00799958 0.02392268 0.99968181
vn 0.03198420 -0.02624221 -0.99914381
vn -0.00417285 -0.01863023 0.99981773
vn 0.03776054 -0.12065551 -0.99197600
vn -0.01641390 -0.03397336 0.99928794
vn 0.05274829 -0.17373507 -0.98337874
vn -0.00331291 -0.05996202 0.99819516
vn 0.07748568 -0.21559206 -0.97340435
vn 0.00771454 -0.12340853 0.99232597
vn 0.07474963 -0.26870603 -0.96031743
vn 0.05032065 -0.36079798 -0.93128548
vn 0.01606230 -0.19970519 0.97972437
vn 0.10386175 -0.35348240 -0.92965743
vn 0.14065868 -0.67936790 -0.72019053
vn 0.11708700 -0.98251448 -0.14476167
vn 0.11097118 -0.99363765 0.01922534
vn 0.07702955 -0.99700745 -0.00652650
vn 0.13072620 -0.99137141 0.00966337
vn 0.12912585 -0.99098651 0.03566857
vn 0.12866131 -0.99167587 0.00502251
vn 0.12842189 -0.99099023 -0.03802868
vn 0.11862482 -0.95652066 0.26645146
vn 0.08829783 -0.51429030 0.85305860
vn 0.30509899 -0.89085339 -0.33659299
vn 0.15841608 -0.98463089 -0.07352788
vn 0.09682473 -0.99461715 0.03690111
vn 0.07898239 -0.99677211 -0.01439257
vn 0.08084116 -0.99672540 -0.00178259
vn 0.07981196 -0.99648054 0.02562394
vn 0.11173361 -0.99373775 -0.00094510
vn 0.10592083 -0.99380680 -0.03359788
vn 0.14838455 -0.96562731 0.21341491
vn 0.14890483 -0.72238888 0.67526413
vn 0.89868410 0.05112536 -0.43560658
vn 0.99991852 0.00525296 0.01163455
vn 0.99833114 -0.00287929 0.05767703
vn 0.99978224 -0.00297161 0.02065541
vn 0.99993332 0.00357880 0.01097987
vn 0.99992550 -0.00146985 0.01211726
vn 0.99991502 0.01118949 -0.00668927
vn 0.99978771 0.02036484 0.00313037
vn 0.91160237 0.18756960 0.36578514
vn 0.82700676 0.08556845 -0.55564184
vn 0.99986725 0.01626279 0.00100630
vn 0.99811677 0.00220888 0.06130284
vn 0.99932453 -0.01300695 0.03437016
vn 0.99979205 -0.02036712 0.00101659
vn 0.99999629 0.00214821 0.00167267
vn 0.99988149 0.01138565 -0.01036244
vn 0.99946988 0.01923451 0.02626777
vn 0.86473576 0.10272857 0.49160849
vn 0.44107973 0.31411728 0.84070150
vn 0.39209162 0.10058321 -0.91441084
vn 0.87031756 0.11291267 -0.47937258
vn 0.99921279 0.00390655 0.03947826
vn 0.99767123 -0.00679767 0.06786686
vn 0.99888767 0.03693245 0.02931590
vn 0.99932739 0.03393161 -0.01390717
vn 0.99931553 0.03695968 -0.00156807
vn 0.99875842 0.03962200 -0.03019449
vn 0.99911837 0.03885505 0.01589869
vn 0.91713425 0.12236355 0.37933091
vn 0.49782154 0.07360564 0.86415040
vn 0.19205181 0.15734498 -0.96868914
vn 0.99418935 0.02679884 -0.10425626
vn 0.21978063 0.18975449 0.95691677
vn 0.05618606 0.11004745 -0.99233698
vn 0.04259195 0.14506487 0.98850499
vn 0.03272916 0.08550083 -0.99580039
vn -0.00999586 0.09863927 0.99507305
vn 0.03168873 0.06101690 -0.99763358
vn -0.01683280 0.06391089 0.99781364
vn 0.03518020 0.03355524 -0.99881750
vn -0.01506157 0.04356315 0.99893714
vn 0.01818471 0.00935888 -0.99979084
vn -0.01534593 0.00262964 0.99987879
vn 0.03274205 -0.07500747 -0.99664529
vn -0.00693599 -0.02945406 0.99954207
vn 0.03893771 -0.13393633 -0.99022468
vn -0.00006474 -0.04338156 0.99905857
vn 0.03990416 -0.17317451 -0.98408244
vn -0.00519818 -0.08593057 0.99628757
vn 0.05007527 -0.22187423 -0.97378863
vn 0.00173709 -0.15592455 0.98776744
vn 0.05065592 -0.31576869 -0.94748304
vn -0.00402771 -0.41849246 -0.90821134
vn 0.00987381 -0.21690329 0.97614316
vn -0.00109790 -0.84483757 -0.53502175
vn 0.03426530 -0.99597300 -0.08284731
vn 0.08591990 -0.99607242 0.02138924
vn 0.09534121 -0.99534719 0.01392935
vn 0.06624247 -0.99749000 0.02501255
vn 0.06101408 -0.99813613 0.00124556
vn 0.07762282 -0.99690342 -0.01258079
vn 0.07347170 -0.99711694 -0.01896601
vn 0.01985146 -0.96782875 0.25082550
vn -0.05055602 -0.60813508 0.79222207
vn 0.95423925 0.14192532 -0.26321977
vn 0.99907734 0.04022905 -0.01503618
vn 0.82633112 0.16866168 -0.53733614
vn 0.99827227 0.05121188 -0.02880661
vn 0.99883741 0.04410552 0.01945600
vn 0.99901999 0.03401016 0.02832611
vn 0.99938365 0.02506970 0.02457281
vn 0.99915145 0.03862028 0.01431246
vn 0.99936295 0.03263162 0.01445249
vn 0.99477490 0.05636854 0.08512045
vn 0.82413323 0.16114985 0.54298725
vn 0.70848734 0.09990269 -0.69861659
vn 0.99699046 0.05118975 -0.05822046
vn 0.99906555 0.02577578 0.03469352
vn 0.99932288 0.01813077 0.03201640
vn 0.99926405 0.03232250 0.02065440
vn 0.99928220 0.03604659 0.01165036
vn 0.99928798 0.03662306 0.00907065
vn 0.99422856 0.04915439 0.09535945
vn 0.77995806 0.09183620 0.61905697
vn 0.37010158 0.12276090 -0.92084450
vn 0.99929403 0.03520824 -0.01310782
vn 0.99857772 0.00852146 0.05263007
vn 0.99970493 0.00494300 0.02378281
vn 0.99961852 0.02456429 0.01262590
vn 0.99993663 0.00563360 0.00974669
vn 0.99965127 0.02628397 0.00254883
vn 0.99226247 0.05888203 0.10930737
vn 0.56459077 0.15476699 0.81073080
vn 0.18134346 0.12219071 -0.97579915
vn 0.25710126 0.07484419 -0.96348186
vn 0.34968371 0.07476158 0.93388008
vn 0.17008816 0.15556339 0.97307248
vn 0.07523051 0.10720399 -0.99138674
vn 0.06283035 0.13085513 0.98940855
vn 0.06105498 0.11016415 -0.99203637
vn 0.02728856 0.13285574 0.99075965
vn 0.03889903 0.09880736 -0.99434600
vn -0.00239317 0.11900001 0.99289137
vn 0.03117563 0.08570573 -0.99583262
vn -0.02276230 0.10187470 0.99453679
vn 0.02854792 0.07415874 -0.99683775
vn -0.02873513 0.07950034 0.99642059
vn 0.02890652 0.04402005 -0.99861236
vn -0.02306139 0.05585567 0.99817249
vn 0.03434299 0.02066887 -0.99919636
vn -0.02607871 0.02549318 0.99933478
vn 0.03495221 -0.03671237 -0.99871445
vn -0.01568154 -0.00400729 0.99986901
vn 0.01964884 -0.12233213 -0.99229470
vn -0.01464644 -0.02595759 0.99955574
vn 0.02144997 -0.14272910 -0.98952933
vn -0.00729495 -0.06468030 0.99787937
vn 0.03302301 -0.18703226 -0.98179856
vn -0.00012135 -0.11795235 0.99301925
vn 0.04629924 -0.24937628 -0.96729926
vn 0.07282724 -0.38864982 -0.91850286
vn 0.00468321 -0.19138371 0.98150412
vn 0.11516826 -0.35578042 -0.92744626
vn 0.11794779 -0.68198871 -0.72178925
vn 0.10943108 -0.98914805 -0.09803561
vn 0.06455669 -0.99775864 0.01761066
vn 0.06727029 -0.99765003 0.01300514
vn 0.07585144 -0.99671191 0.02849430
vn 0.06675749 -0.99770691 0.01115130
vn 0.05082383 -0.99863362 -0.01215897
vn 0.04899680 -0.99854997 -0.02229951
vn 0.05972943 -0.94528111 0.32074291
vn 0.05010074 -0.49912026 0.86508316
vn 0.14871273 -0.92011833 -0.36230759
vn 0.05470994 -0.99842043 -0.01278577
vn 0.05526268 -0.99826917 0.02011719
vn 0.06084505 -0.99804576 0.01423154
vn 0.05003702 -0.99841144 0.02590162
vn 0.05132205 -0.99846339 0.02090232
vn 0.03240967 -0.99946329 -0.00476859
vn 0.02072702 -0.99959346 -0.01957797
vn 0.06681104 -0.96560922 0.25126702
vn 0.10032001 -0.72719723 0.67905823
vn 0.99310027 0.10691591 0.04817506
vn 0.98157871 0.15655240 0.10951981
vn 0.97707521 0.20821019 -0.04441336
vn 0.74469588 0.16667428 -0.64625671
vn 0.97014862 0.14150095 -0.19694960
vn 0.98439177 0.17418936 -0.02511801
vn 0.98611206 0.16584380 0.00887887
vn 0.99029010 0.13746063 0.02073864
vn 0.99478222 0.10158397 -0.00943603
vn 0.99297215 0.09121176 0.07541043
vn 0.94531368 0.19169616 0.26388375
vn 0.75223339 0.27117495 0.60050735
vn 0.65227723 0.11401481 -0.74935641
vn 0.97783521 0.12241477 -0.16986150
vn 0.99762624 0.06876884 0.00356878
vn 0.99838038 0.05461607 0.01592775
vn 0.99862578 0.04700931 0.02316616
vn 0.99868891 0.04537340 0.02370059
vn 0.99767203 0.05648621 0.03820765
vn 0.96653469 0.06371232 0.24849837
vn 0.66241488 0.08969128 0.74374861
vn 0.38322925 0.17716862 -0.90650241
vn 0.99886091 0.04726667 0.00653721
vn 0.99918563 0.03781828 0.01406627
vn 0.99842403 0.05180291 0.02158516
vn 0.99810807 0.05567895 0.02607948
vn 0.95491537 0.13742441 0.26315616
vn 0.49866793 0.16567589 0.85081243
vn 0.19070885 0.09215912 -0.97731102
vn 0.22176257 0.15940110 0.96198371
vn 0.11987276 0.10248657 -0.98748520
vn 0.11027612 0.11379322 0.98736532
vn 0.04916001 0.11751104 -0.99185405
vn 0.06686716 0.11389006 -0.99124055
vn 0.06801240 0.14993866 0.98635324
vn 0.02762975 0.12990230 0.99114176
vn 0.04168070 0.11630385 -0.99233872
vn 0.00625912 0.12015919 0.99273491
vn 0.03312895 0.11129309 -0.99323528
vn -0.00941973 0.13098098 0.99134013
vn 0.02853334 0.10162207 -0.99441380
vn -0.01883018 0.11701394 0.99295174
vn 0.02753798 0.09233928 -0.99534673
vn -0.02837430 0.10139619 0.99444141
vn 0.02694804 0.07898793 -0.99651127
vn -0.02783726 0.08814105 0.99571896
vn 0.02784728 0.06116201 -0.99773931
vn -0.02523859 0.07438932 0.99690985
vn 0.03401462 0.03007379 -0.99896875
vn -0.02351707 0.03800208 0.99900090
vn 0.01429926 -0.01195655 -0.99982627
vn -0.01790752 0.00855465 0.99980305
vn 0.02253631 -0.09175648 -0.99552643
vn -0.01927175 -0.01165678 0.99974633
vn 0.02821437 -0.13300021 -0.99071433
vn -0.01903876 -0.03616871 0.99916433
vn 0.02759949 -0.15118095 -0.98812074
vn -0.01232440 -0.08187511 0.99656639
vn 0.03941259 -0.20612344 -0.97773196
vn -0.00775194 -0.15297854 0.98819911
vn 0.04862735 -0.28210176 -0.95815133
vn 0.06971031 -0.48121688 -0.87382537
vn -0.00308960 -0.23977955 0.97082245
vn 0.02918411 -0.85802273 -0.51278190
vn 0.05666729 -0.99718969 -0.04900550
vn 0.06711830 -0.99769354 0.01013602
vn 0.06386912 -0.99779332 0.01814468
vn 0.05802776 -0.99773603 0.03399390
vn 0.04729680 -0.99839575 0.03112774
vn 0.03151656 -0.99947517 0.00748970
vn 0.02078732 -0.99972540 -0.01081722
vn -0.01176275 -0.96554704 0.25996260
vn -0.04640495 -0.63180009 0.77374106
vn 0.53813421 0.43467120 -0.72213054
vn 0.80424746 0.42777046 -0.41255116
vn 0.93356251 0.35776632 -0.02154770
vn 0.91137313 0.41116694 -0.01845994
vn 0.93202413 0.36210478 -0.01453105
vn 0.91687768 0.39880946 -0.01692133
vn 0.91307325 0.39643236 0.09559616
vn 0.76669305 0.45008190 0.45782971
vn 0.35434666 0.23781089 -0.90436963
vn 0.74495470 0.36854290 -0.55607430
vn 0.98251724 0.17797463 0.05463429
vn 0.81485576 0.24222781 0.52662680
vn 0.40379235 0.28666309 0.86877846
vn 0.19452485 0.12002062 -0.97352716
vn 0.17514006 0.16225345 0.97108176
vn 0.12380125 0.11248966 -0.98591041
vn 0.10621934 0.12299785 0.98670613
vn 0.06860853 0.10872287 -0.99170167
vn 0.04727487 0.13856077 0.98922495
vn 0.04274646 0.10006053 -0.99406269
vn 0.00923681 0.13260022 0.99112656
vn 0.03986500 0.10922854 -0.99321695
vn 0.03927216 0.09921527 -0.99429072
vn -0.01202259 0.13683935 0.99052029
vn -0.01257387 0.13110909 0.99128820
vn 0.03642210 0.11613580 -0.99256532
vn -0.01581649 0.12348079 0.99222091
vn 0.03022422 0.11309785 -0.99312405
vn -0.01554208 0.12459440 0.99208602
vn 0.02549980 0.10149863 -0.99450882
vn -0.02633229 0.11812925 0.99264903
vn 0.02540707 0.09632974 -0.99502516
vn -0.03173407 0.10642868 0.99381381
vn 0.02593077 0.08300497 -0.99621171
vn -0.02767970 0.09347917 0.99523639
vn 0.02667874 0.07478127 -0.99684302
vn -0.03175129 0.08195949 0.99612976
vn 0.02706299 0.04575479 -0.99858605
vn -0.02064974 0.06114838 0.99791506
vn 0.02526546 0.00486569 -0.99966894
vn -0.01619458 0.02556067 0.99954209
vn 0.03422465 -0.05607037 -0.99784006
vn -0.01791272 -0.00780119 0.99980912
vn 0.02458683 -0.12659092 -0.99165025
vn -0.02003989 -0.02532678 0.99947834
vn 0.02313847 -0.13876457 -0.99005505
vn -0.00833115 -0.04840337 0.99879312
vn 0.02129301 -0.17189331 -0.98488542
vn 0.00354604 -0.11939000 0.99284110
vn 0.03649529 -0.23224267 -0.97197296
vn -0.00140910 -0.20349579 0.97907481
vn 0.04332636 -0.37978144 -0.92406108
vn 0.09889620 -0.75576709 -0.64732963
vn 0.04272421 -0.99490185 -0.09135070
vn 0.04823939 -0.99870927 0.01589852
vn 0.03498993 -0.99921820 0.01840356
vn 0.04992449 -0.99806912 0.03695368
vn 0.04809794 -0.99814152 0.03741783
vn 0.04341214 -0.99886624 0.01953508
vn 0.02064396 -0.99977356 0.00516362
vn -0.00575665 -0.92731095 0.37424760
vn -0.05685425 -0.53940771 0.84012316
vn 0.15560785 -0.95627101 -0.24765289
vn 0.05047217 -0.99742072 -0.05103397
vn 0.01022313 -0.99962567 0.02537742
vn 0.00746926 -0.99982224 0.01731186
vn 0.01372620 -0.99947964 0.02918971
vn 0.01855734 -0.99911943 0.03762972
vn 0.01663869 -0.99954262 0.02525272
vn 0.01492693 -0.99987153 0.00584102
vn 0.01725486 -0.99817115 0.05793637
vn 0.93879601 0.12917795 -0.31933542
vn 0.98656771 -0.10843402 -0.12217286
vn 0.98430821 -0.17644591 0.00204480
vn 0.98389931 -0.17834316 -0.01165641
vn 0.98451084 -0.17523269 -0.00564856
vn 0.98790690 -0.10924674 0.11002318
vn 0.96042047 0.08094378 0.26653448
vn 0.91912649 -0.10030641 -0.38097916
vn 0.98577022 -0.16450846 -0.03455477
vn 0.98638886 -0.16441613 0.00208513
vn 0.98648167 -0.16363744 -0.00875814
vn 0.98621080 -0.16458059 -0.01736313
vn 0.98683097 -0.15562669 0.04410188
vn 0.93017180 -0.10818776 0.35082166
vn 0.79409103 -0.16625339 -0.58461888
vn 0.98961766 -0.13608295 -0.04624188
vn 0.99046984 -0.13768514 0.00350747
vn 0.99023492 -0.13893941 -0.01142992
vn 0.99011449 -0.13959972 -0.01360963
vn 0.98536909 -0.15743120 0.06529305
vn 0.78605143 -0.19936304 0.58513036
vn 0.73123369 0.03934202 -0.68099156
vn 0.99503296 -0.07540221 -0.06499170
vn 0.99807644 -0.05135123 0.03473432
vn 0.99813891 0.00264691 -0.06092377
vn 0.99878996 -0.03202659 0.03732169
vn 0.99219803 -0.08196443 0.09394099
vn 0.73677519 -0.11625639 0.66606815
vn 0.23433788 0.44330127 -0.86519925
vn 0.33043835 0.25439747 -0.90889627
vn 0.96140240 0.25695886 -0.09837467
vn 0.97121220 0.20402673 0.12296321
vn 0.89923902 0.23925618 -0.36623170
vn 0.97353812 0.19023216 0.12663038
vn 0.95622331 0.22541046 0.18662022
vn 0.44844640 0.21686612 0.86710145
vn 0.13870296 0.24523247 -0.95949076
vn 0.10293001 0.27717640 0.95528983
vn 0.08921510 0.13996094 -0.98612961
vn 0.04182133 0.17891798 0.98297474
vn 0.05828004 0.10403262 -0.99286487
vn 0.00388900 0.13634522 0.99065375
vn 0.04278444 0.09685834 -0.99437817
vn -0.01069767 0.13240566 0.99113788
vn 0.03728760 0.09758018 -0.99452891
vn -0.01437142 0.12900362 0.99153998
vn 0.03560425 0.10592347 -0.99373666
vn 0.03620885 0.10488270 -0.99382521
vn -0.01861926 0.12923171 0.99143960
vn 0.02894687 0.10768364 -0.99376371
vn -0.01104457 0.14392795 0.98952653
vn -0.01237159 0.13338823 0.99098664
vn 0.02451130 0.11110435 -0.99350643
vn -0.02768629 0.12216781 0.99212323
vn 0.02027724 0.10620437 -0.99413755
vn -0.03667896 0.11506978 0.99268001
vn 0.02126764 0.10226605 -0.99452971
vn -0.03612004 0.11422966 0.99279753
vn 0.01824166 0.09331600 -0.99546942
vn -0.03452015 0.10383999 0.99399478
vn 0.02021755 0.08230321 -0.99640224
vn -0.02516318 0.09242666 0.99540149
vn 0.01433554 0.05734842 -0.99825130
vn -0.01551477 0.07926505 0.99673283
vn 0.01812838 0.03015356 -0.99938087
vn -0.01975181 0.03292576 0.99926261
vn 0.01990595 -0.02398259 -0.99951418
vn -0.02656081 0.00337877 0.99964149
vn 0.02461922 -0.11500617 -0.99305965
vn -0.02510255 -0.01465111 0.99957751
vn 0.01996977 -0.13362768 -0.99083039
vn -0.02006382 -0.01957907 0.99960697
vn 0.02183849 -0.14585488 -0.98906493
vn -0.01846300 -0.07197863 0.99723528
vn 0.02375762 -0.19560379 -0.98039519
vn -0.01880096 -0.17118844 0.98505890
vn 0.01460854 -0.31913421 -0.94759693
vn -0.01797434 -0.44204125 -0.89681462
vn 0.03724305 -0.38681917 0.92140322
vn -0.01663433 -0.85406452 -0.51990104
vn 0.00110470 -0.99949538 -0.03174545
vn 0.01262304 -0.99952542 0.02809956
vn 0.01716777 -0.99964908 0.02017385
vn -0.00192267 -0.99958036 0.02890353
vn 0.00054330 -0.99937350 0.03538814
vn -0.00057158 -0.99978903 0.02053211
vn 0.00918125 -0.99991829 0.00889530
vn 0.08335365 -0.95083444 0.29827175
vn 0.22670550 -0.66642676 0.71026755
vn 0.94418975 0.12551893 -0.30455002
vn 0.98132688 0.08565210 -0.17222446
vn 0.99766554 0.06725841 -0.01182289
vn 0.98523889 0.07956244 0.15157223
vn 0.95400698 0.09862540 0.28309666
vn 0.83128655 0.13725075 -0.53863244
vn 0.91823395 0.07917583 -0.38804329
vn 0.98776931 0.00248332 -0.15590263
vn 0.99903311 -0.03902676 -0.02024235
vn 0.99136779 -0.00886522 0.13081025
vn 0.93245731 0.06278583 0.35578267
vn 0.85112305 0.16116008 0.49961683
vn 0.81344598 0.07444413 -0.57685674
vn 0.95325506 -0.01213388 -0.30192310
vn 0.98540526 -0.15146696 -0.07768036
vn 0.98377157 -0.17893534 -0.01325301
vn 0.98879712 -0.14034150 0.05083813
vn 0.95807001 -0.02239972 0.28565732
vn 0.85177778 0.06229356 0.52018663
vn 0.54462992 0.08097941 -0.83475780
vn 0.76304284 0.07597849 -0.64186673
vn 0.96556871 -0.07563608 -0.24891012
vn 0.98533213 -0.16924622 -0.02182470
vn 0.98030778 -0.19712674 -0.01173512
vn 0.98244522 -0.18636422 0.00835250
vn 0.96896484 -0.10704706 0.22281844
vn 0.81135051 0.07258149 0.58003645
vn 0.57056021 0.16252929 0.80501260
vn 0.31353526 -0.11513790 -0.94257037
vn 0.60123732 -0.02327936 -0.79873134
vn 0.65267338 0.00713306 0.75760582
vn 0.31615207 -0.11169094 0.94211093
vn 0.13397687 -0.13228207 -0.98211591
vn 0.25159314 -0.17727210 -0.95145966
vn 0.25807255 -0.20285579 0.94458884
vn 0.18641530 -0.14800490 0.97125892
vn 0.14163492 -0.07419947 -0.98713423
vn 0.11237366 -0.11124868 0.98741880
vn 0.10404099 0.42688783 -0.89829964
vn 0.09289475 0.22198932 -0.97061388
vn 0.04331464 0.05290831 0.99765954
vn 0.07265698 0.33561269 -0.93919385
vn 0.04750503 0.29474263 0.95439512
vn 0.02593984 0.30968733 0.95048455
vn 0.05613583 0.16221928 -0.98515667
vn -0.01386921 0.18911571 0.98185686
vn 0.04709103 0.10346995 -0.99351719
vn -0.02834890 0.14797378 0.98858490
vn 0.04167993 0.09270801 -0.99482059
vn -0.02669889 0.13892446 0.98994301
vn 0.03277986 0.09265515 -0.99515853
vn -0.02282791 0.13655363 0.99036962
vn 0.02853473 0.09935328 -0.99464300
vn 0.03529500 0.10427593 -0.99392192
vn -0.02526256 0.12999663 0.99119255
vn 0.02229862 0.10161279 -0.99457409
vn -0.03270006 0.14210384 0.98931148
vn -0.02700831 0.12533469 0.99174683
vn 0.01899245 0.10836112 -0.99393016
vn -0.04592186 0.12546579 0.99103457
vn -0.03809985 0.11227470 0.99294652
vn 0.01911359 0.10697329 -0.99407816
vn -0.03413386 0.11415389 0.99287651
vn 0.01597113 0.10328975 -0.99452308
vn -0.03347123 0.11493089 0.99280943
vn 0.01034933 0.09641470 -0.99528744
vn -0.03410030 0.11318228 0.99298889
vn 0.01301832 0.09065181 -0.99579756
vn -0.02553568 0.10340800 0.99431118
vn 0.01395019 0.07111556 -0.99737053
vn -0.02639794 0.09630816 0.99500145
vn 0.01953307 0.04118168 -0.99896072
vn -0.02246231 0.05445841 0.99826336
vn 0.00375921 0.01307558 -0.99990744
vn -0.02518509 0.00880540 0.99964402
vn 0.01234911 -0.07056655 -0.99743063
vn -0.02354723 -0.00544120 0.99970792
vn 0.01189792 -0.13368455 -0.99095251
vn -0.01906122 -0.01591295 0.99969168
vn 0.00709829 -0.13400545 -0.99095517
vn -0.02809898 -0.04344061 0.99866078
vn 0.00683286 -0.15918815 -0.98722462
vn -0.01493050 -0.11325736 0.99345350
vn 0.02691678 -0.22399625 -0.97421823
vn 0.00426096 -0.20465035 0.97882587
vn 0.00343198 -0.45177612 -0.89212474
vn 0.02691268 -0.83572032 -0.54849544
vn 0.02462697 -0.99824335 -0.05388629
vn 0.00976598 -0.99995132 -0.00140937
vn 0.04443792 -0.99827508 0.03836835
vn 0.01332541 -0.99873559 0.04847330
vn 0.01016451 -0.99945673 0.03135159
vn 0.00169543 -0.99969926 0.02446455
vn -0.00463305 -0.99996726 0.00663463
vn -0.02995174 -0.95083693 0.30824021
vn -0.08094201 -0.54875309 0.83205675
vn 0.08620357 -0.98086719 -0.17455227
vn 0.04417614 -0.99866217 -0.02687620
vn 0.00305275 -0.99998221 0.00512515
vn 0.01340666 -0.99977740 0.01629144
vn 0.03380410 -0.99698546 0.06983753
vn 0.93593524 0.10121833 -0.33731303
vn 0.98285825 0.09708945 -0.15672684
vn 0.99564304 0.09164457 -0.01721079
vn 0.97915789 0.09614508 0.17890206
vn 0.94288507 0.11565373 0.31239712
vn 0.79795061 0.08753543 -0.59633243
vn 0.90641691 0.08306098 -0.41413675
vn 0.97314785 0.08723136 -0.21301161
vn 0.99560838 0.08909531 -0.02873997
vn 0.97685024 0.09480560 0.19176941
vn 0.90844471 0.09549166 0.40695154
vn 0.84062876 0.12058981 0.52801647
vn 0.76947555 0.09118047 -0.63213409
vn 0.88585543 0.10634587 -0.45160902
vn 0.96502788 0.08451832 -0.24814885
vn 0.99580843 0.09093006 -0.00986384
vn 0.97746149 0.08932256 0.19128646
vn 0.89963221 0.11157231 0.42215341
vn 0.80224027 0.08661548 0.59068461
vn 0.53296112 0.05905902 -0.84407611
vn 0.73319709 0.11436572 -0.67033015
vn 0.82496008 0.06734516 -0.56116442
vn 0.84121829 0.06673844 0.53656106
vn 0.74932325 0.10703569 0.65349677
vn 0.63028377 0.13312501 0.76486607
vn 0.46165271 0.15752517 -0.87296197
vn 0.64320640 0.11810246 -0.75652980
vn 0.68905059 0.12644684 0.71359686
vn 0.46966770 0.04475750 0.88170801
vn 0.29772108 -0.01529060 -0.95453044
vn 0.56045837 0.01345397 -0.82807331
vn 0.60262335 -0.00234826 0.79802229
vn 0.27714945 -0.01126771 0.96076075
vn 0.07289445 -0.14241924 -0.98711861
vn 0.02711848 -0.14342857 0.98928906
vn 0.04170926 -0.16321446 -0.98570857
vn 0.04482183 -0.12947273 -0.99056944
vn -0.00908655 -0.14568036 0.98928998
vn -0.01076903 -0.14289408 0.98967940
vn 0.03780430 -0.11505329 -0.99263970
vn -0.02203486 -0.14023755 0.98987267
vn -0.02858935 -0.13751382 0.99008717
vn 0.02740634 0.11895223 -0.99252167
vn -0.00973342 -0.01324588 0.99986489
vn 0.03982245 0.39444697 -0.91805542
vn -0.12741420 0.41517357 -0.90077551
vn 0.02033425 0.23794064 0.97106682
vn 0.01222315 0.31295207 0.94969026
vn 0.04577405 0.21093288 -0.97642821
vn -0.02111257 0.19780503 0.98001399
vn 0.03481984 0.12063187 -0.99208645
vn -0.03197917 0.15830187 0.98687276
vn 0.02748000 0.09232759 -0.99534942
vn -0.03303027 0.14573208 0.98877255
vn 0.02401326 0.09185513 -0.99548280
vn -0.03415999 0.14050389 0.98949065
vn 0.02117406 0.09569011 -0.99518594
vn -0.03448654 0.13356793 0.99043944
vn 0.01930498 0.10146820 -0.99465146
vn 0.01736848 0.09611415 -0.99521877
vn -0.03672717 0.13033087 0.99079008
vn 0.02030344 0.10702295 -0.99404922
vn -0.03352964 0.12860184 0.99112932
vn -0.03248551 0.12427180 0.99171630
vn 0.01827529 0.10666976 -0.99412654
vn -0.03357799 0.13048867 0.99088104
vn -0.02878960 0.11859481 0.99252528
vn 0.01115409 0.10150651 -0.99477234
vn -0.03072086 0.10870071 0.99359971
vn 0.01306928 0.09769705 -0.99513038
vn -0.02853164 0.11508742 0.99294553
vn 0.01250170 0.09678748 -0.99522655
vn -0.02897840 0.11146524 0.99334574
vn 0.01474129 0.08487299 -0.99628273
vn -0.02539164 0.10530944 0.99411528
vn 0.01171050 0.04858478 -0.99875041
vn -0.02839573 0.07362962 0.99688132
vn 0.00883638 0.02081874 -0.99974422
vn -0.03132868 0.02382981 0.99922503
vn 0.00017334 -0.02861789 -0.99959041
vn -0.02923156 0.00436820 0.99956312
vn -0.00122307 -0.10839842 -0.99410678
vn -0.03323287 -0.00528788 0.99943365
vn 0.00468968 -0.13463291 -0.99088445
vn -0.03522639 -0.03207254 0.99886458
vn 0.00727433 -0.14141392 -0.98992383
vn -0.03472984 -0.06212428 0.99746399
vn 0.00256480 -0.19107447 -0.98157219
vn -0.03585381 -0.15443547 0.98735211
vn -0.00120098 -0.32012960 -0.94737300
vn 0.02169943 -0.55270256 -0.83309604
vn 0.02998078 -0.99885867 0.03718217
vn 0.02504211 -0.99814888 0.05542305
vn 0.03456195 -0.99900305 0.02825550
vn 0.01060303 -0.99984280 0.01421069
vn -0.01274234 -0.81307759 0.58201586
vn -0.01069260 -0.40569595 0.91394555
vn -0.05665094 -0.91680095 -0.39530581
vn -0.03389055 -0.99903469 -0.02794847
vn 0.00113037 -0.99984348 0.01765610
vn -0.02319241 -0.99967054 0.01099688
vn 0.00735863 -0.99883772 0.04763466
vn 0.02802841 -0.99917786 0.02929192
vn 0.03657496 -0.99874857 0.03411118
vn 0.00894159 -0.99951669 0.02977322
vn 0.00657803 -0.96934269 0.24562467
vn 0.08509565 -0.66824938 0.73905446
vn 0.93400991 0.04695319 -0.35414812
vn 0.98219142 0.05709607 -0.17899734
vn 0.99732790 0.07066415 -0.01853773
vn 0.98028961 0.08037944 0.18047554
vn 0.94195661 0.09828278 0.32102686
vn 0.88571839 0.03862199 -0.46261352
vn 0.97022165 0.06843353 -0.23235061
vn 0.99702580 0.07201250 -0.02745451
vn 0.97932205 0.06920750 0.19010169
vn 0.90278110 0.06519911 0.42512981
vn 0.81033110 0.11508716 0.57455936
vn 0.76034602 0.29209448 -0.58013338
vn 0.86274362 0.11819660 -0.49163301
vn 0.96597722 0.09901666 -0.23892199
vn 0.99608306 0.08271710 -0.03124760
vn 0.96938664 0.07879238 0.23255388
vn 0.89649666 0.09807287 0.43205955
vn 0.77754130 0.09595383 0.62146793
vn 0.69757974 0.09952997 -0.70956064
vn 0.82358563 0.11717533 -0.55495644
vn 0.84578876 0.05638501 0.53053002
vn 0.72910175 0.09686286 0.67751622
vn 0.57897732 0.15108354 0.80122346
vn 0.49509665 0.13994846 -0.85749271
vn 0.62384534 0.10709237 -0.77417583
vn 0.67231366 0.10065621 0.73339121
vn 0.52382238 0.08538969 0.84753685
vn 0.42982645 0.08081629 -0.89928747
vn 0.58512339 0.10303352 -0.80437225
vn 0.61333180 0.05527254 0.78788898
vn 0.46302580 0.08120025 0.88261749
vn 0.36740728 0.01951960 -0.92985530
vn 0.24874108 -0.05378954 0.96707526
vn 0.18166023 -0.11799966 -0.97625593
vn 0.07599262 -0.11291284 0.99069461
vn 0.05586692 -0.17446992 -0.98307636
vn -0.02694448 -0.16935053 0.98518749
vn 0.03789634 -0.17284674 -0.98421942
vn -0.02676978 -0.15303278 0.98785846
vn 0.02436997 -0.14643236 -0.98892046
vn 0.01708782 -0.14602648 -0.98913309
vn -0.02596891 -0.14042185 0.98975114
vn -0.02607120 -0.14648690 0.98886899
vn 0.01469859 -0.04970702 -0.99865568
vn 0.00807165 -0.05209511 0.99860951
vn 0.06905417 0.45366786 -0.88849141
vn 0.05025165 0.32455049 -0.94453256
vn 0.01026067 0.16077471 0.98693780
vn -0.00954335 0.28563357 0.95829139
vn 0.02199574 0.23182480 -0.97250884
vn -0.00502868 0.21871274 0.97577633
vn 0.01959473 0.14445736 -0.98931700
vn -0.02653279 0.15221057 0.98799188
vn 0.02407972 0.09602353 -0.99508776
vn -0.03334246 0.14743190 0.98851005
vn 0.02507715 0.09122430 -0.99551457
vn -0.03310389 0.14394137 0.98903236
vn 0.01862902 0.08936585 -0.99582464
vn -0.03376970 0.13535801 0.99022109
vn 0.02648647 0.10356570 -0.99426989
vn 0.02558695 0.09622521 -0.99503066
vn -0.03250864 0.13294291 0.99059042
vn 0.02018604 0.10143766 -0.99463708
vn -0.03068906 0.12853821 0.99122960
vn 0.01173890 0.10138296 -0.99477821
vn -0.03813999 0.12300767 0.99167255
vn -0.04148025 0.12913844 0.99075862
vn 0.00726787 0.10326992 -0.99462682
vn -0.04295774 0.12279947 0.99150135
vn -0.03644389 0.12309064 0.99172604
vn 0.00618267 0.10240284 -0.99472380
vn -0.02907499 0.11434542 0.99301549
vn 0.00347399 0.09752157 -0.99522735
vn -0.02950422 0.11145428 0.99333149
vn 0.00504855 0.09830658 -0.99514337
vn -0.02878806 0.11351619 0.99311899
vn 0.00439771 0.06579002 -0.99782380
vn -0.02662230 0.08805461 0.99575983
vn 0.00766520 0.02849055 -0.99956467
vn -0.03172360 0.03888794 0.99873988
vn 0.00363043 -0.01077842 -0.99993532
vn -0.03767832 0.00759314 0.99926107
vn 0.00910601 -0.08392438 -0.99643052
vn -0.04211213 -0.00175842 0.99911134
vn 0.00540946 -0.12717465 -0.99186559
vn -0.04061624 -0.01379693 0.99907956
vn 0.00477998 -0.12935671 -0.99158660
vn -0.03425320 -0.04527836 0.99838699
vn -0.00684854 -0.17293104 -0.98491012
vn -0.05291693 -0.12233307 0.99107740
vn -0.05455414 -0.31255714 -0.94833110
vn -0.24289914 -0.45809476 -0.85507262
vn -0.05898415 -0.20825201 0.97629502
vn -0.52023337 -0.57212207 -0.63406118
vn -0.17989445 -0.83554046 -0.51914365
vn -0.11329539 -0.98961662 -0.08844829
vn -0.06540399 -0.99785887 -0.00002519
vn -0.06846740 -0.99754272 0.01485690
vn -0.05503497 -0.99830968 0.01867957
vn -0.03321937 -0.99925329 0.01973172
vn -0.03098519 -0.99878846 0.03823006
vn -0.02318013 -0.99860876 0.04736264
vn -0.12917036 -0.90362964 0.40837298
vn -0.14062684 -0.47581734 0.86822920
vn 0.92000324 0.08982892 -0.38147713
vn 0.97881216 0.08049577 -0.18827421
vn 0.99769067 0.06697110 -0.01132264
vn 0.98164302 0.09133269 0.16743752
vn 0.92786477 0.12520608 0.35126972
vn 0.87325353 0.01536180 -0.48702390
vn 0.97297471 0.04624945 -0.22623263
vn 0.99785903 0.06349720 -0.01566699
vn 0.97777844 0.05799976 0.20145808
vn 0.89297293 0.05568261 0.44665288
vn 0.78225632 0.10054314 0.61478949
vn 0.73808992 0.20579383 -0.64255130
vn 0.84279722 0.09720909 -0.52938006
vn 0.96354599 0.07960682 -0.25542489
vn 0.99757722 0.06916485 -0.00747723
vn 0.96899455 0.06864712 0.23735446
vn 0.88595557 0.08170538 0.45651611
vn 0.74050025 0.07878044 0.66742267
vn 0.68472927 0.04519570 -0.72739479
vn 0.80799393 0.02750759 -0.58854834
vn 0.82374030 0.00951337 0.56688748
vn 0.70442092 0.07633225 0.70566603
vn 0.47012464 0.09601450 -0.87736198
vn 0.62079908 0.09436623 -0.77826957
vn 0.63648094 0.09439449 0.76549441
vn 0.48246953 0.14673513 0.86353457
vn 0.43604595 0.08560590 -0.89584349
vn 0.54143410 0.09974964 -0.83480485
vn 0.56558735 -0.00820966 0.82464753
vn 0.42525404 0.09047984 0.90054006
vn 0.41076229 0.09062080 -0.90722776
vn 0.50980259 0.06759717 -0.85763159
vn 0.33544151 0.09582677 0.93717460
vn 0.35141795 0.06783599 -0.93375784
vn 0.24511025 0.06019802 0.96762450
vn 0.21648617 -0.05755809 -0.97458751
vn 0.09725940 -0.10891187 0.98928197
vn 0.05088340 -0.17881465 -0.98256613
vn 0.00475960 -0.18012744 0.98363177
vn 0.01871468 -0.19487673 -0.98064918
vn -0.02290490 -0.17707276 0.98393120
vn 0.02372630 -0.17117041 -0.98495571
vn -0.01968528 -0.15789900 0.98725903
vn 0.02599596 -0.15703719 -0.98725049
vn 0.02048245 -0.14548489 -0.98914843
vn -0.01726684 -0.13945767 0.99007748
vn -0.01837976 -0.14769896 0.98886157
vn 0.03414783 -0.14873742 -0.98828696
vn 0.03557521 -0.11018367 -0.99327436
vn -0.01482153 -0.08219763 0.99650583
vn -0.07975690 0.47669203 -0.87544477
vn -0.01554287 0.18208134 -0.98316062
vn -0.00249439 0.07898721 0.99687251
vn -0.02288117 0.38727595 -0.92167987
vn -0.07391835 0.46303416 -0.88325276
vn 0.00503034 0.24040369 0.97065996
vn -0.00333718 0.23026560 0.97312210
vn 0.02668000 0.18378014 -0.98260523
vn -0.03668296 0.14058438 0.98938890
vn 0.02178842 0.11707445 -0.99288410
vn -0.02675976 0.14724456 0.98873806
vn 0.02006390 0.08831522 -0.99589049
vn -0.02779978 0.14257897 0.98939295
vn 0.01956939 0.09272511 -0.99549942
vn -0.03021740 0.13591734 0.99025925
vn 0.01949196 0.09593954 -0.99519630
vn 0.02387833 0.09950009 -0.99475100
vn -0.02968836 0.13191385 0.99081650
vn 0.01369452 0.09616344 -0.99527135
vn -0.03471111 0.13213928 0.99062321
vn 0.00863297 0.09994961 -0.99495505
vn -0.02981030 0.12124633 0.99217472
vn 0.00861667 0.09836646 -0.99511295
vn -0.02666372 0.11682975 0.99279396
vn -0.03620242 0.12714669 0.99122303
vn 0.00564856 0.10116971 -0.99485315
vn -0.03180525 0.11877721 0.99241141
vn 0.00685758 0.09886461 -0.99507726
vn -0.03453172 0.11193187 0.99311571
vn 0.00688570 0.09826934 -0.99513603
vn -0.03308911 0.11653005 0.99263581
vn 0.00269451 0.08555625 -0.99632970
vn -0.03186268 0.10445813 0.99401875
vn 0.01157113 0.04352388 -0.99898538
vn -0.03790353 0.05259602 0.99789628
vn 0.01313877 0.00977592 -0.99986589
vn -0.03591670 0.01769017 0.99919820
vn 0.01000290 -0.05862987 -0.99822967
vn -0.03634013 -0.00375195 0.99933244
vn 0.00829818 -0.12083529 -0.99263789
vn -0.03911269 -0.00594181 0.99921714
vn 0.00371879 -0.13510172 -0.99082475
vn -0.04251949 -0.03109779 0.99861155
vn -0.03062099 -0.17273006 -0.98449311
vn -0.06244518 -0.10168759 0.99285459
vn -0.10058043 -0.31337259 -0.94428873
vn -0.20133774 -0.22918610 0.95233232
vn -0.38264174 -0.75374357 -0.53428076
vn -0.32037332 -0.92350208 -0.21096172
vn -0.24482271 -0.96834173 0.04874555
vn -0.33818912 -0.94105575 0.00649577
vn -0.27810912 -0.96025016 -0.02397811
vn -0.20549086 -0.97579055 0.07487526
vn -0.32973560 -0.94341636 0.03521372
vn -0.40840441 -0.90524204 0.11722923
vn -0.47166890 -0.73278209 0.49046800
vn -0.33110194 -0.35987153 0.87227518
vn -0.38375104 -0.91121101 -0.14976524
vn -0.47002364 -0.86906692 0.15427402
vn -0.89845974 -0.21673854 -0.38183046
vn -0.42679043 -0.83169150 0.35516077
vn 0.99833839 0.05062648 -0.02752129
vn 0.91195299 0.06070179 -0.40577955
vn 0.98038084 0.05367784 -0.18966311
vn 0.99923609 0.03897825 -0.00281782
vn 0.97663655 0.06050940 0.20620294
vn 0.92608473 0.09708761 0.36461085
vn 0.87376751 0.03182351 -0.48530155
vn 0.97297052 0.04627737 -0.22624493
vn 0.99810318 0.05893040 -0.01781131
vn 0.97525223 0.06009627 0.21277109
vn 0.87630634 0.04564329 0.47958720
vn 0.73005123 0.22449239 -0.64546756
vn 0.85054237 0.07954055 -0.51985669
vn 0.95979989 0.05068814 -0.27607045
vn 0.99637678 0.05404008 0.06567336
vn 0.96360075 0.03802484 0.26462747
vn 0.85983553 0.06782164 0.50604654
vn 0.72355375 0.06634249 0.68707252
vn 0.67048098 0.02985135 -0.74132594
vn 0.78991226 0.01611378 -0.61300813
vn 0.80671077 0.02992399 0.59018834
vn 0.68462900 0.07225861 0.72530120
vn 0.61257206 0.06663816 -0.78760068
vn 0.57392778 0.07977201 0.81501125
vn 0.41283464 0.09222403 0.90612487
vn 0.41855380 0.10860355 -0.90167510
vn 0.51405587 0.05967934 -0.85567806
vn 0.53164587 0.09090940 0.84207372
vn 0.36441427 0.08109438 0.92769927
vn 0.39377009 0.06698454 -0.91676507
vn 0.47847223 0.01749138 -0.87792846
vn 0.49298150 0.03742322 0.86923457
vn 0.32563512 0.08138964 0.94198593
vn 0.33931756 0.07355621 -0.93779160
vn 0.26246790 0.08956338 0.96077521
vn 0.30494036 0.08690752 -0.94839784
vn 0.21258737 0.07672564 0.97412514
vn 0.23747366 0.05704045 -0.96971782
vn 0.13181059 0.03101341 0.99078965
vn 0.11963860 -0.09790972 -0.98797788
vn 0.03316131 -0.11130561 0.99323280
vn 0.04276128 -0.21439011 -0.97581164
vn -0.00971640 -0.20576174 0.97855388
vn 0.02514117 -0.20638721 -0.97814735
vn -0.01822272 -0.19120413 0.98138112
vn 0.03028357 -0.17500528 -0.98410165
vn -0.02142739 -0.16651475 0.98580612
vn 0.03180491 -0.16081287 -0.98647234
vn -0.02354061 -0.14683727 0.98888051
vn -0.02332075 -0.15145618 0.98818883
vn 0.02849140 -0.15018824 -0.98824680
vn 0.02155034 -0.12322188 -0.99214513
vn -0.02503927 -0.12371638 0.99200166
vn 0.01361344 -0.05353267 -0.99847330
vn -0.04421823 0.00722199 0.99899579
vn -0.00914697 0.49344105 -0.86973115
vn 0.01831654 0.33342332 -0.94259928
vn -0.08199833 0.22136098 0.97173844
vn -0.09837975 0.29309962 0.95100685
vn 0.00808531 0.26241731 -0.96492061
vn -0.03077195 0.25418042 0.96666716
vn -0.04429009 0.18519457 0.98170329
vn 0.02100380 0.14472801 -0.98924852
vn -0.02517150 0.15018372 0.98833762
vn 0.02211757 0.09129521 -0.99557822
vn -0.02812983 0.14190672 0.98948027
vn 0.01994697 0.09018825 -0.99572496
vn -0.03266829 0.13774549 0.98992877
vn 0.01387559 0.09229510 -0.99563501
vn 0.01550434 0.09775829 -0.99508941
vn -0.03527896 0.13070777 0.99079305
vn 0.01064328 0.09035929 -0.99585236
vn -0.03317193 0.13284280 0.99058186
vn 0.00948870 0.09605362 -0.99533093
vn -0.03615623 0.13098202 0.99072521
vn 0.00943795 0.09875222 -0.99506730
vn -0.03570581 0.12056413 0.99206320
vn 0.01148829 0.09787186 -0.99513271
vn -0.04232691 0.12152659 0.99168529
vn -0.03729615 0.12062954 0.99199673
vn 0.01085712 0.09771419 -0.99515529
vn -0.03621209 0.11732728 0.99243287
vn 0.00818942 0.09415730 -0.99552365
vn -0.02637457 0.11714344 0.99276472
vn 0.01150607 0.09272014 -0.99562573
vn -0.03617368 0.10947058 0.99333160
vn 0.01984563 0.06906518 -0.99741473
vn -0.03541032 0.07339913 0.99667381
vn 0.02208559 0.01808595 -0.99959248
vn -0.03265212 0.02864405 0.99905623
vn 0.00931259 -0.03565884 -0.99932063
vn -0.03728842 0.00037232 0.99930448
vn -0.00075219 -0.10300674 -0.99468037
vn -0.03780663 -0.00745259 0.99925728
vn -0.00860500 -0.13365464 -0.99099061
vn -0.05274654 -0.02859506 0.99819844
vn -0.10177755 -0.20832873 -0.97274892
vn -0.09905260 -0.09199912 0.99082024
vn -0.35100405 -0.32598398 -0.87779872
vn -0.52818935 -0.53249847 -0.66140865
vn -0.53826441 -0.50064840 0.67795472
vn -0.30816938 -0.36114694 0.88011620
vn -0.43344267 -0.46457231 -0.77220464
vn -0.68052650 -0.56172865 -0.47047274
vn -0.66920234 -0.69537677 -0.26195300
vn -0.59805612 -0.79992821 -0.04943412
vn -0.53918261 -0.84210914 -0.01158941
vn -0.54594144 -0.83731495 -0.02918232
vn -0.55680857 -0.82920376 0.04883995
vn -0.55370329 -0.82508383 0.11246930
vn -0.64991153 -0.71317127 0.26268182
vn -0.63312754 -0.56071348 0.53361962
vn 0.99046080 0.04193589 -0.13125846
vn 0.99943124 0.03346063 -0.00419328
vn 0.98976462 0.03049234 0.13941384
vn 0.92172524 0.07782291 -0.37995549
vn 0.97253207 0.02335825 -0.23159397
vn 0.99968335 0.02456065 -0.00547556
vn 0.97474514 0.02641068 0.22175301
vn 0.91846275 0.09051520 0.38501061
vn 0.86805828 0.01509253 -0.49623285
vn 0.97328055 0.03777665 -0.22649037
vn 0.99869555 0.04987752 0.01092867
vn 0.97249910 0.03002243 0.23096353
vn 0.86563346 0.02657413 0.49997252
vn 0.70234553 0.19104927 -0.68571929
vn 0.83153870 0.07323915 -0.55061731
vn 0.95809942 0.07169945 -0.27731694
vn 0.98739547 0.07254239 -0.14066908
vn 0.95399515 0.04955148 0.29569900
vn 0.85567741 0.06165859 0.51382330
vn 0.70699825 0.04752208 0.70561684
vn 0.64963697 0.03919906 -0.75923333
vn 0.76726615 -0.01157394 -0.64122438
vn 0.76850606 0.01108935 0.63974641
vn 0.64095431 0.06013589 0.76521974
vn 0.58154490 0.06027072 -0.81127860
vn 0.51210929 0.06118534 0.85673825
vn 0.37010150 0.08335944 -0.92524380
vn 0.48134950 0.05321450 -0.87491193
vn 0.44861472 0.10087903 0.88801366
vn 0.31588853 0.11581820 0.94170090
vn 0.35206867 0.04918194 -0.93468111
vn 0.44883417 0.04406926 -0.89252775
vn 0.42715350 0.02399614 0.90386065
vn 0.30999485 0.06844179 0.94827154
vn 0.33721418 0.06161368 -0.93940958
vn 0.23699920 0.07033189 0.96896068
vn 0.29062189 0.06871302 -0.95436756
vn 0.18947815 0.07050148 0.97935059
vn 0.25182612 0.06863752 -0.96533543
vn 0.14235267 0.09315599 0.98542259
vn 0.21273694 0.08351632 -0.97353378
vn 0.09508231 0.08781601 0.99158847
vn 0.13735767 0.02212381 -0.99027441
vn 0.18177406 0.05210682 -0.98195879
vn 0.05078340 0.03110220 0.99822528
vn 0.09006774 -0.08358060 -0.99242233
vn 0.09585263 -0.13072704 -0.98677389
vn 0.00213313 -0.09599257 0.99537977
vn 0.03334989 -0.22975281 -0.97267745
vn -0.02445533 -0.19740144 0.98001766
vn 0.02731824 -0.21794962 -0.97557761
vn -0.02907616 -0.19990793 0.97938317
vn 0.02431326 -0.18739361 -0.98198396
vn -0.02820901 -0.17321452 0.98448006
vn 0.01459591 -0.16375392 -0.98639323
vn -0.02336816 -0.14726032 0.98882169
vn -0.02537431 -0.15415574 0.98772069
vn 0.00741253 -0.14662418 -0.98916450
vn -0.02315361 -0.14358575 0.98936699
vn 0.01147793 -0.12914795 -0.99155891
vn 0.02406410 -0.10654920 -0.99401619
vn -0.01563937 -0.08364667 0.99637274
vn 0.08234975 0.44197788 -0.89323797
vn 0.04961882 0.19135529 -0.98026584
vn -0.02710685 0.11891725 0.99253408
vn 0.03971092 0.34774606 -0.93674742
vn -0.02316092 0.28887765 0.95708582
vn -0.01886770 0.22785088 0.97351322
vn 0.02375279 0.17520392 -0.98424559
vn -0.03266903 0.14864630 0.98835065
vn 0.01324171 0.10843685 -0.99401514
vn -0.03709228 0.14373417 0.98892095
vn 0.00796667 0.08449685 -0.99639190
vn -0.03944673 0.13885415 0.98952690
vn -0.00365357 0.10128890 -0.99485035
vn 0.00644401 0.09493574 -0.99546255
vn -0.03937818 0.13653109 0.98985283
vn 0.00521481 0.09215185 -0.99573131
vn -0.03531968 0.13266098 0.99053197
vn 0.00159615 0.09634638 -0.99534659
vn -0.04210659 0.12820011 0.99085406
vn -0.00201970 0.10260666 -0.99471996
vn -0.04373577 0.12935861 0.99063289
vn -0.00293489 0.10575450 -0.99438794
vn -0.04266764 0.12267966 0.99152871
vn -0.03877319 0.11808950 0.99224569
vn 0.00191494 0.10307539 -0.99467170
vn -0.04855899 0.12288687 0.99123198
vn -0.04110934 0.12410350 0.99141734
vn 0.01171325 0.10124459 -0.99479261
vn -0.04264035 0.12495169 0.99124612
vn 0.02408172 0.09562580 -0.99512601
vn -0.04181517 0.11445468 0.99254804
vn 0.02320537 0.08180571 -0.99637811
vn -0.04582263 0.09700866 0.99422815
vn 0.01774522 0.03450184 -0.99924708
vn -0.03383791 0.05125802 0.99811202
vn 0.00504678 -0.02234582 -0.99973756
vn -0.03355282 0.00252521 0.99943376
vn -0.01266851 -0.08697683 -0.99612978
vn -0.04057118 -0.00575582 0.99916007
vn -0.05279732 -0.15580311 -0.98637611
vn -0.05953491 -0.04082546 0.99739103
vn -0.26048635 -0.31857475 -0.91140386
vn -0.44189009 -0.45866717 0.77094590
vn -0.25493557 -0.20496842 0.94498455
vn -0.45824641 -0.38738977 -0.79996212
vn -0.58434273 -0.57386237 -0.57378179
vn -0.57344514 -0.65478962 -0.49235274
vn -0.51532849 -0.67284751 0.53076622
vn -0.60542356 -0.51371398 0.60791468
vn -0.54372040 -0.29906051 0.78417532
vn -0.65934512 -0.59823865 -0.45538394
vn -0.58978778 -0.72147677 -0.36279698
vn -0.51683647 -0.83645171 -0.18228711
vn -0.49481627 -0.86888044 -0.01427021
vn -0.51876480 -0.85491580 0.00143464
vn -0.52538017 -0.85041912 0.02762229
vn -0.53171363 -0.82425681 0.19463123
vn -0.59245092 -0.70766210 0.38498865
vn -0.70146531 -0.55009011 0.45315260
vn 0.97501055 -0.01124851 -0.22187362
vn 0.99998834 -0.00453666 0.00165719
vn 0.97932268 0.01043155 0.20203531
vn 0.91219389 0.10805001 -0.39525625
vn 0.97023285 0.02011287 -0.24133731
vn 0.99992507 0.00190431 -0.01209248
vn 0.97046019 0.02115101 0.24033239
vn 0.90122645 0.09041333 0.42381164
vn 0.72719270 0.08702982 -0.68089396
vn 0.85654953 0.00575312 -0.51603275
vn 0.96541189 0.03483124 -0.25839246
vn 0.99937809 0.03507131 -0.00366430
vn 0.96979219 0.02326173 0.24282094
vn 0.85967652 -0.00577688 0.51080614
vn 0.69629239 0.05405170 0.71572014
vn 0.66832805 0.00398596 -0.74385599
vn 0.84352812 0.04089345 -0.53552595
vn 0.92171502 0.03600967 -0.38619260
vn 0.92266123 0.02611357 0.38472631
vn 0.83517775 0.03678329 0.54874868
vn 0.66057048 0.01478062 0.75061853
vn 0.62764670 0.02179228 -0.77819324
vn 0.73529680 -0.03801827 -0.67667809
vn 0.74346583 -0.01801277 0.66853131
vn 0.60076232 0.04690031 0.79805075
vn 0.55719655 0.03699677 -0.82955605
vn 0.49420456 0.04526535 0.86816640
vn 0.36081290 0.06761856 -0.93018373
vn 0.46267031 0.04662719 -0.88530339
vn 0.41499527 0.06597919 0.90742805
vn 0.28449930 0.08437465 0.95495605
vn 0.32767847 0.04035497 -0.94392706
vn 0.41186766 0.05259865 -0.90972436
vn 0.38114281 0.03784388 0.92374131
vn 0.25462074 0.05118053 0.96568568
vn 0.30482283 0.05346705 -0.95090710
vn 0.36679107 0.03355261 -0.92969809
vn 0.23471939 0.07695129 0.96901254
vn 0.26720420 0.05824063 -0.96187834
vn 0.16555245 0.07318455 0.98348178
vn 0.22815374 0.05870538 -0.97185367
vn 0.12380010 0.07449799 0.98950674
vn 0.19807239 0.07065111 -0.97763784
vn 0.09562240 0.08246107 0.99199623
vn 0.15746123 0.06843374 -0.98515115
vn 0.06025287 0.07568431 0.99530974
vn 0.11270157 0.08032543 -0.99037679
vn 0.02441727 0.08255655 0.99628721
vn 0.06639125 0.06511523 -0.99566672
vn 0.09609534 0.09460514 -0.99086606
vn -0.01219911 0.05330235 0.99850390
vn 0.03758802 -0.06172248 -0.99738532
vn 0.02800097 -0.19339141 -0.98072203
vn -0.03034985 -0.05731048 0.99789498
vn 0.05523486 -0.18493665 -0.98119700
vn 0.03509436 -0.23295650 -0.97185372
vn -0.03023826 -0.18400567 0.98245995
vn 0.02995537 -0.23121888 -0.97244049
vn -0.02796695 -0.20615300 0.97812003
vn 0.02745088 -0.20581153 -0.97820655
vn -0.02640380 -0.18074160 0.98317613
vn 0.01792027 -0.18820970 -0.98196536
vn -0.02608481 -0.15630198 0.98736481
vn 0.02145565 -0.15173980 -0.98818758
vn -0.02202140 -0.14163946 0.98967334
vn -0.02802255 -0.14453354 0.98910302
vn 0.02788737 -0.13060956 -0.99104159
vn 0.03059066 -0.11969096 -0.99233980
vn -0.01460217 -0.10811138 0.99403154
vn -0.01240636 0.08494689 -0.99630824
vn -0.01854968 -0.00198147 0.99982598
vn -0.01946961 0.43244196 -0.90145154
vn -0.16384368 0.41911730 -0.89302628
vn -0.03876586 0.23271894 0.97177112
vn -0.06235685 0.25566750 0.96475165
vn 0.00000265 0.22385357 -0.97462279
vn -0.03571974 0.24046902 0.96999936
vn -0.03617980 0.17036014 0.98471744
vn -0.01747992 0.12996333 -0.99136471
vn -0.04834100 0.14626451 0.98806368
vn -0.02143135 0.09960559 -0.99479617
vn -0.04677048 0.14370275 0.98851507
vn 0.00600896 0.09465208 -0.99549228
vn -0.02454401 0.10246734 -0.99443353
vn -0.05096693 0.14070706 0.98873854
vn -0.01994482 0.09726504 -0.99505865
vn -0.05987956 0.12506831 -0.99033952
vn -0.06897690 0.13939440 0.98783166
vn -0.03245644 0.09942068 -0.99451602
vn -0.10343944 0.13897718 0.98487848
vn -0.04317701 0.10610589 -0.99341698
vn -0.12846912 0.16182068 0.97842207
vn -0.05448615 0.12687428 -0.99042121
vn -0.09775628 0.16377750 0.98164181
vn -0.04799963 0.13451078 -0.98974890
vn -0.07104237 0.13506042 0.98828724
vn -0.04917542 0.12675006 0.99071499
vn -0.03819319 0.13444083 -0.99018531
vn -0.07610978 0.14167873 0.98698249
vn -0.05732683 0.13239396 0.98953801
vn -0.01153847 0.12788734 -0.99172158
vn -0.05154279 0.12600201 0.99069008
vn -0.00435155 0.09837820 -0.99513959
vn -0.04586065 0.11051892 0.99281538
vn -0.01800395 0.05996333 -0.99803820
vn -0.04066204 0.08302790 0.99571731
vn -0.04191662 -0.00194574 -0.99911922
vn -0.05788040 0.01579393 0.99819858
vn -0.07800800 -0.06358387 -0.99492303
vn -0.08827017 -0.00548762 0.99608145
vn -0.15609535 -0.18205251 -0.97081982
vn -0.13596356 -0.04034276 0.98989210
vn -0.30363244 -0.45148506 -0.83902836
vn -0.29017752 -0.65016352 -0.70219969
vn -0.47741702 -0.50981114 0.71565745
vn -0.32603466 -0.32350877 0.88828119
vn -0.45064055 -0.64281061 -0.61944945
vn -0.44465553 -0.70744173 -0.54937023
vn -0.49876160 -0.64338592 0.58076796
vn -0.52665626 -0.56172577 0.63804180
vn -0.45649304 -0.76315004 -0.45740149
vn -0.42895991 -0.86843805 -0.24861365
vn -0.40415754 -0.91458876 -0.01356773
vn -0.40373197 -0.91451559 0.02572415
vn -0.44351735 -0.89455495 0.05535161
vn -0.46919273 -0.84730624 0.24885801
vn -0.50027174 -0.72783286 0.46902827
vn 0.99351701 -0.00003670 -0.11368356
vn 0.99963087 -0.00190308 0.02710155
vn 0.99393910 0.00954760 0.10951669
vn 0.92423907 0.01569402 -0.38149160
vn 0.97291497 -0.02838288 -0.22941418
vn 0.99969546 -0.02436010 -0.00394742
vn 0.97382781 -0.01453111 0.22682207
vn 0.91428542 0.03448964 0.40359960
vn 0.87949575 -0.02238616 -0.47537994
vn 0.97382071 -0.01254289 -0.22697115
vn 0.99984098 -0.01206363 -0.01313354
vn 0.97375233 -0.01074950 0.22735620
vn 0.87605795 -0.01860291 0.48184686
vn 0.71174412 0.10937214 -0.69387178
vn 0.85533767 -0.03065901 -0.51716293
vn 0.95544075 -0.05140118 -0.29067318
vn 0.99987756 -0.00977114 0.01222259
vn 0.95457502 -0.03716086 0.29564437
vn 0.83151480 -0.01296517 0.55535127
vn 0.68497268 0.07074048 0.72512634
vn 0.63661390 -0.02844690 -0.77065785
vn 0.82769338 0.00596538 -0.56114889
vn 0.80973691 0.02934954 0.58605866
vn 0.61738289 -0.00369899 0.78665410
vn 0.57729741 0.02554019 -0.81613442
vn 0.71400442 -0.05577748 -0.69791587
vn 0.71619997 -0.05123345 0.69601203
vn 0.55671343 0.01802484 0.83050903
vn 0.49012028 0.02686605 -0.87124068
vn 0.45192405 0.03070224 0.89152792
vn 0.33539331 0.05168690 -0.94065923
vn 0.43911778 0.03879388 -0.89759156
vn 0.38748501 0.04856929 0.92059567
vn 0.30111287 0.03234763 -0.95303970
vn 0.39352646 0.03677878 -0.91857730
vn 0.31562087 0.04494780 0.94782022
vn 0.19289385 0.06243233 0.97923142
vn 0.27967495 0.03851144 -0.95932205
vn 0.34679253 0.00135069 -0.93794089
vn 0.30197900 0.02196287 0.95306155
vn 0.18357817 0.04785736 0.98183946
vn 0.24262032 0.03935919 -0.96932256
vn 0.13471092 0.05639599 0.98927876
vn 0.21739254 0.05640614 -0.97445309
vn 0.11588506 0.06900206 0.99086294
vn 0.18663706 0.05625143 -0.98081720
vn 0.08450777 0.07223396 0.99380113
vn 0.15323119 0.05520183 -0.98664733
vn 0.05140722 0.06930042 0.99627042
vn 0.11601720 0.06472873 -0.99113581
vn 0.00709838 0.07844636 0.99689306
vn 0.06810565 0.05876477 -0.99594594
vn -0.02970501 0.07703838 0.99658552
vn 0.04453622 0.07672263 -0.99605731
vn -0.05036641 0.08509991 0.99509860
vn 0.02072470 0.07808354 -0.99673138
vn 0.06129771 0.08707031 -0.99431451
vn -0.07919706 0.07400538 0.99410816
vn -0.00043396 0.01620396 -0.99986861
vn -0.09776610 0.02154022 0.99497629
vn -0.01653529 -0.13364734 -0.99089100
vn 0.00825506 -0.21932501 -0.97561693
vn -0.09551531 -0.10590500 0.98977824
vn 0.02574005 -0.23977666 -0.97048679
vn -0.05804274 -0.16982391 0.98376363
vn 0.02614530 -0.21386684 -0.97651288
vn -0.03027427 -0.18646969 0.98199416
vn 0.02295724 -0.19985310 -0.97955689
vn -0.01787125 -0.16810910 0.98560639
vn 0.02442468 -0.17094113 -0.98497846
vn -0.01926201 -0.14437809 0.98933510
vn -0.01676063 -0.15372682 0.98797123
vn 0.00562331 -0.14358109 -0.98962258
vn -0.02732170 -0.12734180 0.99148252
vn -0.00100948 -0.14199069 -0.98986748
vn 0.00291482 -0.09908520 -0.99507468
vn -0.04878937 -0.06719204 0.99654645
vn -0.01048787 0.45851344 -0.88862558
vn 0.04559683 0.26141873 -0.96414790
vn -0.06908120 0.16485432 0.98389575
vn -0.05882126 0.30481343 -0.95059394
vn -0.07271172 0.24630440 0.96646115
vn -0.06386185 0.16829534 0.98366577
vn -0.08372630 0.16696630 -0.98240122
vn -0.07385479 0.16858232 0.98291682
vn -0.05510731 0.15397494 0.98653682
vn -0.15651643 0.12225650 -0.98007957
vn -0.06213445 0.14626352 0.98729240
vn -0.24912097 0.14238274 -0.95794880
vn -0.09900727 0.14317450 0.98473277
vn -0.18085828 0.12020786 -0.97613542
vn -0.37812844 0.16823101 -0.91033907
vn -0.23297697 0.11442208 0.96572735
vn -0.28770053 0.23564066 -0.92827899
vn -0.77306261 0.28357245 -0.56741596
vn -0.95133891 0.29437400 -0.09109457
vn -0.95664864 0.27523271 -0.09523829
vn -0.91126639 0.10736368 0.39757592
vn -0.49348421 0.13380443 0.85940079
vn -0.29037653 0.22333117 -0.93048625
vn -0.74049315 0.44759180 -0.50132971
vn -0.88845700 0.45831950 -0.02423638
vn -0.89629259 0.43570141 -0.08260674
vn -0.84442192 0.37070594 0.38668944
vn -0.91646733 0.32257694 0.23671025
vn -0.58034108 0.30423071 0.75541241
vn -0.30469875 0.18768994 -0.93377254
vn -0.65613944 0.33248598 -0.67744676
vn -0.85197836 0.51787274 0.07707596
vn -0.83734899 0.50612882 0.20659209
vn -0.44757216 0.43909265 0.77902298
vn -0.32061234 0.31131344 -0.89459022
vn -0.27109887 0.25132805 0.92916070
vn -0.24593681 0.24629099 -0.93747311
vn -0.24182328 0.24492502 0.93890001
vn -0.07069583 0.14747566 0.98653587
vn -0.17641619 0.23207492 -0.95656603
vn -0.34075237 0.19021313 0.92070993
vn -0.13530018 0.18679712 0.97303684
vn -0.14850828 0.16532280 -0.97499419
vn -0.11176188 0.14356777 0.98330950
vn -0.13500061 0.11939789 -0.98362543
vn -0.12822040 0.10728076 0.98592615
vn -0.15594435 0.02930804 -0.98733095
vn -0.17343983 0.05584502 0.98325986
vn -0.19510061 -0.03073955 -0.98030140
vn -0.24212682 0.01014625 0.97019156
vn -0.23075293 -0.16713772 -0.95854998
vn -0.42359735 -0.13400446 0.89588397
vn -0.28097613 -0.02453846 0.95940100
vn -0.29673640 -0.40288244 -0.86581363
vn -0.36877836 -0.59872779 -0.71100461
vn -0.45386091 -0.45827958 0.76419245
vn -0.40881022 -0.25454611 0.87640201
vn -0.38818480 -0.69318753 -0.60729203
vn -0.36456738 -0.73276380 -0.57458492
vn -0.42882293 -0.64409632 0.63344362
vn -0.49859103 -0.55597876 0.66505233
vn -0.36170288 -0.78892391 -0.49675960
vn -0.35180613 -0.88693314 -0.29930262
vn -0.32956980 -0.94309732 -0.04417218
vn -0.33329370 -0.94152353 0.04948482
vn -0.36222667 -0.92585681 0.10761510
vn -0.39546269 -0.85566436 0.33383792
vn -0.48789547 -0.68648941 0.53915703
vn 0.93149475 -0.02513684 -0.36288521
vn 0.98621796 -0.02298392 -0.16384709
vn 0.99980716 -0.01961741 0.00089771
vn 0.97566530 -0.01106815 0.21898564
vn 0.90540500 -0.02759670 -0.42365104
vn 0.97662882 -0.01268866 -0.21455803
vn 0.99967718 -0.02479725 -0.00553424
vn 0.97257219 -0.03453728 0.23002285
vn 0.89327555 0.00129137 0.44950764
vn 0.72379626 0.05147566 -0.68809100
vn 0.85441250 -0.02968555 -0.51874662
vn 0.96800512 -0.00123893 -0.25092738
vn 0.99996059 -0.00172084 0.00871013
vn 0.96622336 -0.00108943 0.25770376
vn 0.84608195 -0.03106560 0.53214684
vn 0.68292051 -0.02112557 -0.73018716
vn 0.83667687 0.00209408 -0.54769283
vn 0.92630990 -0.01570069 -0.37643520
vn 0.92850550 -0.00759052 0.37124107
vn 0.82836271 0.00420380 0.56017636
vn 0.66231071 -0.01075286 0.74915212
vn 0.60946856 -0.00256735 -0.79280608
vn 0.76012420 0.00915235 -0.64971334
vn 0.75330883 0.01815213 0.65741639
vn 0.58081584 0.00209195 0.81403230
vn 0.55217964 -0.01268974 -0.83362858
vn 0.70298541 -0.09235960 -0.70518169
vn 0.69122867 -0.05919613 0.72020743
vn 0.52082095 0.00711487 0.85363629
vn 0.47183056 -0.01950107 -0.88147356
vn 0.39723695 0.00135725 0.91771508
vn 0.29636511 0.03299522 -0.95450460
vn 0.40944176 -0.00022186 -0.91233623
vn 0.33933345 0.01462996 0.94055238
vn 0.27942283 0.02875019 -0.95973763
vn 0.37525389 0.02595307 -0.92655866
vn 0.27216974 0.03227071 0.96170798
vn 0.26971556 0.02966465 -0.96248300
vn 0.34212047 0.00247267 -0.93965284
vn 0.24849938 0.04290079 0.96768155
vn 0.13961992 0.03730435 0.98950223
vn 0.21845303 0.03476822 -0.97522789
vn 0.21335282 0.02510685 0.97665256
vn 0.13225153 0.03757217 0.99050384
vn 0.18902162 0.03787654 -0.98124217
vn 0.09502614 0.03731926 0.99477500
vn 0.16183375 0.04098075 -0.98596674
vn 0.06458827 0.05290723 0.99650849
vn 0.13947210 0.05876576 -0.98848071
vn 0.03300603 0.06797574 0.99714086
vn 0.08846140 0.05247827 -0.99469624
vn -0.00109698 0.07189242 0.99741179
vn 0.04338259 0.06258926 -0.99709605
vn -0.03912653 0.06948016 0.99681574
vn 0.00788762 0.06668648 -0.99774280
vn -0.07518040 0.06868785 0.99480143
vn -0.01273697 0.06294385 -0.99793579
vn -0.10250889 0.08137083 0.99139836
vn -0.02298213 0.08116910 -0.99643535
vn -0.13793021 0.08779497 0.98654311
vn -0.00615313 0.12677755 -0.99191209
vn -0.08024744 0.09702059 -0.99204201
vn -0.16543105 0.09246883 0.98187682
vn -0.07262171 0.05509805 -0.99583648
vn -0.15348072 0.09020980 -0.98402534
vn -0.19254485 0.06684350 0.97900890
vn -0.20770065 -0.03302885 -0.97763466
vn 0.91425525 -0.30048084 -0.27175100
vn -0.19245883 0.01133303 0.98123960
vn -0.04507650 -0.16000806 -0.98608596
vn -0.14197022 -0.06130175 0.98797093
vn -0.01721672 -0.20569804 -0.97846405
vn -0.10806480 -0.12926499 0.98570409
vn -0.00633154 -0.19427989 -0.98092570
vn -0.05705126 -0.13338301 0.98942111
vn 0.00291928 -0.17661209 -0.98427620
vn -0.11705760 -0.13247545 0.98424985
vn -0.08201103 -0.17035136 0.98196467
vn -0.00463797 -0.15675930 -0.98762595
vn -0.18540361 -0.09837660 0.97772570
vn -0.01010016 -0.14391837 -0.98953802
vn -0.09861231 -0.11368159 -0.98861120
vn -0.26119953 -0.06311896 0.96321898
vn 0.04299389 0.31291084 -0.94880890
vn -0.24001473 0.25439770 -0.93684296
vn -0.28316465 0.15585912 0.94632221
vn -0.23414986 0.39690543 -0.88749080
vn -0.60822481 0.43858245 -0.66159505
vn -0.29145126 0.33976788 0.89421135
vn -0.31737306 0.22608638 -0.92095564
vn -0.34812762 0.24437716 0.90503423
vn -0.19987047 0.17037091 0.96489665
vn -0.64848538 0.09292265 -0.75553431
vn -0.97503576 0.05527500 -0.21505797
vn -0.99536187 0.06773668 -0.06831178
vn -0.99887295 0.04004986 -0.02547213
vn -0.99826306 0.05731234 0.01364387
vn -0.99755101 0.06288603 -0.03061591
vn -0.99822942 0.05498360 0.02268978
vn -0.83057277 0.15171445 0.53584662
vn -0.34398047 0.22043739 0.91273479
vn -0.74261402 0.16103040 -0.65007202
vn -0.98020221 0.11942754 -0.15792622
vn -0.99329440 0.09755241 -0.06204650
vn -0.99659765 0.08197420 -0.00856466
vn -0.99633571 0.08507452 0.00880218
vn -0.99640211 0.08215051 -0.02083589
vn -0.99774384 0.06552280 0.01462847
vn -0.95769483 0.10730543 0.26703212
vn -0.52647933 0.16943039 0.83313436
vn -0.84515249 0.18413118 -0.50180971
vn -0.98854173 0.10572986 -0.10773320
vn -0.99067639 0.12339082 -0.05774938
vn -0.99149540 0.13009877 -0.00334387
vn -0.99166502 0.12882628 0.00206866
vn -0.99236198 0.12211318 -0.01749522
vn -0.99272652 0.11688196 0.02885586
vn -0.98294427 0.09707616 0.15619472
vn -0.74276677 0.10757370 0.66085205
vn -0.97937701 0.09289404 -0.17941953
vn -0.98364292 0.14973061 -0.10013665
vn -0.97337032 0.20584070 -0.10089510
vn -0.97031794 0.24105081 -0.01943204
vn -0.96804800 0.24930298 0.02703876
vn -0.97750737 0.21089880 -0.00101721
vn -0.98316324 0.17759245 0.04302282
vn -0.97560992 0.17107119 0.13754978
vn -0.82075949 0.12395348 0.55766424
vn -0.83344211 0.52512175 -0.17210866
vn -0.85835177 0.51207130 -0.03186247
vn -0.88592735 0.45964110 -0.06215128
vn -0.90596437 0.42173889 -0.03694427
vn -0.89684169 0.44031742 0.04237397
vn -0.91062063 0.41012945 0.05063500
vn -0.96155645 0.27039333 0.04792323
vn -0.84031507 0.49346244 -0.22442236
vn -0.81530050 0.57134043 -0.09410207
vn -0.78848650 0.61345201 -0.04433601
vn -0.78200099 0.62204780 -0.03912776
vn -0.76410470 0.64395694 0.03825532
vn -0.76431436 0.63817162 0.09252320
vn -0.77612853 0.62209935 0.10303841
vn -0.77215336 0.60827265 0.18380306
vn -0.60112292 0.73532377 0.31296996
vn -0.57797290 0.38894255 -0.71740575
vn -0.71245024 0.53560386 -0.45336868
vn -0.72094367 0.66852654 -0.18251712
vn -0.68646513 0.72411766 -0.06647745
vn -0.65517335 0.75134886 -0.07888452
vn -0.65056396 0.75943707 0.00467679
vn -0.60400982 0.79327248 0.07675227
vn -0.64081736 0.73391315 0.22522123
vn -0.75188388 0.63472308 0.17831784
vn -0.67419683 0.52173359 0.52273578
vn -0.31787818 0.70917869 -0.62930045
vn -0.64525077 0.53957165 -0.54084552
vn -0.66520777 0.67312274 -0.32311668
vn -0.56533922 0.81494972 -0.12746969
vn -0.51234470 0.82134571 -0.25078703
vn -0.51757691 0.76077018 0.39159019
vn -0.63308559 0.69753009 0.33564030
vn -0.60577024 0.46512864 0.64552131
vn -0.46674836 0.41989063 -0.77835585
vn -0.53705558 0.55372445 -0.63636509
vn -0.57954427 0.62716266 0.52038009
vn -0.52538163 0.47700830 0.70458301
vn -0.26134346 0.30991640 0.91413971
vn -0.35633271 0.36460510 -0.86028491
vn -0.46449049 0.46669653 -0.75262403
vn -0.42966445 0.38654330 0.81607153
vn -0.17144350 0.36721241 0.91420029
vn -0.27297346 0.23203053 -0.93362054
vn -0.38525732 0.23079425 0.89348241
vn -0.28376635 0.15804173 0.94577982
vn -0.27566922 0.08079725 -0.95785087
vn -0.39309030 0.10866902 0.91305589
vn -0.32888171 0.09266990 0.93981334
vn -0.27035766 0.01695767 -0.96261060
vn -0.37045278 0.05389138 0.92728661
vn -0.37467239 0.01475063 0.92703992
vn -0.25443555 -0.06817627 -0.96468365
vn -0.36779792 -0.04090116 0.92900581
vn -0.26055098 -0.32772463 -0.90813531
vn -0.32730073 -0.58553236 -0.74163744
vn -0.27295987 -0.59170744 0.75853491
vn -0.36804725 -0.40721750 0.83589182
vn -0.29505202 -0.69282682 -0.65797819
vn -0.26916155 -0.74575805 -0.60942349
vn 0.07215341 -0.79578285 0.60126828
vn -0.32819921 -0.64992746 0.68547762
vn -0.24279320 -0.79365839 -0.55781522
vn -0.24333276 -0.90526916 -0.34824836
vn -0.23581419 -0.97067488 -0.04671128
vn -0.24384023 -0.96770865 0.06388987
vn -0.24427914 -0.96092930 0.13016371
vn -0.28574549 -0.87137411 0.39881909
vn 0.98979386 -0.03498631 -0.13814514
vn 0.99940212 -0.03456607 -0.00076477
vn 0.99296812 -0.00463169 0.11829139
vn 0.93569656 0.03184440 -0.35136573
vn 0.97460510 -0.03423082 -0.22129876
vn 0.99934122 -0.03618602 -0.00277423
vn 0.96888752 -0.03207061 0.24541485
vn 0.90577129 0.03664815 0.42217921
vn 0.86539808 -0.07033481 -0.49612415
vn 0.97378607 -0.03563521 -0.22465710
vn 0.99957344 -0.02868943 -0.00546321
vn 0.97138623 -0.01981481 0.23667735
vn 0.86196835 -0.02528489 0.50633116
vn 0.73638288 0.16106810 -0.65711287
vn 0.84082236 0.00987482 -0.54122107
vn 0.96786211 0.00227296 -0.25147121
vn 0.99974896 -0.02001005 -0.01008030
vn 0.95447499 -0.04734187 0.29451016
vn 0.83527640 -0.02906972 0.54906128
vn 0.69319291 0.08206320 0.71606510
vn 0.63579513 -0.02472853 -0.77146164
vn 0.79496044 -0.00286671 -0.60665450
vn 0.80542694 0.00222546 0.59269089
vn 0.62034557 -0.02778085 0.78383646
vn 0.57758556 -0.02311679 -0.81600278
vn 0.73350640 -0.08140234 -0.67479036
vn 0.70437764 -0.04300199 0.70852168
vn 0.57140377 -0.01118440 0.82059286
vn 0.49705920 -0.00878084 -0.86767220
vn 0.44442392 -0.00186048 0.89581467
vn 0.41723328 -0.01713537 -0.90863786
vn 0.35166153 -0.00358093 0.93612037
vn 0.28751501 0.02274663 -0.95750598
vn 0.37711803 0.00067537 -0.92616496
vn 0.28953783 0.01114687 0.95710166
vn 0.24624997 -0.01907517 -0.96901862
vn 0.33723114 -0.01619184 -0.94128263
vn 0.22334719 -0.00654607 0.97471698
vn 0.24610872 0.00257227 -0.96923882
vn 0.27961067 -0.04639951 -0.95899164
vn 0.19498735 0.02619154 0.98045598
vn 0.13378679 0.03878804 0.99025077
vn 0.21628032 0.02404564 -0.97603516
vn 0.17707839 0.01880208 0.98401714
vn 0.11597000 0.02567067 0.99292093
vn 0.17880586 0.02556982 -0.98355206
vn 0.07722779 0.02925161 0.99658427
vn 0.14940875 0.03113650 -0.98828515
vn 0.04669387 0.03769329 0.99819783
vn 0.12506197 0.03727513 -0.99144847
vn 0.01386353 0.04495466 0.99889283
vn 0.08332427 0.03597278 -0.99587300
vn -0.01302350 0.04336882 0.99897424
vn 0.04165072 0.05457861 -0.99764041
vn -0.04467147 0.06299071 0.99701386
vn -0.01659446 0.03990746 -0.99906557
vn -0.08532852 0.06446961 0.99426491
vn -0.04903939 0.06302128 -0.99680663
vn -0.11986417 0.07356937 0.99006067
vn -0.06822358 0.07644806 -0.99473677
vn -0.14928189 0.07055481 0.98627427
vn -0.09089130 0.07580605 -0.99297141
vn -0.18267047 0.07344174 0.98042736
vn -0.12409469 0.08166107 -0.98890443
vn -0.21903771 0.07783516 0.97260689
vn -0.17269889 0.08390663 -0.98139430
vn -0.25240151 0.09029562 0.96340032
vn -0.21187237 0.09742792 -0.97242887
vn -0.28080904 0.08774741 0.95574404
vn -0.23569074 0.07153934 -0.96919141
vn -0.30517928 0.08451813 0.94853692
vn -0.25575035 0.00638910 -0.96672175
vn -0.31334008 0.06531644 0.94739208
vn -0.22904322 -0.05679222 -0.97175812
vn -0.35895184 0.40709383 0.83989772
vn -0.31216801 0.02233476 0.94976434
vn -0.19553905 -0.10065894 -0.97551641
vn -0.53002062 0.05393380 0.84626786
vn -0.24868803 -0.02004069 0.96837629
vn -0.16717997 -0.10219669 -0.98061547
vn -0.47214155 -0.08494522 0.87742046
vn -0.24094561 -0.24871670 0.93812857
vn -0.27059540 -0.10505074 -0.95694434
vn -0.70359256 0.04330162 -0.70928307
vn -0.48302548 -0.09420121 0.87052428
vn -0.34557198 -0.20813661 -0.91501866
vn -0.88850236 -0.17616425 -0.42370948
vn -0.99110716 -0.13228244 -0.01442040
vn -0.99347787 -0.11279528 0.01670187
vn -0.99155671 -0.12922695 0.01075564
vn -0.99085994 -0.13459141 -0.00904023
vn -0.96943023 -0.12795406 0.20936280
vn -0.69917113 -0.08498532 0.70988536
vn -0.83400273 0.07174497 -0.54707596
vn -0.99374779 0.10263875 -0.04393877
vn -0.99371178 0.11094795 0.01508127
vn -0.98878452 0.14533404 0.03439764
vn -0.99040864 0.13815080 0.00225664
vn -0.97736811 0.17593853 0.11746153
vn -0.78568072 0.16831223 0.59529556
vn -0.63284046 0.48847757 -0.60075170
vn -0.89959183 0.39055125 -0.19545910
vn -0.93747246 0.34433321 -0.05079407
vn -0.93723065 0.34821846 -0.01850983
vn -0.92281580 0.38517678 0.00706035
vn -0.90996127 0.41468934 -0.00179782
vn -0.90353168 0.42172315 0.07602682
vn -0.74540970 0.43557430 0.50461808
vn -0.77672896 0.29195412 -0.55808145
vn -0.95435532 0.26701364 -0.13382688
vn -0.96445020 0.25914137 -0.05178387
vn -0.95793715 0.28634008 -0.01912519
vn -0.96380826 0.26655558 -0.00466408
vn -0.96434021 0.26201482 -0.03736552
vn -0.95718669 0.28589331 0.04537243
vn -0.81528556 0.32256983 0.48089308
vn -0.98954013 0.08430909 -0.11705688
vn -0.99407041 0.07573770 -0.07802444
vn -0.99711530 0.07345349 -0.01912213
vn -0.99623372 0.08478111 0.01818074
vn -0.99637810 0.07791368 -0.03406097
vn -0.99798874 0.04803190 0.04136911
vn -0.98417858 0.03995053 0.17261659
vn -0.53438163 0.84509913 -0.01561186
vn -0.54360556 0.83932615 -0.00496068
vn -0.46381338 0.81731911 -0.34185759
vn -0.51388175 0.79676538 -0.31794728
vn -0.45816717 0.87042888 -0.18010110
vn -0.43432526 0.89759470 -0.07540104
vn -0.40522541 0.91377107 -0.02854471
vn -0.41276793 0.90462102 0.10622356
vn -0.51274996 0.79779502 0.31719172
vn -0.57210535 0.71097881 0.40890660
vn -0.50853850 0.63752510 -0.57874894
vn -0.43469246 0.73857823 -0.51531027
vn -0.34487326 0.89981980 -0.26718303
vn -0.33999799 0.93377876 -0.11161808
vn -0.37057004 0.81608039 0.44349819
vn -0.47390136 0.69025558 0.54677668
vn -0.49304437 0.61411886 0.61625098
vn -0.38382924 0.60796477 -0.69502083
vn -0.30247648 0.68773027 -0.65995080
vn -0.41711842 0.63994265 0.64535698
vn -0.46354430 0.54665125 0.69735149
vn -0.38354686 0.38185199 -0.84088100
vn -0.28198433 0.46688863 -0.83815264
vn -0.38111821 0.37732033 0.84402505
vn -0.27239184 0.19105891 -0.94302660
vn -0.19624370 0.37302607 -0.90682962
vn -0.35307475 0.15387131 0.92285527
vn -0.22463806 0.05169511 -0.97307007
vn -0.31289281 0.08913959 0.94559623
vn -0.23477867 -0.03221484 -0.97151489
vn -0.16454585 -0.12637729 -0.97823997
vn -0.30162688 0.00271541 0.95342218
vn -0.31458188 -0.14201631 -0.93854654
vn -0.23434627 -0.39350799 -0.88895067
vn -0.40835857 -0.46275811 0.78682794
vn -0.27961754 -0.27640568 0.91946394
vn -0.15763003 -0.65788599 -0.73643655
vn -0.15097039 -0.76106328 -0.63086499
vn -0.22567718 -0.64952555 0.72607600
vn -0.13568740 -0.80218427 -0.58145449
vn -0.14730168 -0.92093790 -0.36079855
vn -0.14783786 -0.98703838 -0.06244364
vn -0.13886042 -0.98750317 0.07453376
vn -0.15096520 -0.97440024 0.16659434
vn -0.20747046 -0.84115714 0.49941032
vn 0.99419884 -0.03837137 -0.10048038
vn 0.99889454 -0.04669456 0.00541506
vn 0.99175218 -0.02690137 0.12531536
vn 0.93714173 0.01733298 -0.34851822
vn 0.98006536 -0.03737197 -0.19512875
vn 0.99945175 -0.03310880 -0.00011948
vn 0.97526230 -0.03611904 0.21807994
vn 0.91367182 0.02981010 0.40535806
vn 0.89004268 -0.05728522 -0.45226367
vn 0.97830279 -0.03848905 -0.20357368
vn 0.99943897 -0.03147739 -0.01144198
vn 0.97538061 -0.03564451 0.21762843
vn 0.87655110 -0.04713785 0.47899499
vn 0.74988133 0.16336820 -0.64108410
vn 0.87259149 -0.03169894 -0.48742104
vn 0.97153970 -0.03555507 -0.23419320
vn 0.99942027 -0.03247932 0.01020849
vn 0.96130316 -0.03374459 0.27341823
vn 0.84830483 -0.04707649 0.52741133
vn 0.72752479 0.04562047 0.68456296
vn 0.67927668 -0.05984426 -0.73143821
vn 0.84912916 -0.03047114 -0.52730558
vn 0.83644774 -0.02566948 0.54744521
vn 0.65015917 -0.02820350 0.75927440
vn 0.64272362 -0.06343918 -0.76346698
vn 0.73250529 -0.12874286 -0.66847683
vn 0.74927842 -0.04046069 0.66101799
vn 0.57056777 -0.05288641 0.81954588
vn 0.57977181 -0.01515133 -0.81463801
vn 0.69131597 -0.06984716 0.71916869
vn 0.50603631 -0.00797594 0.86247530
vn 0.47229715 -0.03689393 -0.88066693
vn 0.38466493 -0.00091685 0.92305582
vn 0.31985614 0.01918729 -0.94727182
vn 0.41602830 -0.02535265 -0.90899818
vn 0.31604694 -0.00291929 0.94873906
vn 0.27878559 -0.01137401 -0.96028601
vn 0.37878198 -0.01252162 -0.92540122
vn 0.24938712 -0.00971414 0.96835515
vn 0.25892878 -0.03063690 -0.96541041
vn 0.32724614 -0.06308647 -0.94283088
vn 0.18612285 -0.00660908 0.98250425
vn 0.23766001 -0.00949743 -0.97130197
vn 0.16636067 0.01714060 0.98591598
vn 0.11087591 0.02579095 0.99349955
vn 0.19777820 -0.01136045 -0.98018097
vn 0.14533179 -0.00244594 0.98937995
vn 0.08709267 0.00747822 0.99617215
vn 0.17302634 -0.00404407 -0.98490889
vn 0.07206656 0.01758402 0.99724481
vn 0.13365398 0.01483717 -0.99091699
vn 0.01978233 0.02139023 0.99957547
vn 0.10691579 0.03045540 -0.99380153
vn -0.00776472 0.03731038 0.99927356
vn 0.06810369 0.02639901 -0.99732892
vn -0.03735685 0.03214126 0.99878496
vn 0.03188776 0.04025381 -0.99868053
vn -0.06194173 0.04773828 0.99693745
vn -0.02198651 0.02413763 -0.99946684
vn -0.10205103 0.03748596 0.99407263
vn -0.06485021 0.04310135 -0.99696375
vn -0.12686755 0.06034771 0.99008221
vn -0.10800318 0.03745169 -0.99344486
vn -0.17021153 0.05678021 0.98377032
vn -0.13111885 0.06037203 -0.98952669
vn -0.21373099 0.06600635 0.97466006
vn -0.15763887 0.09038527 -0.98335166
vn -0.30957979 0.07345838 0.94803176
vn -0.25515746 0.07720451 0.96381229
vn -0.21126956 0.07770251 -0.97433438
vn -0.31869751 0.07463151 0.94491377
vn -0.28123622 0.07488304 0.95671245
vn -0.25965515 0.08632212 -0.96183559
vn -0.35836768 0.08070092 0.93008600
vn -0.29615444 0.08345432 0.95148722
vn -0.30436221 0.09373226 -0.94793349
vn -0.39496176 0.09204176 0.91407523
vn -0.31735447 0.08323322 0.94464722
vn -0.35606247 0.10007581 -0.92908791
vn -0.45698428 0.09296413 0.88460332
vn -0.35158708 0.09558390 0.93126272
vn -0.41453176 0.09959594 -0.90456844
vn -0.52299641 0.09695367 0.84680266
vn -0.39540690 0.10104150 0.91293154
vn -0.50097704 0.08206019 -0.86156145
vn -0.66741074 0.16837202 -0.72540593
vn -0.55786900 0.09069255 0.82495881
vn -0.45135352 0.08508336 0.88827970
vn -0.52148679 0.07840626 -0.84964933
vn -0.71083207 0.11019367 -0.69467627
vn -0.60264107 0.09695581 0.79210057
vn -0.53767785 0.05385864 -0.84142841
vn -0.74678875 0.08830883 -0.65917229
vn -0.77481210 0.11856361 0.62097414
vn -0.68923564 0.09009423 0.71891394
vn -0.55503932 0.05682341 -0.82988099
vn -0.88351549 0.01097281 -0.46827340
vn -0.97877586 -0.16331217 -0.12380207
vn -0.97977649 -0.19989220 0.00900718
vn -0.98116056 -0.19318096 0.00225371
vn -0.98160989 -0.18494670 0.04729429
vn -0.91802227 -0.06091050 0.39182269
vn -0.75049764 0.04386331 0.65941588
vn -0.66354956 -0.20157153 -0.72046575
vn -0.94368475 -0.03436524 -0.32905641
vn -0.99029944 -0.13375536 -0.03763664
vn -0.98609630 -0.16572509 0.01221789
vn -0.98472191 -0.17410439 0.00322731
vn -0.98775375 -0.15449112 0.02179522
vn -0.97004194 -0.08749142 0.22663602
vn -0.82705522 -0.03098215 0.56126621
vn -0.98010134 -0.14317920 -0.13748121
vn -0.98654132 -0.16265887 0.01668267
vn -0.98786405 -0.15490941 0.01130036
vn -0.98577664 -0.16803272 0.00307058
vn -0.98684999 -0.16162395 -0.00219073
vn -0.98990069 -0.14169909 0.00424268
vn -0.30646240 0.94868195 0.07799581
vn -0.31736890 0.94653123 0.05792760
vn -0.40138807 0.79762205 -0.45020738
vn -0.17039707 0.94746706 -0.27068619
vn -0.17456259 0.97884631 -0.10671369
vn -0.23461224 0.97124324 -0.04054212
vn -0.27015156 0.93863730 0.21442517
vn -0.31274550 0.81787743 0.48297698
vn -0.31099558 0.68143716 -0.66251426
vn -0.20367785 0.71340215 -0.67050183
vn -0.06795222 0.84407726 -0.53189856
vn -0.25711075 0.73113366 0.63193167
vn -0.33568602 0.70784811 0.62150298
vn -0.19522676 0.56004786 -0.80512912
vn -0.10249476 0.66788869 -0.73716994
vn -0.29792279 0.60560256 0.73789400
vn -0.37732058 0.45740602 0.80523842
vn -0.27023627 0.17188233 -0.94732720
vn -0.15441261 0.33312684 -0.93015228
vn -0.16265381 0.41142024 0.89681499
vn -0.28000285 0.22295812 0.93374947
vn -0.19002682 0.08726260 -0.97789317
vn -0.10040682 0.10812225 -0.98905412
vn -0.23271857 0.13081257 0.96370646
vn -0.16974844 0.03208745 -0.98496490
vn -0.08298297 -0.01557838 -0.99642919
vn -0.18358921 0.04202171 0.98210446
vn -0.04862366 -0.26414357 -0.96325693
vn -0.15943195 -0.19479527 0.96779970
vn -0.03265923 -0.61775664 -0.78569085
vn -0.05043335 -0.74766319 -0.66216027
vn -0.12298769 -0.59290665 0.79582393
vn -0.01274065 -0.80431907 -0.59406103
vn -0.01467165 -0.90982218 -0.41473889
vn -0.08304284 -0.99341982 -0.07887300
vn -0.07268160 -0.99483808 0.07081372
vn -0.01999820 -0.98164590 0.18966126
vn -0.04496701 -0.81107138 0.58321624
vn -0.01947967 -0.70816856 0.70577464
vn 0.10414760 -0.95690615 -0.27107913
vn 0.03810603 -0.99800475 -0.05034325
vn 0.02014625 -0.99739507 0.06926186
vn 0.03563705 -0.99413762 0.10208034
vn 0.05468435 -0.93894610 0.33969081
vn 0.94932268 0.01879392 -0.31374071
vn 0.98484272 -0.01921412 -0.17238221
vn 0.99973509 -0.01836856 0.01386896
vn 0.97567778 -0.02113823 0.21818811
vn 0.92341983 -0.04441251 -0.38121300
vn 0.98225952 -0.03813304 -0.18360858
vn 0.99951328 -0.03084506 0.00466727
vn 0.97398637 -0.03089100 0.22449121
vn 0.90347690 -0.03328773 0.42734227
vn 0.78471827 0.06242444 -0.61670124
vn 0.88136421 -0.03006776 -0.47147964
vn 0.97691200 -0.01609049 -0.21303529
vn 0.99981264 -0.01887616 0.00428759
vn 0.96690474 -0.00369619 0.25511087
vn 0.86079866 -0.04025053 0.50735152
vn 0.73136061 0.04441161 0.68054336
vn 0.72375416 -0.04796751 -0.68838872
vn 0.86540200 -0.02540541 -0.50043376
vn 0.94991121 -0.05716610 -0.30724702
vn 0.92052724 -0.00269587 0.39066907
vn 0.83261329 -0.01350708 0.55369005
vn 0.65871697 -0.03981544 0.75133660
vn 0.67245252 -0.05245288 -0.73827929
vn 0.76930934 -0.13671971 -0.62407600
vn 0.75761095 -0.00912233 0.65264265
vn 0.59272281 -0.01021893 0.80534169
vn 0.59425132 -0.02186948 -0.80398202
vn 0.71327609 -0.09824458 0.69396342
vn 0.55021197 -0.02588480 0.83462373
vn 0.37910174 -0.02556178 -0.92500187
vn 0.49535954 -0.04126160 -0.86770756
vn 0.43055096 -0.02630017 0.90218300
vn 0.33279471 -0.05009367 -0.94166783
vn 0.44973871 -0.04737088 -0.89190308
vn 0.34532350 -0.03086685 0.93797597
vn 0.29604890 -0.03735957 -0.95444188
vn 0.39033289 -0.04014959 -0.91979794
vn 0.28810344 -0.02822663 0.95718319
vn 0.26458203 -0.03002796 -0.96389557
vn 0.34429408 -0.03249605 -0.93829931
vn 0.23112635 -0.01822478 0.97275304
vn 0.25062149 -0.01966518 -0.96788540
vn 0.18812809 -0.00312240 0.98213954
vn 0.12431001 0.00015195 0.99224342
vn 0.20649694 -0.01566394 -0.97832186
vn 0.15320342 -0.01263995 0.98811383
vn 0.09839464 -0.00833042 0.99511261
vn 0.17766956 -0.01445289 -0.98398407
vn 0.12743236 -0.02077299 0.99162971
vn 0.07757567 -0.00602997 0.99696823
vn 0.15995326 -0.01185142 -0.98705344
vn 0.05538390 0.00857616 0.99842830
vn 0.13611278 -0.01119185 -0.99063013
vn 0.00524301 0.00405791 0.99997802
vn 0.09241456 -0.01486474 -0.99560966
vn -0.02456811 0.01172803 0.99962936
vn 0.05828302 0.00523937 -0.99828635
vn -0.04913019 0.01925459 0.99860677
vn 0.02090515 0.02652283 -0.99942959
vn -0.06813559 0.03192662 0.99716510
vn -0.03281710 0.01727861 -0.99931201
vn -0.12126623 0.02743489 0.99224081
vn -0.07945259 0.03560899 -0.99620243
vn -0.20786289 0.07120346 0.97556296
vn -0.14828593 0.05399756 0.98746926
vn -0.13834368 0.03437299 -0.98978762
vn -0.24238348 0.04748056 0.96901798
vn -0.17045200 0.03808318 0.98462977
vn -0.16564543 0.03680363 -0.98549839
vn -0.26405614 0.04600416 0.96340956
vn -0.20074854 0.05019124 0.97835621
vn -0.19466974 0.04718018 -0.97973350
vn -0.29389432 0.05190511 0.95442757
vn -0.24763589 0.05939270 0.96703101
vn -0.21973419 0.05163885 -0.97419213
vn -0.31796398 0.06785499 0.94567151
vn -0.30931152 -0.03256953 0.95040287
vn -0.25578558 0.07970427 -0.96344225
vn -0.35390554 0.07263359 0.93245656
vn -0.31933771 0.06583781 -0.94535116
vn -0.40001752 0.09619880 0.91144488
vn -0.41116682 0.07128429 -0.90876861
vn -0.46663033 0.07041903 0.88164466
vn -0.44841271 0.09017464 -0.88926631
vn -0.61190375 0.09724710 -0.78493108
vn -0.52611821 0.09712459 0.84484700
vn -0.51947742 0.09419970 -0.84927595
vn -0.67200054 0.08395434 -0.73577642
vn -0.71772224 0.18724734 0.67068116
vn -0.61394704 0.09935999 0.78306872
vn -0.58935828 0.10559961 -0.80094041
vn -0.72911259 0.08105639 -0.67957685
vn -0.78661456 0.09822870 0.60958072
vn -0.66082685 0.09487964 0.74451711
vn -0.68929259 0.00192809 -0.72448051
vn -0.80179955 0.10451210 -0.58838312
vn -0.87429241 0.16710789 -0.45572770
vn -0.90949990 0.13628890 0.39272799
vn -0.83301340 0.09553419 0.54494211
vn -0.70615249 0.10003685 0.70095741
vn -0.84052973 0.13298538 -0.52519012
vn -0.92728379 0.09328286 -0.36255080
vn -0.98964160 0.05400994 -0.13301291
vn -0.99170529 0.00074172 -0.12853041
vn -0.96070263 0.05860427 0.27132267
vn -0.85456277 0.09886944 0.50985028
vn -0.74950102 0.09808625 0.65469635
vn -0.88621981 0.11470192 -0.44884063
vn -0.96373463 0.00923995 -0.26670243
vn -0.99463380 -0.06572032 -0.07990270
vn -0.99486086 -0.09095153 0.04449365
vn -0.98453815 -0.02908745 0.17273837
vn -0.89161971 0.07861168 0.44590862
vn -0.95560961 0.01156150 -0.29440891
vn -0.98870665 -0.06053894 -0.13709194
vn -0.98455067 -0.17350508 -0.02357907
vn -0.98168546 -0.18955448 0.01904600
vn -0.98804885 -0.12299955 0.09290092
vn -0.96800362 -0.02210408 0.24996079
vn -0.16086997 0.96273061 -0.21741810
vn -0.14357104 0.98590712 -0.08587498
vn -0.16400966 0.98644973 0.00421427
vn -0.24269330 0.95831437 0.15077642
vn -0.13660042 0.75906010 -0.63652816
vn -0.16781694 0.91617937 -0.36394070
vn -0.14078269 0.98719692 -0.07498317
vn -0.13528699 0.98999724 0.04003624
vn -0.19817097 0.91589203 0.34909893
vn -0.19392583 0.78282267 0.59125413
vn -0.23813784 0.70485655 0.66818232
vn -0.08567940 0.61418881 -0.78449420
vn -0.07450902 0.69214648 -0.71790087
vn -0.14247675 0.71376729 0.68573802
vn -0.18519859 0.64198170 0.74401679
vn -0.06191796 0.42897111 -0.90119363
vn -0.17787150 0.39911651 0.89948193
vn -0.01967173 0.18345516 -0.98283123
vn -0.11259011 0.19024662 0.97525878
vn -0.15496204 0.09114868 0.98370661
vn 0.02487289 0.02418131 -0.99939812
vn -0.04889645 0.08798606 0.99492090
vn -0.12228946 0.08418042 0.98891807
vn 0.00657008 -0.16452227 -0.98635149
vn -0.08736774 -0.12238415 0.98862986
vn -0.05935442 -0.03601034 0.99758724
vn 0.08474500 -0.52606925 -0.84620885
vn -0.00202003 -0.49348046 0.86975454
vn 0.73836645 -0.57960630 0.34477748
vn 0.20577598 -0.72851024 -0.65339810
vn 0.12249884 -0.76812597 -0.62847158
vn 0.06133706 -0.83064351 -0.55341586
vn 0.04203541 -0.71218198 0.70073522
vn 0.03853862 -0.68131749 0.73097282
vn 0.26215409 -0.81524539 -0.51638182
vn 0.16455543 -0.92704603 -0.33690824
vn 0.15142407 -0.98765127 -0.04019608
vn 0.13346027 -0.98953346 0.05488074
vn 0.13058747 -0.97168984 0.19689026
vn 0.05761299 -0.88360941 0.46466671
vn 0.95485156 -0.01671771 -0.29661257
vn 0.98651563 -0.03003507 -0.16088758
vn 0.99900746 -0.04227534 0.01403195
vn 0.97554674 -0.04083630 0.21596516
vn 0.92754047 -0.05552010 -0.36957570
vn 0.98287757 -0.04201696 -0.17940532
vn 0.99895056 -0.04522394 0.00725029
vn 0.97478698 -0.05106223 0.21721648
vn 0.90469545 -0.05410672 0.42260928
vn 0.79551157 0.02810854 -0.60528609
vn 0.89585653 -0.04745099 -0.44180254
vn 0.97993019 -0.04337284 -0.19456521
vn 0.99894945 -0.04501737 0.00856922
vn 0.97519864 -0.03717179 0.21818769
vn 0.86707238 -0.04091772 0.49649897
vn 0.74692588 -0.02666475 -0.66437242
vn 0.89439620 -0.01698566 -0.44695294
vn 0.97244085 -0.04272653 -0.22920132
vn 0.99946779 -0.03174237 0.00752060
vn 0.95384068 -0.06283686 0.29366559
vn 0.84009693 -0.01775794 0.54214556
vn 0.72963829 0.16254989 0.66423301
vn 0.69229787 -0.05928061 -0.71917276
vn 0.82435310 -0.04858221 -0.56398736
vn 0.76424116 -0.00334567 0.64492190
vn 0.63712296 -0.02368611 0.77039815
vn 0.65199912 -0.02234044 -0.75789053
vn 0.71079775 -0.08266252 0.69852234
vn 0.57241426 -0.02242289 0.81965793
vn 0.44417409 0.00436387 -0.89592987
vn 0.53509649 -0.03247121 -0.84416667
vn 0.47967637 -0.02146241 0.87718296
vn 0.37438582 -0.03279508 -0.92669290
vn 0.50241288 -0.03570366 -0.86389036
vn 0.41294849 -0.02560823 0.91039429
vn 0.34016787 -0.03772226 -0.93960782
vn 0.39929023 -0.22404944 -0.88902709
vn 0.34043361 -0.02264353 0.93999586
vn 0.21485920 -0.00695640 0.97662026
vn 0.30219335 -0.04635438 -0.95211893
vn 0.41794159 -0.03936378 -0.90762069
vn 0.28683340 -0.04568558 0.95689050
vn 0.17164498 -0.03835831 0.98441183
vn 0.25277596 -0.04459835 -0.96649641
vn 0.21791878 -0.03867803 0.97520019
vn 0.13704854 -0.03942602 0.98977941
vn 0.22441476 -0.03881535 -0.97372038
vn 0.17583498 -0.02267766 0.98415841
vn 0.12064244 -0.02358171 0.99241589
vn 0.20125718 -0.03161656 -0.97902806
vn 0.14623393 -0.02840552 0.98884213
vn 0.11164107 -0.01535885 0.99362990
vn 0.17588723 -0.02769311 -0.98402072
vn 0.07858154 -0.01061247 0.99685120
vn 0.14161452 -0.02467272 -0.98961436
vn 0.02535338 -0.01380514 0.99958323
vn 0.10397210 -0.01512664 -0.99446518
vn -0.00470194 -0.00307260 0.99998423
vn 0.06600702 -0.00430641 -0.99780987
vn -0.02793124 0.00253603 0.99960663
vn 0.02876727 -0.00497844 -0.99957374
vn -0.11053604 0.01865394 0.99369704
vn -0.06056338 0.00260867 0.99816094
vn -0.00629264 -0.01338865 -0.99989057
vn -0.14775277 0.00167517 0.98902291
vn -0.07380838 0.00347557 0.99726639
vn -0.03808828 -0.00174024 -0.99927286
vn -0.17203069 0.01392556 0.98499316
vn -0.09807829 0.01779101 0.99501966
vn -0.09346695 0.01061122 -0.99556584
vn -0.21078348 0.03795325 0.97679572
vn -0.12806198 0.03304166 0.99121561
vn -0.14607554 0.01730988 -0.98912199
vn -0.23548600 0.02417481 0.97157703
vn -0.16533509 0.01354600 0.98614442
vn -0.17908373 0.01852519 -0.98365941
vn -0.27584113 0.04203819 0.96028353
vn -0.22593441 0.02766538 -0.97374959
vn -0.33476474 0.05827347 0.94049815
vn -0.25562228 0.04111134 -0.96590223
vn -0.35280232 0.07023737 0.93305800
vn -0.32014003 0.04372071 -0.94636085
vn -0.27024412 -0.36733611 -0.88996196
vn -0.39265905 0.05550350 0.91800775
vn -0.33511760 0.06582500 -0.93987407
vn -0.50716028 0.11843431 -0.85367544
vn -0.41866846 0.06952844 0.90547364
vn -0.38991900 0.06875296 -0.91827893
vn -0.59477407 0.06601901 -0.80117745
vn -0.66894737 0.11682835 0.73407122
vn -0.50123934 0.05366923 0.86364272
vn -0.47892705 0.07375241 -0.87475109
vn -0.66323297 0.08098846 -0.74401807
vn -0.71239524 0.07531273 0.69772561
vn -0.54678817 0.08116455 0.83332767
vn -0.57207543 -0.02287996 -0.81988183
vn -0.71189510 0.07611327 -0.69814908
vn -0.84075179 0.16962846 -0.51416205
vn -0.75995831 0.07641580 0.64546417
vn -0.61757025 0.06749600 0.78361424
vn -0.78782916 0.09259562 -0.60889348
vn -0.90874218 0.06559622 -0.41217082
vn -0.88912569 0.09734606 0.44719039
vn -0.81859664 0.06353822 0.57084361
vn -0.66165817 0.08489776 0.74498378
vn -0.82263417 0.11602098 -0.55660772
vn -0.92728328 0.09988647 -0.36078859
vn -0.98110528 0.07209290 -0.17954121
vn -0.99550947 0.07912326 0.05196537
vn -0.94977691 0.06356051 0.30640476
vn -0.84362850 0.09404333 0.52862728
vn -0.73264254 0.04677825 0.67900420
vn -0.86244062 0.08726679 -0.49857867
vn -0.93862197 0.09579064 -0.33138036
vn -0.98311498 0.09413956 -0.15691617
vn -0.99450680 0.09330974 0.04742906
vn -0.95537526 0.10518424 0.27603329
vn -0.87047868 0.11768467 0.47793010
vn -0.93752914 0.11981474 -0.32662448
vn -0.98405999 0.10809566 -0.14121352
vn -0.99314899 0.10752798 0.04574739
vn -0.96159744 0.11178386 0.25066859
vn -0.91263941 0.01535442 0.40847711
vn -0.96161301 0.13012634 -0.24159378
vn -0.98857859 0.10265958 -0.11033307
vn -0.99678980 0.07365354 0.03138863
vn -0.98175834 0.06969011 0.17690066
vn -0.11497978 0.81926794 -0.56176480
vn -0.00990451 0.94025482 -0.34032744
vn -0.03368412 0.99323445 -0.11113377
vn 0.00148465 0.99948977 0.03190597
vn -0.01473537 0.93794388 0.34647388
vn -0.15269971 0.82679792 0.54137603
vn -0.04175441 0.65093530 -0.75798404
vn 0.01798965 0.72215541 -0.69149688
vn 0.01956426 0.81843248 -0.57426955
vn 0.08645232 0.79713771 0.59757633
vn -0.04309717 0.74872938 0.66147331
vn -0.14107441 0.67165317 0.72731014
vn 0.03158026 0.51337707 -0.85758188
vn 0.12372558 0.62279076 -0.77254362
vn 0.08315659 0.66968370 0.73797610
vn -0.04396863 0.50262914 0.86338329
vn 0.09950835 0.28694553 -0.95276458
vn 0.00506180 0.25721723 0.96634035
vn 0.17808378 0.00464074 -0.98400438
vn 0.12451265 0.06392522 -0.99015664
vn 0.04983902 0.10092214 0.99364520
vn 0.22845480 -0.03431905 -0.97294944
vn 0.15095595 -0.11127798 -0.98225736
vn -0.21127384 -0.97183874 0.10436874
vn 0.20732051 -0.12430919 0.97034295
vn 0.28706303 -0.21725478 -0.93294972
vn 0.19119602 -0.44293975 -0.87592720
vn 0.00964699 -0.36841002 0.92961335
vn 0.22555983 -0.24366344 0.94326608
vn 0.25218714 -0.64969166 -0.71714880
vn 0.22277839 -0.72334282 -0.65356327
vn 0.13828863 -0.68822645 0.71219423
vn 0.19420972 -0.62411060 0.75681474
vn 0.36480640 -0.71233624 -0.59957766
vn 0.32218662 -0.75383339 -0.57265260
vn 0.29274388 -0.88486480 -0.36237454
vn 0.26896978 -0.93097641 0.24685659
vn 0.26203337 -0.96391019 0.04707072
vn 0.23981849 -0.94159247 0.23641219
vn 0.26715180 -0.77907323 0.56716383
vn 0.28489199 -0.69495945 0.66020294
vn 0.45629966 -0.77626050 -0.43498305
vn 0.45141088 -0.86708389 -0.21069825
vn 0.36655197 -0.93039682 -0.00118762
vn 0.35280905 -0.93388111 0.05823961
vn 0.35884199 -0.91771146 0.17040570
vn 0.45522820 -0.83725558 0.30293626
vn 0.98703601 -0.03566396 -0.15648638
vn 0.99925530 -0.03399799 0.01824790
vn 0.98989211 -0.02894855 0.13883654
vn 0.94200955 -0.04221187 -0.33292066
vn 0.98394666 -0.04134817 -0.17360675
vn 0.99877533 -0.04748552 0.01389105
vn 0.97621531 -0.04719865 0.21160328
vn 0.93204294 0.02507993 0.36147884
vn 0.80907024 0.00446167 -0.58769502
vn 0.90855677 -0.06118821 -0.41325609
vn 0.98134976 -0.05341939 -0.18465920
vn 0.99891683 -0.04335916 0.01688647
vn 0.97239472 -0.04587177 0.22878876
vn 0.87583976 -0.06928070 0.47760328
vn 0.76502758 -0.04622420 -0.64233646
vn 0.90474195 -0.03083408 -0.42484263
vn 0.97325786 -0.05059922 -0.22407331
vn 0.99892921 -0.04517604 0.00997744
vn 0.96717847 -0.04179630 0.25063693
vn 0.87113021 -0.03669506 0.48967910
vn 0.72353145 -0.05052647 0.68843977
vn 0.72655194 -0.06373878 -0.68414885
vn 0.84803500 -0.04989284 -0.52758633
vn 0.81675615 -0.04428027 0.57528136
vn 0.67031706 -0.04583161 0.74065815
vn 0.67522483 -0.04794368 -0.73605219
vn 0.78584448 -0.05779308 -0.61571780
vn 0.73234217 -0.17982334 0.65676366
vn 0.61456779 -0.06929140 0.78581495
vn 0.47456916 0.01157666 -0.88014209
vn 0.58469166 -0.02536215 -0.81085906
vn 0.56538430 -0.01853308 0.82461938
vn 0.41703695 -0.03977736 -0.90801869
vn 0.53633920 -0.04528394 -0.84278682
vn 0.46201188 -0.03371236 0.88623276
vn 0.37563615 -0.04578932 -0.92563536
vn 0.49186239 -0.04119261 -0.86969797
vn 0.39140242 -0.03612940 0.91951009
vn 0.27394473 0.02496710 0.96142131
vn 0.34172286 -0.03599376 -0.93911125
vn 0.35799282 -0.02122254 0.93348313
vn 0.21708891 -0.02521054 0.97582623
vn 0.27760108 -0.04400650 -0.95968800
vn 0.27825688 -0.03320025 0.95993273
vn 0.17111944 -0.02825189 0.98484515
vn 0.24353904 -0.02930090 -0.96944840
vn 0.23843764 -0.05657111 0.96950874
vn 0.15414871 -0.02222501 0.98779766
vn 0.21590500 -0.04274918 -0.97547811
vn 0.10957084 -0.02589784 0.99364155
vn 0.19479619 -0.04966933 -0.97958532
vn 0.08812060 -0.03810969 0.99538054
vn 0.16341127 -0.04672428 -0.98545096
vn 0.06938305 -0.02270496 0.99733168
vn 0.12798386 -0.03284701 -0.99123217
vn 0.02196504 -0.01976701 0.99956331
vn 0.09521524 -0.02240966 -0.99520443
vn -0.02385607 -0.01626272 0.99958312
vn 0.05338099 -0.03442879 -0.99798052
vn -0.05634784 -0.01839805 0.99824167
vn 0.01945344 -0.02334085 -0.99953828
vn -0.11914249 0.02006169 0.99267447
vn -0.07479382 0.00061350 0.99719883
vn -0.03350342 -0.01966160 -0.99924519
vn -0.14242165 0.00092960 0.98980564
vn -0.08766485 0.00049895 0.99614990
vn -0.07139310 0.00124946 -0.99744747
vn -0.17683301 -0.00031921 0.98424082
vn -0.11306761 -0.01526137 0.99347008
vn -0.11736390 -0.00375814 -0.99308187
vn -0.22790685 0.00338601 0.97367705
vn -0.16778022 -0.00044815 -0.98582432
vn -0.25523386 0.01364881 0.96678301
vn -0.20607013 0.00862935 -0.97849918
vn -0.28215076 0.02772510 0.95896938
vn -0.26380319 0.00396950 -0.96456836
vn -0.32031510 0.02849783 0.94688231
vn -0.30581468 0.04006063 -0.95124788
vn -0.39485010 0.06117403 -0.91670668
vn -0.36733600 0.01567911 0.92995615
vn -0.31996543 0.02651958 -0.94705799
vn -0.43903946 0.04477244 -0.89735154
vn -0.44345292 0.02256046 0.89601369
vn -0.34987388 0.05432562 -0.93522029
vn -0.50740786 0.04812812 -0.86036094
vn -0.59079852 0.11331909 0.79882156
vn -0.49043247 0.10203075 0.86548583
vn -0.43622166 -0.04074829 -0.89891615
vn -0.59106557 0.03324815 -0.80593799
vn -0.66857716 0.05104897 0.74188852
vn -0.52923990 0.06319719 0.84611539
vn -0.67545560 0.07108153 -0.73396672
vn -0.82322394 0.10524188 -0.55787677
vn -0.72885769 0.06366531 0.68169875
vn -0.57819442 0.07930062 0.81203610
vn -0.75816982 0.05641842 -0.64961180
vn -0.89444770 0.02692597 -0.44636118
vn -0.89929577 0.11133944 0.42293102
vn -0.79020794 0.05671369 0.61020895
vn -0.66854451 -0.10226045 0.73660779
vn -0.80679769 0.08956148 -0.58400020
vn -0.91161032 0.06850310 -0.40530723
vn -0.97785992 0.05655379 -0.20147366
vn -0.99557065 0.06982872 0.06295267
vn -0.95146415 0.06234300 0.30137904
vn -0.83008995 0.07497456 0.55256627
vn -0.85382219 0.02964918 -0.51971972
vn -0.92145925 0.08843215 -0.37827582
vn -0.98072938 0.07598567 -0.17998904
vn -0.99515617 0.08285485 0.05290815
vn -0.95424980 0.08674968 0.28614997
vn -0.86739865 0.10303802 0.48682928
vn -0.95403185 0.06111526 -0.29340782
vn -0.98087195 0.08888811 -0.17317367
vn -0.99501616 0.08580760 0.05079270
vn -0.96055734 0.09051679 0.26293785
vn -0.91056154 0.01179301 0.41320527
vn -0.99365051 0.07692350 -0.08210623
vn -0.99509989 0.07620077 0.06300519
vn -0.98147287 0.06670913 0.17961319
vn 0.03885740 0.97527022 -0.21757319
vn 0.08909562 0.98917086 -0.11663182
vn 0.11345715 0.99347232 -0.01184148
vn 0.10467764 0.95814715 0.26645192
vn 0.12940194 0.78405752 -0.60704937
vn 0.08327491 0.92530343 -0.36997143
vn 0.11185073 0.97852823 -0.17312399
vn 0.08373326 0.82933482 0.55244231
vn 0.08463517 0.75211010 0.65358035
vn 0.18940300 0.54174564 -0.81892500
vn 0.15980013 0.65762871 -0.73619862
vn 0.12216933 0.68524621 0.71799184
vn 0.08394353 0.51334096 0.85406940
vn 0.35291293 0.17318551 -0.91948858
vn 0.26638979 0.36564640 -0.89181791
vn 0.10358422 0.32626931 0.93958429
vn 0.29018453 0.10085677 -0.95164114
vn 0.16977995 0.19371072 -0.96625614
vn 0.13007336 0.15543875 0.97924446
vn 0.18928342 0.08774001 0.97799462
vn 0.33516466 -0.00357912 -0.94215277
vn 0.19783925 0.05589812 0.97863938
vn 0.36243937 -0.22789741 -0.90371482
vn 0.24165027 -0.06822704 0.96796189
vn 0.49394612 -0.43435556 -0.75322804
vn 0.33093638 -0.64478061 -0.68901311
vn 0.28320342 -0.59721369 0.75042097
vn 0.37990599 -0.38177627 0.84256651
vn 0.57136984 -0.58365613 -0.57695929
vn 0.47652125 -0.64014375 -0.60261387
vn 0.41797237 -0.67355952 -0.60960370
vn 0.37233460 -0.62686461 0.68440317
vn 0.39637890 -0.63807737 0.66010684
vn 0.49645229 -0.58374828 0.64247418
vn 0.57819760 -0.63197464 -0.51603836
vn 0.50362979 -0.69496931 -0.51320044
vn 0.48752619 -0.84016550 -0.23757136
vn 0.44122206 -0.89678355 0.03320186
vn 0.42420633 -0.90253374 0.07403940
vn 0.42594548 -0.89320684 0.14405554
vn 0.44387788 -0.74912513 0.49171533
vn 0.46808173 -0.61587676 0.63371547
vn 0.53624774 -0.68311282 -0.49577741
vn 0.50016970 -0.76529916 -0.40515116
vn 0.49290623 -0.86512620 -0.09273676
vn 0.45891268 -0.88758602 0.03987748
vn 0.45802927 -0.88647700 0.06608866
vn 0.47500313 -0.87238957 0.11536233
vn 0.45562472 -0.82655365 0.33047719
vn 0.45311171 -0.67319036 0.58438388
vn 0.26432960 -0.91971393 -0.29026909
vn 0.34079279 -0.93794170 -0.06423116
vn 0.40606395 -0.91029790 0.08043511
vn 0.99036829 -0.05397754 -0.12750320
vn 0.99862174 -0.05181253 0.00837145
vn 0.98892008 -0.04151692 0.14252519
vn 0.94854852 -0.05910255 -0.31106687
vn 0.98588669 -0.05656680 -0.15756785
vn 0.99825964 -0.05795962 0.01088000
vn 0.97546206 -0.05078082 0.21423136
vn 0.93661400 -0.00030191 0.35036286
vn 0.84335717 0.00247256 -0.53734772
vn 0.91956267 -0.06182143 -0.38804976
vn 0.98438554 -0.05052683 -0.16861834
vn 0.99883065 -0.04693892 0.01157928
vn 0.97554115 -0.05152307 0.21369331
vn 0.88938894 -0.07085708 0.45162660
vn 0.80643946 -0.05707255 -0.58855597
vn 0.91380481 -0.04162079 -0.40401545
vn 0.97963945 -0.04616456 -0.19538522
vn 0.99911459 -0.03823880 0.01754527
vn 0.97202751 -0.02322256 0.23371612
vn 0.86736527 -0.00928667 0.49758542
vn 0.77500006 0.07790949 0.62714035
vn 0.76045428 -0.05752763 -0.64683836
vn 0.86128722 -0.03400483 -0.50697929
vn 0.93700354 -0.06459280 0.34329600
vn 0.85195262 -0.03044454 0.52273307
vn 0.70953825 -0.04720487 0.70308404
vn 0.57041143 -0.01411728 -0.82123778
vn 0.70520339 -0.04825715 -0.70736089
vn 0.80084268 -0.11024678 -0.58863966
vn 0.78252308 -0.08721914 0.61648232
vn 0.66871177 -0.03382651 0.74275186
vn 0.50151668 -0.04130551 -0.86416137
vn 0.64019765 -0.03538288 -0.76739496
vn 0.56035420 -0.05744837 0.82625835
vn 0.46105629 -0.05085590 -0.88591240
vn 0.58892725 -0.05512755 -0.80630370
vn 0.48768350 -0.05697201 0.87115957
vn 0.36467834 -0.00639828 0.93111158
vn 0.43021157 -0.05908365 -0.90079250
vn 0.52943801 -0.11388348 -0.84066994
vn 0.44672068 -0.04889390 0.89333645
vn 0.30183837 -0.03956546 0.95253775
vn 0.37070840 -0.04670437 -0.92757425
vn 0.39669071 -0.03094301 0.91743066
vn 0.26857109 -0.03194683 0.96272996
vn 0.30154034 -0.03409728 -0.95284353
vn 0.32401416 -0.03616237 0.94536083
vn 0.21983873 -0.03528407 0.97489793
vn 0.26311016 -0.03507186 -0.96412811
vn 0.27310460 -0.05511955 0.96040393
vn 0.18127813 -0.03269123 0.98288836
vn 0.22719278 -0.04053575 -0.97300580
vn 0.13210598 -0.02529877 0.99091270
vn 0.19779623 -0.04282284 -0.97930733
vn 0.09996122 -0.02540024 0.99466707
vn 0.17297994 -0.03433457 -0.98432671
vn 0.07265230 -0.02411598 0.99706573
vn 0.13807883 -0.03717189 -0.98972344
vn 0.04439891 -0.01832605 0.99884578
vn 0.11244382 -0.03497012 -0.99304254
vn 0.00631050 -0.03523365 0.99935918
vn 0.06951923 -0.05003200 -0.99632519
vn -0.03078006 -0.02247470 0.99927347
vn 0.04442932 -0.03776640 -0.99829842
vn -0.07490730 -0.03079588 0.99671486
vn -0.00008201 -0.02915396 -0.99957493
vn -0.14685858 -0.00030509 0.98915745
vn -0.10001866 -0.01574716 0.99486094
vn -0.04885777 -0.03400496 -0.99822672
vn -0.16283414 -0.01417978 0.98655156
vn -0.11660933 -0.04646431 0.99209039
vn -0.08711677 -0.02429548 -0.99590180
vn -0.18088127 -0.00221074 0.98350246
vn -0.13216692 -0.02598208 -0.99088689
vn -0.22983559 0.00368579 0.97322249
vn -0.17532343 -0.01072735 -0.98445245
vn -0.27341557 -0.00216869 0.96189356
vn -0.22366581 -0.00368529 -0.97465893
vn -0.30801635 -0.00466322 0.95136964
vn -0.27748342 -0.01036751 -0.96067449
vn -0.33601675 -0.00475216 -0.94184402
vn -0.33979338 0.01658755 0.94035382
vn -0.30378862 0.01097861 -0.95267620
vn -0.41522490 -0.00942930 -0.90966992
vn -0.37927943 0.02449970 0.92495777
vn -0.35363917 -0.03007876 -0.93489818
vn -0.44572470 0.00585600 -0.89515094
vn -0.58068641 0.10767459 0.80697551
vn -0.46389953 0.03578198 0.88516489
vn -0.51439941 0.01756632 -0.85737079
vn -0.62556975 0.01782958 0.77996448
vn -0.48609875 0.01132275 0.87383053
vn -0.63384016 0.03360557 -0.77273367
vn -0.78526305 0.08606411 -0.61315162
vn -0.69517130 -0.00570279 0.71882149
vn -0.56296732 -0.09741658 0.82071786
vn -0.72920416 0.05838853 -0.68180061
vn -0.88196728 0.02126524 -0.47083066
vn -0.86303534 0.13523437 0.48670491
vn -0.74694145 0.07852477 0.66023658
vn -0.77461901 0.05185230 -0.63029892
vn -0.91264273 0.05603949 -0.40489853
vn -0.97981671 0.05818154 -0.19124364
vn -0.99715729 0.03080092 0.06876508
vn -0.94014824 0.04048535 0.33835221
vn -0.82271474 0.07593630 0.56335969
vn -0.80194966 0.00291126 -0.59738452
vn -0.91038392 0.05543552 -0.41003416
vn -0.98335850 0.05348730 -0.17362367
vn -0.99626854 0.05793405 0.06397373
vn -0.95428563 0.07912913 0.28823170
vn -0.84622459 0.08766764 0.52556477
vn -0.95228419 -0.01177012 -0.30498570
vn -0.98206823 0.06634589 -0.17646592
vn -0.99562998 0.06877848 0.06317019
vn -0.96266591 0.05753335 0.26450758
vn -0.88843168 0.00854447 0.45892934
vn -0.99602389 0.05408439 -0.07079052
vn -0.99470376 0.06778068 0.07726707
vn 0.12169196 0.98961018 -0.07656871
vn 0.11088897 0.99381615 0.00575229
vn 0.02708745 0.99483692 0.09780473
vn 0.26494992 0.80499291 -0.53083704
vn 0.21316454 0.92793136 -0.30578467
vn 0.20085585 0.97226385 -0.11983293
vn 0.19745526 0.97997199 0.02581335
vn 0.18253819 0.91425218 0.36169429
vn 0.19822015 0.76750419 0.60962783
vn 0.31064932 0.58556224 -0.74874153
vn 0.29782715 0.68022799 -0.66976777
vn 0.21319823 0.71234601 0.66866260
vn 0.20854147 0.57870491 0.78842316
vn 0.39991662 0.30449149 -0.86449501
vn 0.34999556 0.49708015 -0.79398641
vn 0.27861190 0.40167826 0.87237033
vn 0.36699776 0.22116068 0.90354889
vn 0.40946661 0.13723577 -0.90194425
vn 0.25865143 0.28683260 0.92240257
vn 0.31108486 0.16937099 0.93516826
vn 0.56189670 -0.01967769 -0.82697333
vn 0.45407264 0.02737822 -0.89054392
vn 0.35008149 0.05460247 0.93512647
vn 0.60934864 -0.01719695 -0.79271590
vn 0.51004603 -0.07712385 -0.85668253
vn 0.41624554 0.00018531 0.90925223
vn 0.56442915 -0.24808425 -0.78732074
vn 0.58809177 -0.31129992 -0.74648539
vn 0.49221958 -0.18437811 0.85072004
vn 0.46792645 -0.22793531 0.85386787
vn 0.43881127 -0.44233175 -0.78216833
vn 0.58313149 -0.54691245 -0.60070329
vn 0.56211575 -0.59465731 -0.57481177
vn 0.46631182 -0.61081138 0.63989276
vn 0.47053945 -0.53747805 0.69979281
vn 0.34498956 -0.48851908 0.80145574
vn 0.28202473 -0.55837448 -0.78017946
vn 0.42648652 -0.64397053 -0.63514660
vn 0.55266207 -0.63502490 -0.53972958
vn 0.44479256 -0.63138053 0.63523083
vn 0.34488597 -0.67545731 0.65177534
vn 0.19197357 -0.74442375 -0.63951499
vn 0.27373397 -0.79574459 -0.54024092
vn 0.30711218 -0.85814485 -0.41142377
vn 0.43918019 -0.89612686 0.06385470
vn 0.43600195 -0.89986195 -0.01227918
vn 0.28483383 -0.86236404 0.41856654
vn 0.27024839 -0.72807108 0.62998279
vn 0.10059463 -0.92111746 -0.37606295
vn 0.14557870 -0.97196429 -0.18464092
vn 0.24177800 -0.97031066 -0.00637380
vn 0.29026644 -0.95610237 0.04017024
vn 0.23690874 -0.95482741 0.17938467
vn 0.08795397 -0.91729885 0.38836441
vn 0.99385118 -0.04268455 -0.10216587
vn 0.99903582 -0.04226700 0.01187136
vn 0.99247515 -0.04703706 0.11305132
vn 0.94913433 -0.05293280 -0.31039030
vn 0.98744753 -0.06236487 -0.14511374
vn 0.99841679 -0.05317980 0.01832564
vn 0.97982011 -0.06522552 0.18893962
vn 0.94070232 -0.01338850 0.33896887
vn 0.85461331 -0.00430067 -0.51924714
vn 0.92409675 -0.05241123 -0.37854755
vn 0.98419184 -0.05437005 -0.16855362
vn 0.99842034 -0.05550479 0.00872013
vn 0.97489538 -0.06557939 0.21278706
vn 0.89269140 -0.09161832 0.44125745
vn 0.82216556 -0.06242333 -0.56581545
vn 0.92063644 -0.05010042 -0.38719310
vn 0.98285075 -0.04140013 -0.17969537
vn 0.99892741 -0.04180217 0.01991509
vn 0.96850869 -0.04626276 0.24464398
vn 0.87646711 -0.03378497 0.48027489
vn 0.78483072 0.04974786 0.61771020
vn 0.79894883 -0.05307060 -0.59905281
vn 0.88658554 -0.04634357 -0.46023727
vn 0.22672523 0.09948007 -0.96886500
vn 0.87234025 -0.03660118 0.48752727
vn 0.74020881 -0.06043887 0.66965518
vn 0.63780439 0.04797489 -0.76870279
vn 0.74203077 -0.05785042 -0.66786501
vn 0.84164451 -0.11186490 -0.52831880
vn 0.80454106 -0.07734593 0.58883894
vn 0.68332649 -0.05699731 0.72788476
vn 0.55124338 -0.06301128 -0.83196173
vn 0.68765188 -0.04603030 -0.72457995
vn 0.61512366 -0.04300523 0.78725690
vn 0.49057696 -0.04267589 -0.87035224
vn 0.62809561 -0.04279258 -0.77695862
vn 0.53283564 -0.02618676 0.84581348
vn 0.43030498 0.04345065 0.90163721
vn 0.45124548 -0.06007201 -0.89037569
vn 0.57157073 -0.11461974 -0.81250798
vn 0.49591390 -0.02853510 0.86790273
vn 0.35724664 -0.03205901 0.93345973
vn 0.38758424 -0.03989765 -0.92097049
vn 0.42064384 -0.04997108 0.90584858
vn 0.29312044 -0.05810185 0.95430843
vn 0.33385287 -0.04975945 -0.94131093
vn 0.35783745 -0.06516113 0.93150759
vn 0.25247589 -0.04628034 0.96649576
vn 0.28857873 -0.04705381 -0.95629925
vn 0.19803416 -0.03208134 0.97966997
vn 0.24963343 -0.05877611 -0.96655498
vn 0.16329605 -0.02870373 0.98615947
vn 0.21811808 -0.04753319 -0.97476412
vn 0.12591867 -0.03291849 0.99149426
vn 0.18802703 -0.03752448 -0.98144676
vn 0.08884374 -0.04363936 0.99508914
vn 0.15694721 -0.04024875 -0.98678651
vn 0.05468913 -0.02836070 0.99810058
vn 0.12099050 -0.04340486 -0.99170425
vn 0.02580985 -0.01941777 0.99947826
vn 0.07617404 -0.03056337 -0.99662601
vn -0.00480983 -0.02758814 0.99960780
vn 0.03829845 -0.03281990 -0.99872723
vn -0.05599706 -0.02214184 0.99818539
vn 0.01046980 -0.02746034 -0.99956806
vn -0.09435016 -0.02920707 0.99511054
vn -0.03123143 -0.04791031 -0.99836326
vn -0.18723276 -0.01935455 0.98212489
vn -0.12714487 -0.02797413 0.99148960
vn -0.06519196 -0.03552910 -0.99724004
vn -0.20230766 -0.02602007 0.97897629
vn -0.14488948 -0.02669946 0.98908755
vn -0.10996911 -0.03255013 -0.99340187
vn -0.20575907 -0.01283411 0.97851852
vn -0.14804316 -0.02672940 0.98861962
vn -0.15021368 -0.03101427 -0.98816697
vn -0.24003457 -0.00663989 0.97074163
vn -0.19089402 -0.02968835 -0.98116159
vn -0.28121927 -0.01156628 0.95957383
vn -0.22830938 -0.02317960 -0.97331266
vn -0.32427302 -0.00563373 0.94594676
vn -0.29400336 -0.01553597 -0.95567812
vn -0.38192934 0.02677613 -0.92380356
vn -0.37108676 0.00198657 0.92859607
vn -0.29433565 -0.01430822 -0.95559500
vn -0.43531487 -0.01736577 -0.90011077
vn -0.55402767 -0.00912381 0.83244825
vn -0.41379477 -0.00698541 0.91034339
vn -0.33882466 -0.02078869 -0.94061984
vn -0.47136345 0.00059747 -0.88193885
vn -0.60070915 -0.00417656 0.79945674
vn -0.46166025 0.01035836 0.88699635
vn -0.60994888 -0.02888839 -0.79191403
vn -0.66082678 0.01672500 0.75035208
vn -0.52788119 0.01742422 0.84913947
vn -0.68993870 0.03128788 -0.72319130
vn -0.83851354 0.08448398 -0.53829129
vn -0.87062716 0.08502050 0.48454087
vn -0.72147774 0.03169840 0.69171170
vn -0.74885334 0.02473737 -0.66227391
vn -0.90842465 0.02528194 -0.41728346
vn -0.98179152 0.03488927 -0.18673017
vn -0.99607134 0.03284359 0.08223856
vn -0.93655858 0.01414532 0.35022556
vn -0.78528601 0.04340333 0.61760994
vn -0.79738085 -0.09192360 -0.59643427
vn -0.91205721 0.03912290 -0.40819241
vn -0.98479334 0.03810684 -0.16949912
vn -0.99588963 0.04049502 0.08101856
vn -0.93791270 0.02201909 0.34617183
vn -0.84769931 -0.12496195 0.51554864
vn -0.94816630 0.01299415 -0.31750878
vn -0.98294780 0.03947933 -0.17959679
vn -0.99665954 0.05205925 0.06292526
vn -0.94452839 0.06892269 0.32111648
vn -0.99122104 0.03255939 -0.12814339
vn -0.99855022 0.03316121 0.04240047
vn -0.98104225 0.03329559 0.19091231
vn 0.43088857 0.77004830 -0.47048981
vn 0.39966474 0.88083875 -0.25375419
vn 0.40236869 0.90972655 -0.10245506
vn 0.39300618 0.91934370 0.01879632
vn 0.37476564 0.86471173 0.33440146
vn 0.33695335 0.73242855 0.59161716
vn 0.47258245 0.57308182 -0.66950956
vn 0.40040953 0.67894705 -0.61538858
vn 0.32026027 0.68482332 0.65456121
vn 0.36578399 0.59770331 0.71340930
vn 0.53564850 0.38829562 -0.74987145
vn 0.42960600 0.56813995 -0.70189435
vn 0.41662479 0.48770844 0.76717942
vn 0.42531939 0.33082554 0.84241194
vn 0.61325848 0.10514692 -0.78285258
vn 0.55150609 0.16603980 -0.81747894
vn 0.44335583 0.19572494 0.87471559
vn 0.60757839 0.04094318 -0.79320373
vn 0.56764725 0.09745535 -0.81748337
vn 0.48625738 0.08371960 0.86979583
vn 0.56464950 0.05570813 0.82344857
vn 0.41738523 0.07289842 -0.90580097
vn 0.59489481 0.01881852 -0.80358324
vn 0.53040703 0.02546047 0.84736069
vn 0.50499735 0.00042540 0.86312079
vn 0.23785642 -0.18037260 -0.95440560
vn 0.38053645 -0.26723742 -0.88531134
vn 0.53906963 0.01938272 0.84203815
vn 0.34750145 -0.11406095 0.93071630
vn 0.18281373 -0.44166039 -0.87835940
vn 0.18914430 -0.49788941 0.84636314
vn 0.11783339 -0.37732082 0.91855555
vn 0.08297031 -0.55240656 -0.82943530
vn 0.13607617 -0.65314924 -0.74490224
vn 0.07866529 -0.59621150 0.79896409
vn 0.04974084 -0.74783196 -0.66202206
vn 0.06808816 -0.82473864 -0.56140020
vn 0.19874821 -0.92363835 0.32770618
vn 0.03457044 -0.78849584 0.61406775
vn 0.08921905 -0.67721527 0.73035569
vn 0.08799169 -0.87372173 -0.47840130
vn 0.03002212 -0.91963869 -0.39161633
vn 0.05179294 -0.97083043 -0.23410631
vn 0.07985073 -0.99475710 -0.06389185
vn 0.08245999 -0.99322117 0.08192714
vn 0.05016208 -0.95908579 0.27863633
vn 0.01068337 -0.90355812 0.42833234
vn 0.02408789 -0.84964518 0.52680437
vn -0.01201547 -0.98505367 -0.17182810
vn -0.00794456 -0.99862212 -0.05187232
vn 0.02654309 -0.99799216 0.05750744
vn 0.04282516 -0.97589692 0.21398882
vn 0.99490826 -0.05174853 -0.08648489
vn 0.99858125 -0.05306434 -0.00443530
vn 0.99542212 -0.03283784 0.08975788
vn 0.96248154 -0.01065354 -0.27113793
vn 0.98752500 -0.04999620 -0.14931431
vn 0.99871129 -0.05006672 0.00831154
vn 0.98165009 -0.06126325 0.18058218
vn 0.94342029 -0.02235310 0.33084513
vn 0.86905085 -0.01383811 -0.49452919
vn 0.93164113 -0.05499105 -0.35919463
vn 0.98647761 -0.04745554 -0.15687540
vn 0.99876448 -0.04913675 0.00742291
vn 0.97805295 -0.04302667 0.20386547
vn 0.90318275 -0.06052508 0.42496781
vn 0.84186792 -0.06683597 -0.53552905
vn 0.92491639 -0.05340851 -0.37640032
vn 0.98531613 -0.03668417 -0.16675247
vn 0.99872380 -0.04789451 0.01602752
vn 0.97784249 -0.03109891 0.20701912
vn 0.88610400 -0.03091141 0.46245452
vn 0.81041909 0.07304176 0.58127945
vn 0.79721236 -0.06606166 -0.60007359
vn 0.89800450 -0.04281905 -0.43789776
vn 0.96542352 -0.04721249 -0.25637552
vn 0.94072760 -0.09811506 0.32466138
vn 0.86347648 -0.03994884 0.50280460
vn 0.75311712 -0.07033473 0.65411592
vn 0.66589366 0.08416887 -0.74128351
vn 0.77004854 -0.02596878 -0.63745656
vn 0.85705141 -0.05666225 -0.51210572
vn 0.76421244 -0.21191147 0.60915752
vn 0.71209598 -0.06885694 0.69869739
vn 0.58850403 -0.06410514 -0.80594884
vn 0.72235993 -0.05551295 -0.68928546
vn 0.66053524 -0.04163358 0.74963981
vn 0.50492833 -0.03252818 0.86254815
vn 0.53330964 -0.05840477 -0.84390148
vn 0.66355062 -0.05063284 -0.74641603
vn 0.57685839 -0.03044774 0.81627650
vn 0.44365268 -0.03662310 0.89545019
vn 0.49075955 -0.05997973 -0.86922810
vn 0.52649162 -0.04769637 0.84884134
vn 0.39529463 -0.04026734 0.91767134
vn 0.41684184 -0.06272026 -0.90681258
vn 0.47682349 -0.10014081 0.87327612
vn 0.36370209 -0.06807032 0.92902488
vn 0.35808147 -0.05600449 -0.93200920
vn 0.31639194 -0.02495913 0.94830015
vn 0.31472805 -0.06020130 -0.94727085
vn 0.22571614 -0.04308647 0.97323984
vn 0.27513586 -0.04133650 -0.96051630
vn 0.17286668 -0.05117204 0.98361503
vn 0.21986748 -0.06097039 -0.97362257
vn 0.14343400 -0.04425882 0.98866974
vn 0.19240294 -0.04358120 -0.98034779
vn 0.11624130 -0.04100820 0.99237407
vn 0.16035981 -0.05070474 -0.98575543
vn 0.08788211 -0.03142712 0.99563501
vn 0.13462204 -0.04664305 -0.98979863
vn 0.04777886 -0.03831227 0.99812291
vn 0.11010355 -0.03578439 -0.99327574
vn 0.00717570 -0.03676341 0.99929823
vn 0.06070872 -0.04239581 -0.99725476
vn -0.02429579 -0.04030585 0.99889196
vn 0.02321729 -0.04428142 -0.99874927
vn -0.07137684 -0.02544949 0.99712470
vn -0.00807962 -0.04766570 -0.99883067
vn -0.11236432 -0.02207163 0.99342192
vn -0.04058223 -0.02984137 -0.99873048
vn -0.15301777 -0.03357778 0.98765282
vn -0.08224096 -0.03240899 -0.99608538
vn -0.21452487 -0.01296248 0.97663251
vn -0.16745527 -0.01332052 0.98578968
vn -0.12503957 -0.03532188 -0.99152280
vn -0.23247638 -0.03545641 0.97195554
vn -0.18608110 -0.04575694 0.98146835
vn -0.16691744 -0.04550513 -0.98492023
vn -0.26574985 -0.03207367 0.96350833
vn -0.21310475 -0.03010156 -0.97656554
vn -0.30508658 -0.00645820 0.95230272
vn -0.25145791 -0.03080142 -0.96737800
vn -0.35438179 -0.00813582 0.93506543
vn -0.31166196 -0.03036195 -0.94970784
vn -0.43298281 0.02814250 -0.90096275
vn -0.42887550 -0.02319022 0.90306590
vn -0.34146847 -0.03311763 -0.93930959
vn -0.48862147 -0.03364605 -0.87184689
vn -0.56767866 0.06453861 0.82071658
vn -0.46778661 0.02527731 0.88347991
vn -0.52649253 -0.01002080 -0.85012069
vn -0.62359415 0.01551518 0.78159427
vn -0.47685215 0.01280747 0.87889021
vn -0.65515875 -0.01547835 -0.75533266
vn -0.82611926 0.06287696 -0.55997630
vn -0.84195610 0.00401210 0.53953112
vn -0.72045102 -0.00913871 0.69344561
vn -0.53557341 0.00077561 0.84448832
vn -0.70986015 0.01031612 -0.70426710
vn -0.89945467 -0.01138087 -0.43686585
vn -0.96958387 -0.00483525 -0.24471152
vn -0.98294432 0.00808679 0.18372553
vn -0.90621841 -0.01405015 0.42257636
vn -0.78305077 0.01713898 0.62172159
vn -0.79858653 -0.18002925 -0.57432484
vn -0.90685205 -0.02114659 -0.42091827
vn -0.98639466 -0.00995142 -0.16409309
vn -0.99562122 -0.00278417 0.09343790
vn -0.93337270 0.01938401 0.35838480
vn -0.81270076 0.03750848 0.58147278
vn -0.91930282 0.02605112 -0.39268774
vn -0.98421049 0.01058789 -0.17668506
vn -0.99680766 0.01387181 0.07862609
vn -0.94288134 0.03218541 0.33157031
vn -0.85572232 -0.03962202 0.51591609
vn -0.98829658 0.01917953 -0.15133414
vn -0.99764024 0.01748412 0.06639470
vn -0.97464236 0.00847894 0.22360765
vn 0.50964520 0.86031256 -0.01113881
vn 0.55395420 0.82488392 0.11269986
vn 0.64132628 0.56685181 -0.51708763
vn 0.57966051 0.70654617 -0.40593866
vn 0.54283307 0.81481301 -0.20349942
vn 0.52347659 0.84462000 -0.11220214
vn 0.53892194 0.84224508 0.01365185
vn 0.49691373 0.79811348 0.34072222
vn 0.47338870 0.68266829 0.55665712
vn 0.56843074 0.52505775 -0.63340418
vn 0.57633309 0.57208224 -0.58357698
vn 0.50220616 0.65652589 -0.56281678
vn 0.45387562 0.64469714 0.61511180
vn 0.49992238 0.58649352 0.63726209
vn 0.57714326 0.48482046 0.65715658
vn 0.53947142 0.38532954 -0.74865996
vn 0.58288460 0.43922200 -0.68361508
vn 0.43647952 0.53625344 0.72243884
vn 0.51598590 0.38075685 0.76732182
vn 0.45766177 0.23543786 -0.85738831
vn 0.53385574 0.23849082 0.81124607
vn 0.46389123 0.26003242 0.84686957
vn 0.24629069 0.10783210 -0.96317866
vn 0.41865981 0.12303628 -0.89976999
vn 0.56405937 0.13318853 0.81492198
vn 0.44409508 0.12267682 0.88754153
vn 0.20385615 0.00230907 -0.97899813
vn 0.28264997 -0.02372254 0.95892974
vn 0.03654120 -0.15861109 -0.98666472
vn 0.06367914 -0.27775328 -0.95853956
vn 0.12597390 -0.18984772 0.97369832
vn 0.04929010 -0.39422179 -0.91769258
vn 0.02805840 -0.36382517 0.93104456
vn 0.03524357 -0.51893734 -0.85408543
vn 0.00346916 -0.60391812 -0.79703882
vn -0.00392319 -0.54509369 0.83836595
vn 0.02126142 -0.44776410 0.89389891
vn 0.02465465 -0.71088917 -0.70287178
vn 0.01779687 -0.78063417 -0.62473479
vn -0.05896600 -0.74760176 0.66152446
vn -0.02730830 -0.63485619 0.77214758
vn 0.05494582 -0.78786013 -0.61339822
vn 0.00692821 -0.84549621 -0.53393647
vn 0.00178205 -0.91595666 -0.40127324
vn -0.02955601 -0.94849650 -0.31540583
vn -0.01307867 -0.92724802 0.37421927
vn -0.01839127 -0.89141480 0.45281499
vn -0.04309596 -0.80679251 0.58926105
vn 0.03727927 -0.94878872 -0.31370404
vn -0.02132846 -0.97718018 -0.21133855
vn -0.00661009 -0.99734304 -0.07254774
vn -0.00944528 -0.99812705 0.06044153
vn -0.02494800 -0.96090721 0.27574432
vn -0.01031517 -0.92120886 0.38893165
vn 0.93716851 -0.04494926 -0.34596928
vn 0.98653104 -0.03535189 -0.15970833
vn 0.99896475 -0.04121569 0.01925360
vn 0.97723871 -0.02562921 0.21058881
vn 0.80291658 -0.05669812 -0.59338881
vn 0.92050789 -0.04091045 -0.38857632
vn 0.96896134 -0.06834245 -0.23757786
vn 0.94616755 -0.05772573 0.31848815
vn 0.89077933 -0.03160522 0.45333574
vn 0.78136107 -0.04231040 0.62264333
vn 0.68548458 0.07146397 -0.72457146
vn 0.78047014 -0.03720948 -0.62408478
vn 0.86906295 -0.08680927 -0.48702540
vn 0.82724030 -0.11968019 0.54895367
vn 0.72174922 -0.07427775 0.68815760
vn 0.62576242 -0.04549551 -0.77868578
vn 0.74421249 -0.04066007 -0.66670423
vn 0.67981314 -0.03546289 0.73252746
vn 0.56658957 -0.00920236 0.82394877
vn 0.58126984 -0.07401861 -0.81033735
vn 0.68858605 -0.11437794 -0.71607747
vn 0.61568275 -0.05857835 0.78581380
vn 0.49551076 -0.06254073 0.86634736
vn 0.52763316 -0.03357971 -0.84880837
vn 0.56081400 -0.04991457 0.82643584
vn 0.43294056 -0.06282191 0.89923072
vn 0.42986443 -0.05909629 -0.90095738
vn 0.48693115 -0.11747811 0.86550387
vn 0.39778745 -0.04223061 0.91650517
vn 0.37568492 -0.05373455 -0.92518833
vn 0.32419248 -0.05156473 0.94458473
vn 0.33077826 -0.06432080 -0.94151398
vn 0.27253364 -0.03152773 0.96162956
vn 0.28787095 -0.05621830 -0.95601769
vn 0.20494707 -0.05625039 0.97715536
vn 0.19542620 -0.05260622 -0.97930648
vn 0.25392039 -0.06082382 -0.96531078
vn 0.16165589 -0.03839078 0.98610016
vn 0.16929987 -0.05840257 -0.98383266
vn 0.23067507 -0.05760781 -0.97132402
vn 0.11957947 -0.04392850 0.99185233
vn 0.13996668 -0.05365100 -0.98870162
vn 0.19139805 -0.05300899 -0.98008001
vn 0.09550187 -0.05142782 0.99409988
vn 0.11569278 -0.05413642 -0.99180866
vn 0.15009740 -0.05825666 -0.98695336
vn 0.06901220 -0.04451436 0.99662219
vn 0.10149575 -0.04541615 -0.99379877
vn 0.13168751 -0.04847597 -0.99010529
vn 0.03265084 -0.04247317 0.99856395
vn 0.06257906 -0.05392914 -0.99658191
vn 0.08761635 -0.05459482 -0.99465712
vn -0.00371967 -0.02416089 0.99970116
vn 0.04805307 -0.04733278 -0.99772266
vn -0.04931909 -0.04786417 0.99763553
vn 0.00965979 -0.03835447 -0.99921751
vn -0.09142418 -0.03466535 0.99520849
vn -0.03202193 -0.04375253 -0.99852907
vn -0.12924136 -0.03525836 0.99098613
vn -0.05767059 -0.03780520 -0.99761960
vn -0.15951142 -0.03534287 0.98656322
vn -0.09589061 -0.04588935 -0.99433352
vn -0.23406546 -0.02617270 0.97186848
vn -0.17748578 -0.02214198 0.98387425
vn -0.12457224 -0.02965008 -0.99176743
vn -0.23416452 -0.03397699 0.97160308
vn -0.19398819 -0.04769826 0.97984359
vn -0.17574479 -0.04651132 -0.98333640
vn -0.26386931 -0.02353094 0.96427137
vn -0.21644616 -0.02941386 -0.97585136
vn -0.31559722 -0.03134419 0.94837542
vn -0.26176096 -0.05485637 -0.96357251
vn -0.36053748 -0.04239213 0.93178089
vn -0.33676504 -0.04129199 -0.94068288
vn -0.48088831 0.01361337 -0.87667617
vn -0.43803480 -0.02512383 0.89860687
vn -0.37824382 -0.03206944 -0.92515035
vn -0.54437850 -0.04460809 -0.83765277
vn -0.58224401 -0.01946451 0.81278106
vn -0.47546587 -0.01544042 0.87959866
vn -0.44912601 -0.09570528 -0.88832783
vn -0.63232401 -0.03881172 -0.77373122
vn -0.65261173 -0.02537446 0.75726750
vn -0.52706674 -0.04257903 0.84875655
vn -0.72120774 0.00103410 -0.69271807
vn -0.84951887 0.04963993 -0.52521765
vn -0.86944771 0.06166405 0.49016143
vn -0.70532817 0.00071732 0.70888056
vn -0.75188229 -0.01321752 -0.65916486
vn -0.91467485 -0.03328850 -0.40281733
vn -0.98462017 -0.01025974 -0.17440719
vn -0.99394669 -0.00459369 0.10976738
vn -0.93138430 -0.03086044 0.36272707
vn -0.78455591 0.00264075 0.62005246
vn -0.82974516 -0.06072114 -0.55482963
vn -0.91824035 0.00297966 -0.39601236
vn -0.98871865 -0.00275646 -0.14975923
vn -0.99578376 0.00233831 0.09170188
vn -0.93590048 0.01344720 0.35200777
vn -0.85345338 -0.10986241 0.50945813
vn -0.95709438 0.01584075 -0.28934307
vn -0.99074966 0.02270778 -0.13378887
vn -0.99724972 0.02071335 0.07116141
vn -0.96287392 0.00276902 0.26993729
vn -0.99945883 0.00403062 -0.03264652
vn 0.58327885 0.75020810 -0.31140583
vn 0.59547662 0.79530542 -0.11356441
vn 0.58588357 0.80694062 -0.07474804
vn 0.52490062 0.85026484 0.03910297
vn 0.45244201 0.84927464 0.27208238
vn 0.42761563 0.71246467 -0.55636226
vn 0.53747103 0.74713080 -0.39105046
vn 0.61845330 0.76989271 -0.15741896
vn 0.57211979 0.76699337 -0.29051699
vn 0.49289994 0.75522826 0.43206473
vn 0.51102419 0.70915968 0.48574358
vn 0.46699248 0.63363746 0.61678327
vn 0.36434893 0.63172848 -0.68422875
vn 0.49085434 0.61340566 -0.61870470
vn 0.55911176 0.60113881 0.57098701
vn 0.48586684 0.61068919 0.62529363
vn 0.39210262 0.59450218 0.70201332
vn 0.24020938 0.48511572 -0.84081044
vn 0.34089414 0.56439936 -0.75182748
vn 0.38419845 0.48612515 0.78490375
vn 0.30045584 0.39845268 0.86658049
vn 0.14959854 0.33198629 -0.93134600
vn 0.21135264 0.28872942 0.93379087
vn 0.07714003 0.13912454 -0.98726581
vn 0.12281885 0.21972785 -0.96779915
vn 0.12277605 0.18323841 0.97537158
vn 0.04176481 0.02603995 -0.99878808
vn 0.03298851 0.02760201 0.99907452
vn 0.03409529 -0.13002017 -0.99092496
vn 0.01044139 -0.21661985 -0.97620019
vn -0.00045019 -0.13152946 0.99131216
vn 0.05560442 -0.21826275 -0.97430464
vn 0.03290891 -0.33213473 -0.94265769
vn -0.01070292 -0.30537561 0.95217183
vn 0.01866777 -0.45878080 -0.88835336
vn -0.03647825 -0.51904002 0.85397119
vn -0.02864939 -0.42235912 0.90597571
vn 0.02377758 -0.57165185 -0.82015168
vn 0.01762365 -0.67058257 -0.74162553
vn -0.02566485 -0.61827807 0.78554029
vn -0.00294719 -0.76527964 -0.64369122
vn 0.00499083 -0.83706370 -0.54708268
vn 0.02535433 -0.89482256 -0.44570141
vn -0.05875584 -0.85129960 0.52137965
vn -0.01347753 -0.78033613 0.62521507
vn 0.02606924 -0.71720376 0.69637573
vn -0.02544430 -0.88590044 -0.46317707
vn -0.02514763 -0.93331408 -0.35817932
vn -0.01699593 -0.97288322 -0.23067158
vn 0.00382524 -0.99512811 -0.09851607
vn -0.01430065 -0.99600972 0.08809159
vn -0.03509337 -0.96370784 0.26464249
vn -0.02287534 -0.89899829 0.43735432
vn -0.00292718 -0.84424483 0.53594971
vn -0.03450178 -0.99832697 -0.04639928
vn -0.07002595 -0.99128181 0.11160976
vn 0.60821076 -0.06384579 -0.79120376
vn 0.71316935 -0.12897799 -0.68902406
vn 0.66425657 -0.03794797 0.74654080
vn 0.52376795 -0.05518674 0.85007150
vn 0.55652249 -0.04100554 -0.82982002
vn 0.56376761 -0.15745064 0.81078689
vn 0.47436546 -0.05808055 0.87840996
vn 0.49350548 -0.04725754 -0.86845787
vn 0.44314315 -0.03559838 0.89574377
vn 0.33408025 -0.02862867 -0.94210975
vn 0.42057516 -0.06463865 -0.90495214
vn 0.35063724 -0.05504141 0.93489249
vn 0.29636566 -0.06182917 -0.95307111
vn 0.38321373 -0.05639173 -0.92193666
vn 0.29305819 -0.06913196 0.95359198
vn 0.26536170 -0.06378675 -0.96203660
vn 0.32542347 -0.06533543 -0.94330846
vn 0.24790575 -0.04160838 0.96789022
vn 0.23908265 -0.05437116 -0.96947577
vn 0.29498906 -0.05319534 -0.95401872
vn 0.18569755 -0.05869197 0.98085252
vn 0.21493592 -0.05902780 -0.97484269
vn 0.26364236 -0.06076756 -0.96270453
vn 0.14599208 -0.03846745 0.98853759
vn 0.18723658 -0.05861420 -0.98056455
vn 0.23067417 -0.07569430 -0.97008237
vn 0.09626925 -0.05079438 0.99405843
vn 0.15507222 -0.05592368 -0.98631899
vn 0.07311927 -0.04510293 0.99630281
vn 0.11915818 -0.05790075 -0.99118557
vn 0.04467686 -0.03877817 0.99824858
vn 0.09319543 -0.04839340 -0.99447106
vn 0.00817947 -0.03981172 0.99917372
vn 0.07032294 -0.05266673 -0.99613297
vn -0.01931136 -0.04073062 0.99898353
vn 0.03651816 -0.04455849 -0.99833910
vn -0.06290884 -0.05397389 0.99655873
vn -0.00534503 -0.05536741 -0.99845174
vn -0.02020623 -0.06148219 -0.99790363
vn -0.09499462 -0.02947590 0.99504130
vn -0.04188455 -0.05042395 -0.99784924
vn -0.13985918 -0.04583731 0.98910988
vn -0.07695982 -0.04263579 -0.99612217
vn -0.16776885 -0.04012073 0.98500961
vn -0.11213869 -0.04227101 -0.99279307
vn -0.25185822 -0.02626375 0.96740770
vn -0.19557206 -0.03481010 0.98007134
vn -0.14907879 -0.03801516 -0.98809431
vn -0.26940064 -0.04007429 0.96219403
vn -0.21487957 -0.06648521 0.97437492
vn -0.18652109 -0.04065411 -0.98160946
vn -0.30131392 -0.02022590 0.95331046
vn -0.23437710 -0.03237688 -0.97160646
vn -0.34299101 -0.02842624 0.93890847
vn -0.28889646 -0.04482633 -0.95631032
vn -0.40980513 -0.02437761 0.91184730
vn -0.38638378 -0.03672645 -0.92160661
vn -0.54558538 0.01842681 -0.83785264
vn -0.58208932 0.01312174 0.81301897
vn -0.47346070 -0.02522416 0.88045370
vn -0.43382275 -0.04448025 -0.89989962
vn -0.61547561 -0.05316966 -0.78636046
vn -0.62083815 -0.03405775 0.78319861
vn -0.50747660 -0.02570511 0.86128204
vn -0.49625378 -0.11560558 -0.86044612
vn -0.65978555 -0.04422841 -0.75015124
vn -0.83606908 -0.03741278 -0.54734704
vn -0.69488095 -0.03396644 0.71832217
vn -0.55943287 -0.08137791 0.82487120
vn -0.73451731 -0.02954848 -0.67794632
vn -0.89860954 -0.04714930 -0.43620847
vn -0.86682497 0.02394190 0.49803740
vn -0.77746970 0.00326224 0.62891194
vn -0.78988290 -0.26504025 -0.55302682
vn -0.91236469 -0.03875004 -0.40754031
vn -0.98595766 -0.02765530 -0.16468961
vn -0.99454456 -0.03198443 0.09928808
vn -0.93101908 -0.02638791 0.36401531
vn -0.80889898 -0.01066188 0.58785097
vn -0.92317229 0.00329676 -0.38437230
vn -0.98824798 -0.01398559 -0.15221802
vn -0.99543151 -0.01499895 0.09429289
vn -0.94065806 -0.00145828 0.33935274
vn -0.84760325 -0.05216881 0.52805980
vn -0.96324271 -0.02800207 -0.26716916
vn -0.99233059 -0.02172748 -0.12168775
vn -0.99613635 -0.01690819 0.08617708
vn -0.97482330 -0.03400780 0.22037014
vn 0.27484119 0.88105824 -0.38496585
vn 0.32308363 0.92348647 -0.20685672
vn 0.39880054 0.91658597 -0.02878007
vn 0.35140892 0.92741363 0.12812391
vn 0.31292103 0.90937229 0.27408476
vn 0.19397599 0.78786697 -0.58449889
vn 0.17424584 0.87103889 -0.45927078
vn 0.09310930 0.94389581 -0.31684596
vn 0.16965594 0.93577578 0.30909635
vn 0.26677565 0.84315315 0.46682278
vn 0.22714765 0.74976806 0.62149160
vn 0.13078545 0.68979024 -0.71209872
vn 0.12181657 0.74794997 -0.65248109
vn 0.16140534 0.72006380 0.67487513
vn 0.15874610 0.64170008 0.75034705
vn 0.04854675 0.52398236 -0.85034446
vn 0.08162986 0.62171988 -0.77897430
vn 0.05771520 0.56402206 0.82374029
vn -0.00956943 0.48091997 0.87671227
vn 0.04685233 0.41592867 -0.90818952
vn 0.02453082 0.46649924 0.88418137
vn 0.01097731 0.36948682 0.92917113
vn 0.03141583 0.17564855 -0.98395154
vn 0.03900158 0.29726679 -0.95399755
vn 0.00601782 0.24296566 0.97001622
vn 0.02085965 0.08165851 -0.99644205
vn -0.01549736 0.10364490 0.99449362
vn 0.03361373 -0.06064956 -0.99759298
vn -0.02022533 -0.06469829 0.99769989
vn 0.01275020 -0.22119467 -0.97514632
vn -0.04082793 -0.30152916 -0.95258241
vn -0.03048344 -0.24506165 0.96902815
vn 0.00902341 -0.40583300 -0.91390271
vn -0.04107665 -0.48755297 0.87212660
vn -0.04065389 -0.39784759 0.91655036
vn -0.00085585 -0.54811336 -0.83640362
vn -0.03444401 -0.65376639 -0.75591211
vn -0.05048101 -0.54371737 0.83774882
vn -0.03064321 -0.47190460 0.88111693
vn -0.03621406 -0.73665888 -0.67529419
vn -0.04751226 -0.80552908 -0.59064836
vn -0.07247124 -0.74265331 0.66574318
vn -0.07838379 -0.65599902 0.75068054
vn -0.11745906 -0.86131463 -0.49430808
vn -0.11664689 -0.90777358 -0.40291517
vn -0.06275910 -0.96517006 -0.25398433
vn -0.04058730 -0.99014633 -0.13402577
vn -0.09421046 -0.94692557 0.30733752
vn -0.09129375 -0.88510049 0.45635794
vn -0.10452355 -0.81364592 0.57188735
vn -0.18678233 -0.92932526 -0.31853873
vn -0.18201024 -0.96782608 -0.17373815
vn -0.21295315 -0.97530368 -0.05859765
vn -0.18779688 -0.97692145 0.10176840
vn -0.19817443 -0.95329054 0.22795622
vn 0.36493288 -0.04605529 -0.92989403
vn 0.49300040 -0.05376035 -0.86836653
vn 0.36427804 -0.04818226 0.93004300
vn 0.32638708 -0.05641041 -0.94355145
vn 0.43026175 -0.05614069 -0.90095674
vn 0.32513186 -0.04557568 0.94456981
vn 0.29981560 -0.05482458 -0.95242053
vn 0.37523906 -0.05029654 -0.92556248
vn 0.27101433 -0.04775176 0.96139014
vn 0.27988809 -0.05251471 -0.95859525
vn 0.20927383 -0.05491040 0.97631415
vn 0.23556067 -0.05749484 -0.97015747
vn 0.16734768 -0.06508513 0.98374726
vn 0.20073568 -0.06565445 -0.97744293
vn 0.13453022 -0.04723959 0.98978283
vn 0.17044511 -0.05437417 -0.98386580
vn 0.08608278 -0.06137532 0.99439571
vn 0.13403891 -0.05511317 -0.98944232
vn 0.05478490 -0.04659564 0.99741038
vn 0.10671889 -0.05325680 -0.99286192
vn 0.03145279 -0.04183224 0.99862945
vn 0.08659718 -0.05612377 -0.99466127
vn -0.00401708 -0.04796126 0.99884112
vn 0.05872784 -0.05859693 -0.99655278
vn -0.03370659 -0.04114104 0.99858464
vn 0.02153310 -0.05501867 -0.99825311
vn -0.07703274 -0.04359492 0.99607502
vn -0.01290624 -0.04796728 -0.99876552
vn -0.12125426 -0.04268537 0.99170326
vn -0.04915951 -0.05730114 -0.99714589
vn -0.16185030 -0.04237055 0.98590528
vn -0.05792879 -0.06924032 -0.99591668
vn -0.11155763 -0.05850199 -0.99203448
vn -0.17747178 -0.03432793 0.98352700
vn -0.12819917 -0.06110044 -0.98986449
vn -0.20648191 -0.20334483 0.95708730
vn -0.22141560 -0.04647634 0.97407139
vn -0.17338214 -0.04800940 -0.98368376
vn -0.28051045 -0.03219370 0.95931093
vn -0.23144067 -0.03885556 0.97207277
vn -0.22082628 -0.03751359 -0.97459144
vn -0.30721477 -0.03993205 0.95080204
vn -0.24284513 -0.04651824 0.96894907
vn -0.26245075 -0.02580051 -0.96460040
vn -0.36215851 -0.04586532 0.93098742
vn -0.32976957 -0.03869996 -0.94326791
vn -0.40906986 -0.02742403 0.91209088
vn -0.43730540 -0.03108058 -0.89877583
vn -0.59603014 0.03419286 -0.80223371
vn -0.61034970 0.02336491 0.79178743
vn -0.49671050 -0.03089105 0.86736637
vn -0.48812565 -0.03080292 -0.87222963
vn -0.64481121 -0.03399828 -0.76358537
vn -0.65075003 -0.03994293 0.75824070
vn -0.52627164 -0.03264361 0.84968968
vn -0.57901726 -0.10439206 -0.80860454
vn -0.70831250 -0.02641629 -0.70540455
vn -0.84463347 0.01395115 -0.53516322
vn -0.83750760 -0.01169779 0.54630044
vn -0.71136075 -0.03600565 0.70190418
vn -0.57943460 -0.08837472 0.81021321
vn -0.77250954 -0.03687797 -0.63393140
vn -0.90749684 -0.06792487 -0.41453070
vn -0.98523101 -0.05580431 -0.16188185
vn -0.99234693 -0.04542497 0.11482219
vn -0.89995453 -0.05456412 0.43255588
vn -0.77445437 -0.01432424 0.63246758
vn -0.80955904 -0.02640340 -0.58644439
vn -0.92557750 -0.01700655 -0.37817599
vn -0.98980958 -0.02907318 -0.13939777
vn -0.99412193 -0.02899383 0.10431176
vn -0.93246940 -0.02333082 0.36049480
vn -0.80900427 -0.05214639 0.58548513
vn -0.95188936 -0.08589905 -0.29415641
vn -0.98886524 -0.03187221 -0.14536059
vn -0.99542551 -0.02368131 0.09255944
vn -0.93499378 -0.01369370 0.35439964
vn -0.99764309 -0.04535493 -0.05148985
vn -0.99845936 -0.03774478 0.04067230
vn 0.04774744 0.94540641 -0.32237695
vn 0.11577487 0.99253937 -0.03823331
vn 0.10309681 0.98255792 0.15476107
vn 0.11673934 0.95216865 0.28239472
vn 0.02481636 0.86282237 -0.50489772
vn 0.01845062 0.91074435 -0.41255825
vn 0.04182830 0.92974897 -0.36581040
vn -0.04396241 0.94223376 -0.33205850
vn -0.02950209 0.97372090 0.22582567
vn 0.00904772 0.94251881 0.33403060
vn 0.01700126 0.88250570 0.46999430
vn 0.00682591 0.80341962 0.59537410
vn 0.06055987 0.72847222 -0.68239338
vn 0.04825208 0.79079754 -0.61017292
vn -0.00952142 0.80574010 0.59219274
vn -0.01095656 0.75724654 0.65303723
vn -0.04568927 0.69376652 0.71874927
vn 0.04570468 0.55124323 -0.83309182
vn 0.04744157 0.64529729 -0.76245701
vn 0.00306478 0.69529909 0.71871398
vn -0.00549098 0.62760950 0.77850894
vn 0.04340323 0.45421017 -0.88983666
vn -0.01777022 0.51581448 0.85651599
vn -0.00899500 0.42924381 0.90314386
vn 0.05086774 0.22155287 -0.97382072
vn 0.05138679 0.35013595 -0.93528831
vn -0.01241026 0.29323071 0.95596116
vn 0.03828759 0.11301918 -0.99285484
vn -0.02020840 0.14753740 0.98885001
vn 0.03052882 0.00379288 -0.99952669
vn -0.04479744 -0.00420501 0.99898724
vn 0.00689133 -0.18520357 -0.98267601
vn -0.07780777 -0.16827789 0.98266398
vn -0.03150106 -0.30540147 -0.95170249
vn -0.10358654 -0.36173842 -0.92650696
vn -0.08519036 -0.32308563 0.94252760
vn -0.16138877 -0.42875941 -0.88888640
vn -0.16397521 -0.52057863 0.83792005
vn -0.10935541 -0.42529867 0.89842219
vn -0.19648026 -0.57377622 -0.79509519
vn -0.27728422 -0.69692703 -0.66136690
vn -0.14358082 -0.79776653 -0.58562198
vn -0.32573197 -0.64917141 0.68736829
vn -0.26325981 -0.60402241 0.75223082
vn -0.51871268 -0.69475131 -0.49825474
vn -0.45490738 -0.76406829 -0.45744827
vn -0.60594289 -0.69536949 -0.38638644
vn -0.87840403 -0.43734429 -0.19270787
vn -0.78500180 -0.23270867 -0.57412442
vn -0.34356526 -0.80348773 0.48617937
vn -0.28646423 -0.72119515 0.63072640
vn -0.42023275 -0.84222264 -0.33773577
vn -0.59082732 -0.79559487 -0.13398464
vn -0.64610614 -0.75681521 -0.09888171
vn -0.62743632 -0.77865794 0.00393531
vn -0.46763006 -0.87245028 0.14195997
vn -0.17151435 -0.90736465 0.38376064
vn 0.25279029 -0.05190771 -0.96612766
vn 0.19883624 -0.03991427 0.97921959
vn 0.22159515 -0.05157099 -0.97377411
vn 0.15549698 -0.05084243 0.98652711
vn 0.19232121 -0.05199338 -0.97995369
vn 0.12364856 -0.05220326 0.99095199
vn 0.15202246 -0.05986919 -0.98656214
vn 0.08281180 -0.06660357 0.99433705
vn 0.12711937 -0.05988207 -0.99007818
vn 0.04408923 -0.05732968 0.99738129
vn 0.10524332 -0.06444028 -0.99235643
vn 0.01023239 -0.05432612 0.99847082
vn 0.06959033 -0.06709539 -0.99531673
vn -0.01053828 -0.05252318 0.99856410
vn 0.03456507 -0.05392399 -0.99794662
vn -0.04502590 -0.04512659 0.99796606
vn -0.00209408 -0.04800130 -0.99884508
vn -0.09084747 -0.05251774 0.99447907
vn -0.03714154 -0.04986535 -0.99806510
vn -0.12955339 -0.04661187 0.99047628
vn -0.07097379 -0.06175513 -0.99556468
vn -0.17880722 -0.04343039 0.98292511
vn -0.10541851 -0.04524519 -0.99339811
vn -0.20565307 -0.04285818 0.97768604
vn -0.12254149 -0.05835134 -0.99074654
vn -0.17607976 -0.05444835 -0.98286891
vn -0.23086811 -0.04112801 0.97211543
vn -0.19090966 -0.05393283 -0.98012486
vn -0.31034986 -0.01124689 0.95055588
vn -0.25111779 -0.03156506 0.96744173
vn -0.24562438 -0.05603520 -0.96774414
vn -0.33972927 -0.04709763 0.93934330
vn -0.26908311 -0.05486352 0.96155305
vn -0.30110739 -0.04285122 -0.95262695
vn -0.38584284 -0.03771349 0.92179336
vn -0.39138441 -0.05559233 -0.91854653
vn -0.45009090 -0.03350399 0.89235400
vn -0.46563465 -0.00352396 -0.88497003
vn -0.62138371 0.03258618 -0.78282848
vn -0.62374822 0.00185867 0.78162312
vn -0.51776606 -0.03564887 0.85477919
vn -0.52162783 -0.04398110 -0.85203877
vn -0.66945777 -0.04380927 -0.74155717
vn -0.67370227 -0.04124808 0.73785083
vn -0.53930803 -0.03073676 0.84154744
vn -0.59315816 -0.08562400 -0.80051978
vn -0.72974736 -0.05459859 -0.68153341
vn -0.83916273 -0.00681753 -0.54383768
vn -0.85283786 0.02240316 0.52169502
vn -0.73834040 -0.03535452 0.67350094
vn -0.59111381 -0.06901650 0.80363000
vn -0.77473192 -0.01167880 -0.63218198
vn -0.91699969 -0.04556257 -0.39627720
vn -0.98885304 -0.03251530 -0.14530116
vn -0.99414415 -0.04204999 0.09954503
vn -0.92070248 -0.05412488 0.38649377
vn -0.78493318 -0.03277046 0.61871318
vn -0.82390235 -0.11590985 -0.55475204
vn -0.92902157 -0.03141519 -0.36868959
vn -0.99239305 -0.02991055 -0.11942111
vn -0.99499649 -0.03116110 0.09492610
vn -0.93004065 -0.02053936 0.36688218
vn -0.83106689 -0.11799725 0.54351124
vn -0.95747745 -0.04650332 -0.28473562
vn -0.99347333 -0.03764804 -0.10767248
vn -0.99693956 -0.03523031 0.06978778
vn -0.96015695 -0.05596363 0.27380047
vn 0.05115123 0.89414171 -0.44485297
vn 0.06536607 0.95280634 -0.29645801
vn -0.01411384 0.99940870 -0.03135360
vn -0.02576073 0.97573893 0.21741648
vn -0.01008347 0.95729567 0.28893480
vn -0.03351560 0.90905492 0.41532620
vn -0.03867120 0.76403097 -0.64401958
vn 0.04924287 0.82323752 -0.56555735
vn 0.08659034 0.87134264 -0.48297423
vn -0.03752311 0.91493015 0.40186420
vn -0.02460356 0.85581534 0.51669601
vn 0.01244359 0.79113148 0.61151954
vn 0.02870465 0.59401496 -0.80394170
vn 0.03071939 0.68236688 -0.73036413
vn -0.00659009 0.71377501 0.70034407
vn -0.00210309 0.65019610 0.75976352
vn 0.03533152 0.51452305 -0.85674834
vn 0.03993357 0.60704058 -0.79366684
vn -0.02055948 0.53601059 0.84396087
vn -0.04824897 0.46030693 0.88644773
vn 0.00832429 0.27351574 -0.96183151
vn 0.01308141 0.39464105 -0.91874225
vn -0.03838498 0.37315023 0.92697654
vn -0.00293765 0.17244619 -0.98501456
vn -0.04850716 0.35595992 -0.93324144
vn -0.06492384 0.20036752 0.97756726
vn -0.06860222 0.05584265 -0.99607998
vn -0.12436258 0.04684813 0.99113026
vn -0.21545229 -0.13960516 -0.96648368
vn -0.53387137 -0.11806922 -0.83728192
vn -0.18739147 -0.09560925 0.97762125
vn -0.58337983 -0.29224535 -0.75779986
vn -0.93270401 -0.01365479 -0.36038420
vn -0.35105587 -0.27177928 0.89604453
vn -0.64756796 -0.24572858 -0.72129966
vn -0.95102379 -0.07219610 -0.30056858
vn -0.99751172 -0.00359101 -0.07040936
vn -0.99796224 -0.01565683 -0.06185655
vn -0.99853680 -0.02760704 -0.04649850
vn -0.99919322 -0.02234383 -0.03337145
vn -0.99924834 -0.01457603 -0.03592078
vn -0.99955019 -0.02457570 -0.01718849
vn -0.99953517 -0.02989123 -0.00599687
vn -0.98486663 -0.10244672 0.13979409
vn -0.57948092 -0.37327483 0.72447758
vn -0.41213310 -0.30410901 0.85887369
vn -0.54815642 -0.40771137 -0.73027117
vn -0.84049871 -0.36122859 -0.40382647
vn -0.97777270 -0.12780400 -0.16621274
vn -0.99858789 -0.03166489 -0.04265633
vn -0.99896326 -0.02236311 -0.03965225
vn -0.99923036 -0.01972119 -0.03390802
vn -0.99896798 -0.02775844 -0.03595068
vn -0.99970554 -0.01653912 -0.01775659
vn -0.99969723 -0.02278140 0.00929814
vn -0.86600607 -0.30988593 0.39243368
vn -0.67716971 -0.44663039 0.58477558
vn -0.72796422 -0.35699776 -0.58533810
vn -0.94044333 -0.30743422 -0.14508805
vn -0.98066362 -0.13377045 -0.14284370
vn -0.98900177 -0.14789868 0.00121417
vn -0.98372987 -0.15256275 -0.09486917
vn -0.99336256 -0.11099374 -0.03018637
vn -0.94041488 -0.27067144 0.20580773
vn -0.69840792 -0.46255457 0.54614069
vn -0.75776740 -0.64090745 0.12258140
vn -0.88892303 -0.45799755 -0.00735472
vn -0.79056710 -0.57481725 -0.21116060
vn -0.75164270 -0.57178543 0.32877754
vn 0.17571871 -0.05183474 -0.98307482
vn 0.13152835 -0.03881738 0.99055212
vn 0.08761384 -0.03624467 0.99549492
vn 0.15666885 -0.05526244 -0.98610392
vn 0.10106264 -0.04983543 0.99363110
vn 0.05888550 -0.04465982 0.99726526
vn 0.11944442 -0.06128741 -0.99094747
vn 0.04039468 -0.05506801 0.99766517
vn 0.00834846 -0.06728772 0.99769868
vn 0.08574860 -0.06526867 -0.99417663
vn -0.01466717 -0.06709002 0.99763911
vn 0.06322010 -0.05514424 -0.99647495
vn -0.04258785 -0.06341992 0.99707782
vn 0.02212550 -0.06219637 -0.99781866
vn -0.06917591 -0.04780814 0.99645827
vn -0.00828070 -0.06181619 -0.99805320
vn -0.11130038 -0.05114555 0.99246983
vn -0.04202915 -0.06898566 -0.99673192
vn -0.15447609 -0.04567188 0.98694033
vn -0.07959446 -0.05438153 -0.99534284
vn -0.18751225 -0.04479380 0.98124037
vn -0.11971346 -0.05647208 -0.99120109
vn -0.21439529 -0.04741794 0.97559530
vn -0.15656613 -0.05534897 -0.98611538
vn -0.20462846 -0.03423616 -0.97824081
vn -0.23690247 -0.04894267 0.97029987
vn -0.15437090 -0.06602339 -0.98580451
vn -0.21582044 -0.05489598 -0.97488870
vn -0.32779513 -0.01707102 0.94459459
vn -0.27554546 -0.04123220 0.96040336
vn -0.28573721 -0.06010616 -0.95642119
vn -0.35879133 -0.04148760 0.93249534
vn -0.29405413 -0.08023439 0.95241515
vn -0.33255670 -0.03863676 -0.94229148
vn -0.39440304 -0.03498132 0.91827150
vn -0.39539809 -0.06523697 -0.91619020
vn -0.45562609 -0.05696990 0.88834638
vn -0.49174071 -0.04136368 -0.86975866
vn -0.63661258 0.01487588 -0.77104029
vn -0.64513422 0.00739184 0.76403351
vn -0.53353101 -0.05875765 0.84373704
vn -0.54220494 -0.08501917 -0.83593393
vn -0.68620173 -0.05411283 -0.72539575
vn -0.68814435 -0.04975600 0.72386580
vn -0.57319482 -0.04368367 0.81825389
vn -0.74022633 -0.04622177 -0.67076712
vn -0.86332836 -0.02618672 -0.50396269
vn -0.86634301 0.03802956 0.49799953
vn -0.74300304 -0.03301689 0.66847316
vn -0.61974912 -0.06898727 0.78176197
vn -0.80935181 -0.01417167 -0.58715314
vn -0.93020464 -0.03985817 -0.36487074
vn -0.98913852 -0.03691230 -0.14227602
vn -0.99412778 -0.04553540 0.09816560
vn -0.92982063 -0.06665409 0.36192655
vn -0.80175197 -0.04714151 0.59579481
vn -0.85056668 -0.08832779 -0.51839611
vn -0.93411723 -0.02673885 -0.35596352
vn -0.99094941 -0.04209777 -0.12746388
vn -0.99494589 -0.03345594 0.09467515
vn -0.93114770 -0.02358454 0.36387873
vn -0.84775210 -0.09353307 0.52208040
vn -0.96928429 -0.05864360 -0.23884909
vn -0.99278888 -0.04111802 -0.11260352
vn -0.99694279 -0.03257799 0.07101932
vn -0.96792774 -0.03914923 0.24815968
vn 0.06168577 0.90816516 -0.41404216
vn 0.04621399 0.96191875 -0.26940041
vn 0.00478164 0.99998840 -0.00058456
vn 0.01441434 0.97987744 0.19907895
vn 0.01195418 0.96078206 0.27704681
vn 0.08181849 0.82335759 -0.56159418
vn 0.10491152 0.90095143 -0.42104642
vn 0.05684130 0.90899939 -0.41290336
vn 0.01723860 0.96140706 0.27458933
vn -0.01233990 0.93456111 0.35558860
vn -0.00308932 0.87918585 0.47646899
vn -0.06228803 0.81672268 0.57365867
vn 0.00339720 0.71626915 -0.69781585
vn -0.00207083 0.74631158 -0.66559352
vn -0.00270704 0.82536099 0.56459889
vn -0.02852290 0.74217397 0.66960006
vn -0.11331042 0.68780391 0.71699827
vn -0.05047213 0.54356647 -0.83784727
vn -0.04356931 0.64342717 -0.76426644
vn -0.07800226 0.58060621 0.81043943
vn -0.12970618 0.42337681 -0.89662053
vn -0.18731439 0.48791965 0.85255366
vn -0.10423489 0.41136456 0.90549119
vn -0.25846447 0.19496190 -0.94614268
vn -0.39597574 0.26559483 -0.87901229
vn -0.19613394 0.22548361 0.95430007
vn -0.43510987 0.13748310 -0.88981897
vn -0.82049119 0.05083055 -0.56939481
vn -0.99310171 0.00956984 -0.11686496
vn -0.99656829 0.03142761 -0.07657645
vn -0.99833087 0.02733514 -0.05087505
vn -0.99813351 0.01848628 -0.05820437
vn -0.44427003 0.07948947 0.89235955
vn -0.59034142 -0.24048734 -0.77049519
vn -0.89453738 -0.01997236 -0.44654673
vn -0.99148204 0.01895624 -0.12885659
vn -0.99758973 0.01027749 -0.06862290
vn -0.99885710 0.01479044 -0.04545039
vn -0.99855782 0.01419963 -0.05177497
vn -0.99945942 0.01765013 -0.02773705
vn -0.99947346 0.02728339 -0.01756164
vn -0.99962181 0.02513626 -0.01115353
vn -0.99988680 0.01352691 -0.00658822
vn -0.99924815 0.02117184 0.03247897
vn -0.96634404 0.01907117 0.25654530
vn -0.62126252 0.01879667 0.78337703
vn -0.90407030 -0.26795396 -0.33295280
vn -0.98253831 -0.04741962 -0.17991623
vn -0.99730646 -0.01913402 -0.07080755
vn -0.99824705 -0.01059903 -0.05822784
vn -0.99893735 -0.00184387 -0.04605176
vn -0.99920424 -0.01441024 -0.03719194
vn -0.99960095 -0.01070954 -0.02613884
vn -0.99989313 0.00338526 -0.01422217
vn -0.99992954 0.00963053 -0.00694040
vn -0.99940330 0.01015044 0.03301533
vn -0.93263596 -0.09364091 0.34845593
vn -0.68307872 -0.28983734 0.67037137
vn -0.99557345 -0.03173663 -0.08846628
vn -0.99725764 -0.02491626 -0.06968778
vn -0.99739097 -0.03002263 -0.06564985
vn -0.99874034 -0.01730507 -0.04709843
vn -0.99951986 -0.01428930 -0.02749309
vn -0.99937437 -0.00990479 -0.03395239
vn -0.99973496 -0.00690278 -0.02196259
vn -0.99980730 -0.01755780 -0.00877976
vn -0.99974438 -0.01640897 0.01555349
vn -0.88830786 -0.17015624 0.42656301
vn 0.11213264 -0.04996640 -0.99243621
vn 0.08290348 -0.04963424 -0.99532078
vn -0.02972021 -0.03823947 0.99882654
vn 0.04743535 -0.06256709 -0.99691286
vn -0.08779650 -0.06049644 0.99429973
vn -0.05460010 -0.05790715 0.99682776
vn 0.02197806 -0.06454826 -0.99767253
vn -0.10757042 -0.06060501 0.99234855
vn -0.02497610 -0.06415051 -0.99762764
vn -0.12654522 -0.05777329 0.99027701
vn -0.06178338 -0.06743241 -0.99580906
vn -0.16187673 -0.04989954 0.98554856
vn -0.09798724 -0.05488476 -0.99367307
vn -0.20566912 -0.05141301 0.97727014
vn -0.13810719 -0.07189867 -0.98780412
vn -0.23436787 -0.04623785 0.97104776
vn -0.16595294 -0.05567332 -0.98456087
vn -0.25695512 -0.04567240 0.96534351
vn -0.20123892 -0.05885369 -0.97777254
vn -0.27022522 -0.04333283 -0.96182150
vn -0.36739580 -0.03221479 0.92950661
vn -0.28978136 -0.04382047 0.95608919
vn -0.20733402 -0.06692236 -0.97597848
vn -0.31153763 -0.06005849 -0.94833395
vn -0.39118175 -0.05162030 0.91886462
vn -0.30970877 -0.04706570 0.94966589
vn -0.37867434 -0.04375508 -0.92449512
vn -0.41546283 -0.04803887 0.90834074
vn -0.34364459 -0.06708978 0.93670025
vn -0.44021563 -0.05934146 -0.89592901
vn -0.48404150 -0.04174587 0.87404869
vn -0.51718918 -0.04359563 -0.85476007
vn -0.65267847 0.04525632 -0.75628215
vn -0.67552197 0.03759290 0.73638091
vn -0.55720643 -0.03483066 0.82964319
vn -0.58789292 -0.04988647 -0.80739907
vn -0.71162254 -0.05654218 -0.70028304
vn -0.72908557 -0.05318602 0.68235290
vn -0.60762316 -0.04586897 0.79289983
vn -0.63331264 -0.08326686 -0.76940349
vn -0.77433746 -0.05632243 -0.63026128
vn -0.88460661 -0.02166617 -0.46583444
vn -0.88765124 -0.01574225 0.46024717
vn -0.77996382 -0.05355041 0.62352930
vn -0.64666940 -0.07625779 0.75894890
vn -0.82764049 -0.02859329 -0.56052978
vn -0.93754284 -0.04807984 -0.34453121
vn -0.99077814 -0.04311606 -0.12845109
vn -0.99309045 -0.04459514 0.10854786
vn -0.93633470 -0.04221201 0.34856202
vn -0.82615600 -0.02795246 0.56274766
vn -0.86210791 -0.09553545 -0.49763734
vn -0.93907094 -0.04724883 -0.34046045
vn -0.99105645 -0.04628929 -0.12515755
vn -0.99511196 -0.03534870 0.09220980
vn -0.94017195 -0.02273112 0.33994117
vn -0.85837664 -0.08141433 0.50651875
vn -0.99163552 -0.04198984 -0.12204852
vn -0.99499725 -0.04232414 0.09049384
vn -0.97494674 -0.04173300 0.21848845
vn 0.05057881 0.99511933 -0.08473077
vn 0.05317773 0.99831878 0.02305955
vn -0.01327376 0.99175512 0.12745821
vn -0.16423802 0.82646610 -0.53849759
vn -0.07258369 0.89369561 -0.44276379
vn -0.04111901 0.96909970 -0.24321802
vn -0.04974729 0.99825471 0.03182349
vn -0.06711111 0.97080960 0.23027120
vn -0.07388744 0.94495740 0.31874153
vn -0.05116922 0.88395486 0.46476394
vn -0.14764195 0.72861182 -0.66882485
vn -0.26468469 0.74786701 -0.60879960
vn -0.17394325 0.83881139 0.51588680
vn -0.11650488 0.76972775 0.62765102
vn -0.34348342 0.53199688 -0.77394990
vn -0.38029092 0.60484098 -0.69967579
vn -0.23220802 0.68900534 0.68655013
vn -0.28030495 0.53034321 0.80010325
vn -0.55280214 0.44266269 -0.70601667
vn -0.91328902 0.20918639 -0.34949138
vn -0.99645829 0.00812646 -0.08369491
vn -0.99830552 0.02797700 -0.05102336
vn -0.99898771 0.03137244 -0.03223846
vn -0.99944112 0.02446454 -0.02278002
vn -0.99947937 0.01793130 -0.02682288
vn -0.99971005 0.01568592 -0.01826907
vn -0.99962115 0.02454997 0.01244441
vn -0.96667317 0.11552890 0.22846456
vn -0.66523016 0.39639898 0.63272165
vn -0.34598024 0.46984846 0.81212074
vn -0.82754170 0.19570153 -0.52618974
vn -0.99366674 0.05407854 -0.09849835
vn -0.99697929 0.04005837 -0.06654034
vn -0.99783688 0.03732104 -0.05411749
vn -0.99850442 0.04462315 -0.03158636
vn -0.99851202 0.05000397 -0.02175654
vn -0.99876359 0.04159869 -0.02721850
vn -0.99937590 0.03157232 -0.01584286
vn -0.99883615 0.04768574 -0.00723963
vn -0.99189424 0.07952076 0.09910738
vn -0.93230581 0.19592940 0.30400254
vn -0.61828303 0.21829180 0.75503297
vn -0.94880107 -0.02899827 -0.31454034
vn -0.99820411 0.02548500 -0.05421312
vn -0.99612203 0.04005576 -0.07833544
vn -0.99821491 0.03301594 -0.04976882
vn -0.99813241 0.03369164 -0.05095658
vn -0.99887492 0.04606130 -0.01128081
vn -0.99895284 0.04464477 -0.01000315
vn -0.99881665 0.04546005 -0.01728246
vn -0.99899435 0.04255241 -0.01412760
vn -0.99762282 0.05438615 0.04231842
vn -0.96678839 0.06731535 0.24655397
vn -0.81060621 -0.13167630 0.57059524
vn -0.99930718 0.01601811 -0.03359425
vn -0.99930201 0.02589631 0.02692352
vn -0.99900989 0.03903224 -0.02134769
vn -0.99883014 0.04568536 -0.01584945
vn -0.99969217 0.02255494 -0.01033625
vn -0.99890784 0.04089497 0.02259938
vn -0.99770441 0.02520600 0.06285351
vn 0.00250206 -0.05424450 -0.99852455
vn -0.14264671 -0.04400922 0.98879477
vn -0.08886385 -0.06312105 0.99404172
vn -0.04419671 -0.05932218 -0.99726001
vn -0.15568613 -0.05656321 0.98618580
vn -0.07988536 -0.06147933 -0.99490634
vn -0.17260870 -0.05383482 0.98351820
vn -0.12142767 -0.06437022 -0.99051088
vn -0.20540381 -0.05772747 0.97697329
vn -0.15149116 -0.06003761 -0.98663363
vn -0.24641533 -0.05817226 0.96741691
vn -0.18881353 -0.06178014 -0.98006768
vn -0.28066887 -0.05412338 0.95827744
vn -0.23668244 -0.06337351 -0.96951803
vn -0.32977865 -0.04115143 -0.94316096
vn -0.32047103 -0.04866370 0.94600748
vn -0.23583095 -0.05541112 -0.97021305
vn -0.35820518 -0.06058259 -0.93167526
vn -0.41595772 -0.03842372 0.90857184
vn -0.33148227 -0.03328620 0.94287408
vn -0.25599489 -0.07529800 -0.96374106
vn -0.39277591 -0.06202998 -0.91753984
vn -0.44910327 -0.04904727 0.89213262
vn -0.35905766 -0.06440634 0.93109045
vn -0.46288477 -0.08098806 -0.88271095
vn -0.50113182 -0.04676307 0.86410654
vn -0.56350260 -0.05416932 -0.82433640
vn -0.68935350 -0.00474692 -0.72440956
vn -0.70488029 -0.00012954 0.70932628
vn -0.57748559 -0.04646266 0.81507767
vn -0.60349815 -0.04675961 -0.79599216
vn -0.73053008 -0.06304470 -0.67996409
vn -0.75630313 -0.06085458 0.65138490
vn -0.63023970 -0.05195301 0.77466044
vn -0.65890271 -0.08960418 -0.74687235
vn -0.79887575 -0.05325006 -0.59913435
vn -0.91812281 -0.03332119 -0.39489264
vn -0.90945270 0.01432014 0.41556074
vn -0.79765082 -0.03008494 0.60236871
vn -0.68288661 -0.07835449 0.72631017
vn -0.84443739 -0.02628600 -0.53500892
vn -0.94229416 -0.04220747 -0.33211481
vn -0.99166520 -0.05143245 -0.11813061
vn -0.99293793 -0.05497947 0.10512624
vn -0.94238074 -0.04383119 0.33165852
vn -0.83011749 -0.03447898 0.55652148
vn -0.86868308 -0.07174715 -0.49014494
vn -0.94768523 -0.04359254 -0.31621573
vn -0.99248614 -0.04623308 -0.11328623
vn -0.99327330 -0.04901038 0.10491010
vn -0.94751553 -0.05161927 0.31551510
vn -0.86777663 -0.09693148 0.48740950
vn -0.99305749 -0.05157633 -0.10571995
vn -0.99490180 -0.05414808 0.08507871
vn -0.43666334 0.75938282 -0.48235139
vn -0.51972256 0.83598959 -0.17609621
vn -0.57766752 0.81620162 0.01073110
vn -0.49300420 0.84959485 0.18744453
vn -0.43950107 0.86146600 0.25439171
vn -0.27522037 0.88749111 0.36961233
vn -0.59111663 0.60735498 -0.53075518
vn -0.77330630 0.56559214 -0.28653603
vn -0.92471521 0.37302842 -0.07583918
vn -0.94116035 0.33738201 -0.01976303
vn -0.91485098 0.39601707 0.07885530
vn -0.86040372 0.49862579 0.10525089
vn -0.66286935 0.67460085 0.32483521
vn -0.50818746 0.70173209 0.49931711
vn -0.68493333 0.59666941 -0.41815302
vn -0.89106792 0.37022223 -0.26255183
vn -0.98736144 0.14341478 -0.06745070
vn -0.99468983 0.09864783 -0.02933838
vn -0.99589274 0.08425971 -0.03313521
vn -0.99150774 0.12996118 0.00474374
vn -0.98292989 0.18345645 0.01387638
vn -0.96349358 0.25060448 0.09422058
vn -0.80361568 0.43966364 0.40112059
vn -0.99478969 0.00733490 -0.10168419
vn -0.99860764 0.03861228 -0.03594262
vn -0.99827436 0.04747420 -0.03456169
vn -0.99884918 0.03901519 -0.02789509
vn -0.99897980 0.03715260 -0.02567174
vn -0.99888285 0.04647612 -0.00854511
vn -0.99684221 0.07412428 0.02848169
vn -0.96952438 0.15383746 0.19067381
vn -0.09349714 -0.05528589 -0.99408337
vn -0.19812176 -0.03431117 0.97957670
vn -0.12395036 -0.05788322 -0.99059873
vn -0.22517824 -0.04323531 0.97335783
vn -0.16619743 -0.07241125 -0.98343023
vn -0.25954994 -0.05025701 0.96442110
vn -0.20838362 -0.06369877 -0.97597066
vn -0.29327933 -0.05473083 0.95445889
vn -0.24528159 -0.05874993 -0.96767008
vn -0.31654318 -0.06315136 0.94647362
vn -0.29795171 -0.06064867 -0.95265236
vn -0.41224264 -0.03404221 -0.91043788
vn -0.44933319 -0.06933150 0.89066988
vn -0.35122527 -0.06150224 0.93426885
vn -0.31139953 -0.09527166 -0.94549122
vn -0.45047247 -0.06540009 -0.89039170
vn -0.46884319 -0.04849244 0.88194929
vn -0.38135804 -0.06575032 0.92208619
vn -0.50144539 -0.06233172 -0.86294106
vn -0.52892437 -0.04738080 0.84734531
vn -0.58687070 -0.06326503 -0.80720525
vn -0.70825970 -0.01699444 -0.70574739
vn -0.72073150 -0.07058241 0.68961165
vn -0.59542984 -0.05799113 0.80131163
vn -0.65125905 -0.06503928 -0.75606318
vn -0.78564054 -0.07940149 -0.61356691
vn -0.79028333 -0.06140338 0.60965718
vn -0.65732653 -0.03790837 0.75265184
vn -0.81095405 -0.04178406 -0.58361598
vn -0.92187214 -0.05353391 -0.38377843
vn -0.98380209 -0.05570107 -0.17038441
vn -0.98328620 -0.05102646 0.17477000
vn -0.92751831 -0.05139465 0.37022746
vn -0.81031329 -0.03722508 0.58481337
vn -0.69702369 -0.08164885 0.71238433
vn -0.85682908 -0.04385059 -0.51373248
vn -0.94437928 -0.05185218 -0.32474471
vn -0.99280359 -0.06161137 -0.10268916
vn -0.99412496 -0.05071633 0.09562124
vn -0.93823565 -0.05563686 0.34149437
vn -0.85579999 -0.06024586 0.51378674
vn -0.95059261 -0.06874789 -0.30273324
vn -0.99235307 -0.05056605 -0.11259862
vn -0.99334835 -0.04459518 0.10616177
vn -0.94820671 -0.06458116 0.31101980
vn -0.99868435 -0.04951985 0.01331709
vn -0.23007998 -0.04628178 -0.97207057
vn -0.31453799 -0.03569893 0.94857337
vn -0.27055694 -0.06649257 -0.96040496
vn -0.34140223 -0.04888600 0.93864513
vn -0.32029112 -0.05969580 -0.94543641
vn -0.45785441 -0.01670581 -0.88887021
vn -0.47497594 0.01918841 0.87978955
vn -0.39380350 -0.04144437 0.91825986
vn -0.33876250 -0.05849020 -0.93905211
vn -0.49355975 -0.06075781 -0.86758704
vn -0.50958967 -0.05882981 0.85840400
vn -0.40558354 -0.05484267 0.91241124
vn -0.37706393 -0.09490299 -0.92131222
vn -0.52628476 -0.08086951 -0.84645406
vn -0.54365990 -0.06518566 0.83677042
vn -0.61522412 -0.07572741 -0.78470672
vn -0.72355319 -0.00203813 -0.69026562
vn -0.72287647 0.00221342 0.69097374
vn -0.63008251 -0.05668928 0.77445617
vn -0.66274669 -0.03503187 -0.74802379
vn -0.80170301 -0.05579816 -0.59511247
vn -0.90238918 -0.02168049 -0.43037627
vn -0.88273471 -0.03367346 0.46866356
vn -0.79564871 -0.04470901 0.60410614
vn -0.66824211 -0.02992818 0.74334164
vn -0.71251891 -0.12366516 -0.69066905
vn -0.83450979 -0.06604607 -0.54702041
vn -0.94695288 -0.07872838 -0.31157998
vn -0.99028313 -0.06160604 -0.12467564
vn -0.99190882 -0.05574922 0.11405667
vn -0.93496041 -0.07188297 0.34739295
vn -0.83620206 -0.05070124 0.54607280
vn -0.71409470 -0.04364130 0.69868749
vn -0.87505397 -0.15287880 -0.45924789
vn -0.94702911 -0.05987037 -0.31551766
vn -0.99459339 -0.04453465 -0.09381177
vn -0.99357406 -0.03897845 0.10626041
vn -0.93869187 -0.04237929 0.34214261
vn -0.87145152 -0.10774600 0.47850084
vn -0.97074482 -0.03458114 -0.23761026
vn -0.99572785 -0.03753614 -0.08436282
vn -0.99449740 -0.04079986 0.09648990
vn -0.96500100 -0.04967917 0.25749769
vn -0.36125853 -0.05117796 -0.93106020
vn -0.49867015 -0.02198568 -0.86651296
vn -0.49821718 -0.00090393 0.86705180
vn -0.40804043 -0.04213473 0.91199105
vn -0.39473191 -0.05036823 -0.91741472
vn -0.53696839 -0.06190858 -0.84132769
vn -0.53505951 -0.05535024 0.84299921
vn -0.43741507 -0.04959575 0.89789104
vn -0.44243704 -0.11542049 -0.88934109
vn -0.56421636 -0.06858634 -0.82277325
vn -0.57234579 -0.04266115 0.81890190
vn -0.63376264 -0.07185062 -0.77018336
vn -0.75731147 -0.09557034 -0.64602295
vn -0.75136053 -0.00856796 0.65983630
vn -0.65269413 -0.05112971 0.75589426
vn -0.70362561 -0.04381951 -0.70921848
vn -0.83160502 -0.06887398 -0.55108026
vn -0.90192988 -0.04373726 -0.42966213
vn -0.87802016 -0.03969280 0.47697492
vn -0.80534004 -0.07388374 0.58819097
vn -0.68382927 -0.05877035 0.72727132
vn -0.73019159 -0.12183199 -0.67229250
vn -0.84972915 -0.04976596 -0.52486544
vn -0.95062256 -0.06417305 -0.30364218
vn -0.99266450 -0.05651330 -0.10688050
vn -0.99149295 -0.05182389 0.11939854
vn -0.93541003 -0.08218417 0.34388057
vn -0.82672861 -0.05661386 0.55974519
vn -0.88555434 -0.12154684 -0.44835241
vn -0.95600667 -0.05388573 -0.28835320
vn -0.99477181 -0.05362464 -0.08691050
vn -0.99239870 -0.06509437 0.10443922
vn -0.93885950 -0.05384845 0.34006349
vn -0.87353073 -0.10164675 0.47603781
vn -0.97333939 -0.08154509 -0.21438478
vn -0.99426307 -0.06794964 -0.08260624
vn -0.99381551 -0.05647333 0.09561116
vn -0.97186376 -0.05131438 0.22988618
vn -0.60844435 -0.04731126 -0.79218503
vn -0.67052888 -0.05305288 -0.73998406
vn -0.77396318 0.01012129 -0.63314970
vn -0.77648650 -0.05407420 0.62780945
vn -0.68458369 -0.02833150 0.72838349
vn -0.71050889 -0.05991077 -0.70113324
vn -0.83838327 -0.07223084 -0.54027419
vn -0.92398563 -0.03550180 -0.38077576
vn -0.89228014 -0.08599462 0.44321675
vn -0.81904583 -0.05384379 0.57119591
vn -0.71030660 -0.03857346 0.70283470
vn -0.74868142 -0.05290592 -0.66081547
vn -0.87042876 -0.05964545 -0.48866777
vn -0.95615568 -0.07777847 -0.28234168
vn -0.99335365 -0.05824071 -0.09928010
vn -0.99259541 -0.06643441 0.10168983
vn -0.94220312 -0.05607267 0.33031672
vn -0.84641684 -0.02889416 0.53173645
vn -0.73834287 -0.07052635 0.67072784
vn -0.90363948 -0.11459868 -0.41267763
vn -0.95820560 -0.05055589 -0.28157793
vn -0.99474941 -0.05999854 -0.08290834
vn -0.99287731 -0.05991512 0.10297978
vn -0.95540706 -0.04603782 0.29168112
vn -0.87869765 -0.11420017 0.46351782
vn -0.97591454 -0.07490428 -0.20489059
vn -0.99461476 -0.07159226 -0.07494014
vn -0.99460330 -0.06017463 0.08451795
vn -0.97296679 -0.06997807 0.22008793
vn -0.76502846 -0.08575951 -0.63826073
vn -0.87038980 -0.04304228 -0.49047829
vn -0.95526452 -0.06450263 -0.28863317
vn -0.99494249 -0.05450382 -0.08437283
vn -0.99141269 -0.04212754 0.12379879
vn -0.94464977 -0.05468813 0.32349037
vn -0.86514435 -0.03153413 0.50053058
vn -0.91397765 -0.10019539 -0.39319936
vn -0.96283927 -0.04381454 -0.26649733
vn -0.99556852 -0.05017618 -0.07953412
vn -0.99433545 -0.04519352 0.09620057
vn -0.95698757 -0.03079827 0.28848960
vn -0.88908199 -0.03074287 0.45671445
vn -0.97874765 -0.07660830 -0.19022149
vn -0.99519964 -0.06190092 -0.07580205
vn -0.99640817 -0.05598320 0.06353463
vn -0.97534900 -0.06064681 0.21217042
vn -0.99808293 -0.04393472 -0.04359126
vn -0.73874711 0.67056564 0.06778229
vn 0.67376293 -0.72055216 -0.16385390
vn 0.70826001 0.65989351 -0.25081531
vn 0.62175884 -0.71989938 -0.30848148
vn 0.69186870 -0.72008920 -0.05281326
vn 0.73374859 0.66982452 -0.11378980
vn 0.72539942 0.66962329 0.15937481
vn 0.69362379 -0.71703815 0.06886458
vn 0.73707521 0.67579055 0.00522154
vn 0.68207146 0.69307740 0.23328576
vn 0.64564217 0.67624264 -0.35474229
vn 0.62386518 0.67089570 -0.40086306
vn 0.55621544 -0.71855184 -0.41750166
vn 0.56987803 0.67380809 -0.47034209
vn 0.67479600 0.67120214 0.30681924
vn 0.61370811 0.68161038 0.39845908
vn 0.59115993 0.67760723 0.43746814
vn 0.54441144 0.68725308 0.48093595
vn 0.50343533 0.67671764 0.53722072
vn 0.49453494 0.68295053 -0.53760000
vn 0.45249527 0.67680545 -0.58067411
vn 0.38840395 -0.71517377 -0.58109281
vn 0.38834661 0.67654336 -0.62568042
vn 0.45645407 0.65716418 0.59982075
vn 0.44137318 -0.70732318 0.55216269
vn 0.33495046 0.68618088 0.64572749
vn 0.30142904 0.68817981 0.65996143
vn 0.32101679 0.68314476 -0.65594318
vn 0.27867273 0.67832061 -0.67986959
vn 0.22731345 0.69098326 -0.68620021
vn 0.23580757 0.68357545 0.69073830
vn 0.21686564 0.68562720 -0.69489902
vn 0.20667677 0.67869152 0.70474288
vn 0.17425563 0.67216462 0.71960384
vn 0.20142375 0.68597793 -0.69918721
vn 0.17002219 0.68375603 -0.70962677
vn 0.11331553 -0.71670878 0.68810473
vn 0.10884182 0.68616841 0.71925404
vn 0.14140241 0.68231018 -0.71725740
vn 0.10981634 -0.70156006 -0.70409791
vn 0.10802497 0.67622136 -0.72873539
vn 0.07850652 0.68266841 0.72649885
vn 0.08403611 -0.71640493 0.69260516
vn 0.04382320 0.69790393 0.71484938
vn 0.02381669 0.68808627 0.72523792
vn -0.00462566 0.68780851 0.72587744
vn 0.04952596 0.67515384 -0.73601255
vn 0.03182441 0.68138587 -0.73123218
vn -0.02534021 -0.71794640 0.69563700
vn -0.05125180 0.68194929 0.72960155
vn -0.01746932 0.68267205 -0.73051604
vn -0.09623128 0.69613129 0.71143570
vn -0.10645421 -0.71014374 0.69596219
vn -0.13027822 0.68706077 0.71482521
vn -0.05446361 0.68053342 -0.73069007
vn -0.10450104 0.67763651 -0.72793426
vn -0.17562135 0.68550920 0.70656512
vn -0.14487735 0.66957971 -0.72847345
vn -0.20616786 0.68017746 0.70345820
vn -0.19309356 -0.71506429 -0.67186154
vn -0.21979773 0.66698609 -0.71191188
vn -0.24322627 -0.70969291 0.66119358
vn -0.26901845 0.67521861 0.68681067
vn -0.27962430 0.68641033 -0.67130553
vn -0.28827234 -0.71578441 0.63604382
vn -0.38785248 0.62519417 -0.67727595
vn -0.41057911 0.62895462 -0.66018246
vn -0.35551583 -0.68387380 0.63712254
vn -0.38013662 0.69618421 0.60895295
vn -0.42328860 0.68104624 0.59749709
vn -0.38579065 0.64055722 0.66396688
vn -0.48489893 0.67515982 0.55590668
vn -0.43718378 0.67992265 -0.58870666
vn -0.48946791 0.68172801 -0.54375370
vn -0.54504793 0.66480373 -0.51084123
vn -0.52681786 -0.69189860 0.49369958
vn -0.55342981 0.65464990 0.51492616
vn -0.56999907 -0.71718388 0.40093434
vn -0.59479816 0.69037813 -0.41181693
vn -0.70035858 0.64894495 -0.29726808
vn -0.63394879 -0.72229371 -0.27640681
vn -0.65477028 0.66820608 -0.35323719
vn -0.72741370 0.66721072 -0.16030961
vn -0.62797699 -0.71312504 0.31160485
vn -0.68432781 0.65527766 0.31985410
vn -0.68733340 0.69268688 0.21853529
vn -0.63239733 0.67422920 0.38142968
vn -0.73238326 0.66947105 -0.12419047
vn -0.69257881 -0.71669718 -0.08172975
vn -0.73757756 0.65688235 0.15647661
vn -0.72034961 0.69355833 0.00856060
vn -0.72952102 0.68223956 -0.04845902
vn 0.00000000 1.00000000 0.00000000
f 3393//3393 3573//3573 3575//3575
f 3388//3388 3390//3390 3570//3570
f 3573//3573 3391//3391 3389//3389
f 3389//3389 3571//3571 3573//3573
f 3390//3390 3392//3392 3574//3574
f 3572//3572 3570//3570 3390//3390
f 3574//3574 3572//3572 3390//3390
f 3573//3573 3393//3393 3391//3391
f 3392//3392 3394//3394 3576//3576
f 3576//3576 3574//3574 3392//3392
f 3578//3578 3395//3395 3393//3393
f 3387//3387 3569//3569 3571//3571
f 3393//3393 3575//3575 3578//3578
f 3394//3394 3396//3396 3576//3576
f 3578//3578 3397//3397 3395//3395
f 3396//3396 3398//3398 3582//3582
f 3579//3579 3576//3576 3396//3396
f 3582//3582 3579//3579 3396//3396
f 3580//3580 3400//3400 3397//3397
f 3397//3397 3578//3578 3581//3581
f 3581//3581 3580//3580 3397//3397
f 3385//3385 3384//3384 3381//3381
f 3562//3562 3559//3559 3377//3377
f 3378//3378 3379//3379 3381//3381
f 3382//3382 3381//3381 3379//3379
f 3565//3565 3382//3382 3379//3379
f 3379//3379 3563//3563 3565//3565
f 3380//3380 3383//3383 3566//3566
f 3564//3564 3562//3562 3380//3380
f 3566//3566 3564//3564 3380//3380
f 3381//3381 3382//3382 3385//3385
f 3398//3398 3401//3401 3582//3582
f 3567//3567 3385//3385 3382//3382
f 3382//3382 3565//3565 3567//3567
f 3383//3383 3386//3386 3568//3568
f 3568//3568 3566//3566 3383//3383
f 3569//3569 3387//3387 3385//3385
f 3385//3385 3567//3567 3569//3569
f 3386//3386 3388//3388 3570//3570
f 3570//3570 3568//3568 3386//3386
f 3571//3571 3389//3389 3387//3387
f 3600//3600 3597//3597 3413//3413
f 3409//3409 3411//3411 3593//3593
f 3590//3590 3588//3588 3409//3409
f 3593//3593 3590//3590 3409//3409
f 3592//3592 3412//3412 3410//3410
f 3411//3411 3413//3413 3593//3593
f 3595//3595 3414//3414 3412//3412
f 3412//3412 3592//3592 3595//3595
f 3413//3413 3415//3415 3600//3600
f 3596//3596 3593//3593 3413//3413
f 3597//3597 3596//3596 3413//3413
f 3408//3408 3589//3589 3592//3592
f 3599//3599 3417//3417 3414//3414
f 3414//3414 3595//3595 3599//3599
f 3419//3419 3416//3416 3415//3415
f 3415//3415 3416//3416 3600//3600
f 3415//3415 3418//3418 3419//3419
f 3416//3416 3419//3419 3603//3603
f 3603//3603 3600//3600 3416//3416
f 3602//3602 3420//3420 3417//3417
f 3417//3417 3599//3599 3602//3602
f 3405//3405 3403//3403 3402//3402
f 3402//3402 3400//3400 3399//3399
f 3399//3399 3400//3400 3583//3583
f 3585//3585 3402//3402 3399//3399
f 3399//3399 3583//3583 3585//3585
f 3400//3400 3402//3402 3403//3403
f 3400//3400 3580//3580 3583//3583
f 3401//3401 3404//3404 3586//3586
f 3584//3584 3582//3582 3401//3401
f 3586//3586 3584//3584 3401//3401
f 3377//3377 3380//3380 3562//3562
f 3585//3585 3405//3405 3402//3402
f 3403//3403 3405//3405 3406//3406
f 3404//3404 3407//3407 3586//3586
f 3589//3589 3408//3408 3405//3405
f 3405//3405 3585//3585 3587//3587
f 3405//3405 3587//3587 3589//3589
f 3407//3407 3409//3409 3588//3588
f 3588//3588 3586//3586 3407//3407
f 3592//3592 3410//3410 3408//3408
f 3349//3349 3350//3350 3355//3355
f 3538//3538 3347//3347 3346//3346
f 3353//3353 3352//3352 3346//3346
f 3346//3346 3352//3352 3543//3543
f 3543//3543 3538//3538 3346//3346
f 3347//3347 3348//3348 3353//3353
f 3539//3539 3533//3533 3347//3347
f 3347//3347 3538//3538 3539//3539
f 3348//3348 3349//3349 3355//3355
f 3354//3354 3353//3353 3348//3348
f 3355//3355 3354//3354 3348//3348
f 3346//3346 3347//3347 3353//3353
f 3350//3350 3351//3351 3357//3357
f 3356//3356 3355//3355 3350//3350
f 3357//3357 3356//3356 3350//3350
f 3541//3541 3357//3357 3351//3351
f 3351//3351 3535//3535 3540//3540
f 3351//3351 3540//3540 3541//3541
f 3352//3352 3353//3353 3360//3360
f 3360//3360 3359//3359 3352//3352
f 3352//3352 3359//3359 3546//3546
f 3342//3342 3343//3343 3348//3348
f 3529//3529 3340//3340 3339//3339
f 3339//3339 3528//3528 3529//3529
f 3344//3344 3343//3343 3340//3340
f 3529//3529 3344//3344 3340//3340
f 3341//3341 3342//3342 3348//3348
f 3526//3526 3342//3342 3341//3341
f 3348//3348 3347//3347 3341//3341
f 3341//3341 3347//3347 3533//3533
f 3533//3533 3526//3526 3341//3341
f 3546//3546 3543//3543 3352//3352
f 3343//3343 3344//3344 3350//3350
f 3349//3349 3348//3348 3343//3343
f 3350//3350 3349//3349 3343//3343
f 3344//3344 3345//3345 3350//3350
f 3535//3535 3345//3345 3344//3344
f 3344//3344 3529//3529 3534//3534
f 3344//3344 3534//3534 3535//3535
f 3351//3351 3350//3350 3345//3345
f 3535//3535 3351//3351 3345//3345
f 3373//3373 3374//3374 3377//3377
f 3367//3367 3370//3370 3556//3556
f 3556//3556 3553//3553 3367//3367
f 3371//3371 3370//3370 3368//3368
f 3553//3553 3549//3549 3368//3368
f 3554//3554 3372//3372 3369//3369
f 3370//3370 3371//3371 3373//3373
f 3370//3370 3373//3373 3556//3556
f 3374//3374 3373//3373 3371//3371
f 3557//3557 3375//3375 3372//3372
f 3372//3372 3554//3554 3557//3557
f 3553//3553 3368//3368 3367//3367
f 3373//3373 3377//3377 3559//3559
f 3559//3559 3556//3556 3373//3373
f 3375//3375 3376//3376 3378//3378
f 3561//3561 3376//3376 3375//3375
f 3375//3375 3557//3557 3560//3560
f 3375//3375 3560//3560 3561//3561
f 3379//3379 3378//3378 3376//3376
f 3563//3563 3379//3379 3376//3376
f 3376//3376 3561//3561 3563//3563
f 3364//3364 3363//3363 3360//3360
f 3357//3357 3358//3358 3362//3362
f 3541//3541 3358//3358 3357//3357
f 3362//3362 3361//3361 3357//3357
f 3547//3547 3362//3362 3358//3358
f 3358//3358 3541//3541 3544//3544
f 3358//3358 3544//3544 3547//3547
f 3359//3359 3360//3360 3363//3363
f 3359//3359 3363//3363 3550//3550
f 3550//3550 3546//3546 3359//3359
f 3422//3422 3419//3419 3418//3418
f 3361//3361 3362//3362 3365//3365
f 3366//3366 3365//3365 3362//3362
f 3551//3551 3366//3366 3362//3362
f 3362//3362 3547//3547 3551//3551
f 3363//3363 3368//3368 3549//3549
f 3363//3363 3549//3549 3550//3550
f 3554//3554 3369//3369 3366//3366
f 3366//3366 3551//3551 3554//3554
f 3367//3367 3368//3368 3370//3370
f 3478//3478 3480//3480 3654//3654
f 3472//3472 3643//3643 3644//3644
f 3645//3645 3476//3476 3473//3473
f 3473//3473 3642//3642 3645//3645
f 3474//3474 3478//3478 3651//3651
f 3651//3651 3647//3647 3474//3474
f 3649//3649 3477//3477 3476//3476
f 3476//3476 3645//3645 3648//3648
f 3476//3476 3648//3648 3649//3649
f 3652//3652 3479//3479 3477//3477
f 3477//3477 3649//3649 3652//3652
f 3475//3475 3474//3474 3472//3472
f 3654//3654 3651//3651 3478//3478
f 3652//3652 3481//3481 3479//3479
f 3480//3480 3482//3482 3654//3654
f 3655//3655 3485//3485 3481//3481
f 3481//3481 3652//3652 3655//3655
f 3482//3482 3483//3483 3487//3487
f 3487//3487 3486//3486 3482//3482
f 3482//3482 3486//3486 3661//3661
f 3657//3657 3654//3654 3482//3482
f 3644//3644 3639//3639 3467//3467
f 3462//3462 3633//3633 3634//3634
f 3634//3634 3464//3464 3463//3463
f 3464//3464 3634//3634 3635//3635
f 3638//3638 3466//3466 3465//3465
f 3465//3465 3637//3637 3638//3638
f 3638//3638 3469//3469 3466//3466
f 3640//3640 3468//3468 3467//3467
f 3467//3467 3472//3472 3644//3644
f 3467//3467 3639//3639 3640//3640
f 3661//3661 3657//3657 3482//3482
f 3640//3640 3633//3633 3468//3468
f 3642//3642 3470//3470 3469//3469
f 3469//3469 3638//3638 3641//3641
f 3469//3469 3641//3641 3642//3642
f 3642//3642 3473//3473 3470//3470
f 3471//3471 3472//3472 3474//3474
f 3643//3643 3472//3472 3471//3471
f 3471//3471 3474//3474 3647//3647
f 3647//3647 3643//3643 3471//3471
f 3498//3498 3499//3499 3507//3507
f 3493//3493 3494//3494 3501//3501
f 3494//3494 3495//3495 3502//3502
f 3502//3502 3501//3501 3494//3494
f 3495//3495 3496//3496 3504//3504
f 3503//3503 3502//3502 3495//3495
f 3504//3504 3503//3503 3495//3495
f 3496//3496 3497//3497 3504//3504
f 3497//3497 3498//3498 3506//3506
f 3505//3505 3504//3504 3497//3497
f 3506//3506 3505//3505 3497//3497
f 3492//3492 3500//3500 3668//3668
f 3507//3507 3506//3506 3498//3498
f 3677//3677 3507//3507 3499//3499
f 3499//3499 3669//3669 3677//3677
f 3500//3500 3501//3501 3672//3672
f 3672//3672 3668//3668 3500//3500
f 3501//3501 3502//3502 3508//3508
f 3501//3501 3508//3508 3678//3678
f 3673//3673 3672//3672 3501//3501
f 3678//3678 3673//3673 3501//3501
f 3662//3662 3661//3661 3487//3487
f 3484//3484 3485//3485 3490//3490
f 3491//3491 3490//3490 3485//3485
f 3664//3664 3491//3491 3485//3485
f 3485//3485 3655//3655 3658//3658
f 3485//3485 3658//3658 3664//3664
f 3486//3486 3487//3487 3661//3661
f 3487//3487 3488//3488 3493//3493
f 3493//3493 3492//3492 3487//3487
f 3487//3487 3492//3492 3668//3668
f 3462//3462 3468//3468 3633//3633
f 3668//3668 3662//3662 3487//3487
f 3489//3489 3490//3490 3499//3499
f 3499//3499 3498//3498 3489//3489
f 3490//3490 3491//3491 3664//3664
f 3669//3669 3499//3499 3490//3490
f 3664//3664 3663//3663 3490//3490
f 3490//3490 3663//3663 3669//3669
f 3492//3492 3493//3493 3501//3501
f 3501//3501 3500//3500 3492//3492
f 3431//3431 3622//3622 3627//3627
f 3427//3427 3616//3616 3622//3622
f 3428//3428 3431//3431 3432//3432
f 3433//3433 3430//3430 3429//3429
f 3429//3429 3430//3430 3618//3618
f 3618//3618 3617//3617 3429//3429
f 3430//3430 3433//3433 3434//3434
f 3430//3430 3434//3434 3618//3618
f 3437//3437 3432//3432 3431//3431
f 3431//3431 3436//3436 3437//3437
f 3627//3627 3436//3436 3431//3431
f 3622//3622 3431//3431 3427//3427
f 3439//3439 3434//3434 3433//3433
f 3433//3433 3438//3438 3439//3439
f 3434//3434 3439//3439 3440//3440
f 3434//3434 3440//3440 3624//3624
f 3623//3623 3618//3618 3434//3434
f 3624//3624 3623//3623 3434//3434
f 3443//3443 3436//3436 3435//3435
f 3435//3435 3436//3436 3626//3626
f 3435//3435 3442//3442 3443//3443
f 3607//3607 3603//3603 3422//3422
f 3418//3418 3421//3421 3422//3422
f 3419//3419 3422//3422 3603//3603
f 3610//3610 3424//3424 3420//3420
f 3420//3420 3602//3602 3606//3606
f 3606//3606 3605//3605 3420//3420
f 3420//3420 3605//3605 3610//3610
f 3425//3425 3422//3422 3421//3421
f 3422//3422 3425//3425 3426//3426
f 3422//3422 3426//3426 3607//3607
f 3626//3626 3442//3442 3435//3435
f 3427//3427 3424//3424 3423//3423
f 3423//3423 3424//3424 3610//3610
f 3616//3616 3427//3427 3423//3423
f 3423//3423 3610//3610 3616//3616
f 3424//3424 3427//3427 3428//3428
f 3426//3426 3429//3429 3617//3617
f 3611//3611 3607//3607 3426//3426
f 3617//3617 3611//3611 3426//3426
f 3431//3431 3428//3428 3427//3427
f 3631//3631 3460//3460 3459//3459
f 3447//3447 3451//3451 3452//3452
f 3447//3447 3452//3452 3453//3453
f 3453//3453 3449//3449 3448//3448
f 3449//3449 3453//3453 3454//3454
f 3455//3455 3452//3452 3451//3451
f 3456//3456 3453//3453 3452//3452
f 3452//3452 3455//3455 3456//3456
f 3453//3453 3456//3456 3457//3457
f 3463//3463 3459//3459 3458//3458
f 3453//3453 3448//3448 3447//3447
f 3459//3459 3463//3463 3464//3464
f 3459//3459 3464//3464 3635//3635
f 3459//3459 3630//3630 3631//3631
f 3635//3635 3630//3630 3459//3459
f 3632//3632 3461//3461 3460//3460
f 3460//3460 3631//3631 3632//3632
f 3637//3637 3465//3465 3461//3461
f 3461//3461 3632//3632 3637//3637
f 3634//3634 3463//3463 3462//3462
f 3447//3447 3442//3442 3441//3441
f 3627//3627 3626//3626 3436//3436
f 3445//3445 3439//3439 3438//3438
f 3438//3438 3444//3444 3445//3445
f 3446//3446 3440//3440 3439//3439
f 3439//3439 3445//3445 3446//3446
f 3447//3447 3441//3441 3440//3440
f 3440//3440 3441//3441 3628//3628
f 3440//3440 3446//3446 3447//3447
f 3628//3628 3624//3624 3440//3440
f 3339//3339 3340//3340 3343//3343
f 3441//3441 3442//3442 3629//3629
f 3629//3629 3628//3628 3441//3441
f 3448//3448 3443//3443 3442//3442
f 3442//3442 3447//3447 3448//3448
f 3442//3442 3626//3626 3629//3629
f 3443//3443 3448//3448 3449//3449
f 3451//3451 3446//3446 3445//3445
f 3445//3445 3450//3450 3451//3451
f 3451//3451 3447//3447 3446//3446
f 3231//3231 3410//3410 3412//3412
f 3407//3407 3404//3404 3227//3227
f 3231//3231 3229//3229 3228//3228
f 3410//3410 3231//3231 3228//3228
f 3228//3228 3405//3405 3408//3408
f 3228//3228 3408//3408 3410//3410
f 3229//3229 3231//3231 3232//3232
f 3230//3230 3233//3233 3409//3409
f 3409//3409 3407//3407 3230//3230
f 3234//3234 3232//3232 3231//3231
f 3412//3412 3234//3234 3231//3231
f 3227//3227 3230//3230 3407//3407
f 3232//3232 3234//3234 3235//3235
f 3233//3233 3236//3236 3413//3413
f 3411//3411 3409//3409 3233//3233
f 3413//3413 3411//3411 3233//3233
f 3238//3238 3235//3235 3234//3234
f 3234//3234 3237//3237 3238//3238
f 3414//3414 3237//3237 3234//3234
f 3234//3234 3412//3412 3414//3414
f 3236//3236 3239//3239 3415//3415
f 3404//3404 3401//3401 3222//3222
f 3218//3218 3220//3220 3398//3398
f 3398//3398 3396//3396 3218//3218
f 3397//3397 3221//3221 3219//3219
f 3219//3219 3395//3395 3397//3397
f 3220//3220 3222//3222 3401//3401
f 3401//3401 3398//3398 3220//3220
f 3400//3400 3223//3223 3221//3221
f 3221//3221 3397//3397 3400//3400
f 3222//3222 3224//3224 3404//3404
f 3415//3415 3413//3413 3236//3236
f 3406//3406 3226//3226 3223//3223
f 3223//3223 3400//3400 3403//3403
f 3223//3223 3403//3403 3406//3406
f 3224//3224 3227//3227 3404//3404
f 3229//3229 3226//3226 3225//3225
f 3225//3225 3226//3226 3405//3405
f 3225//3225 3228//3228 3229//3229
f 3405//3405 3228//3228 3225//3225
f 3406//3406 3405//3405 3226//3226
f 3438//3438 3433//3433 3252//3252
f 3247//3247 3424//3424 3428//3428
f 3247//3247 3428//3428 3432//3432
f 3251//3251 3249//3249 3248//3248
f 3249//3249 3251//3251 3252//3252
f 3249//3249 3252//3252 3429//3429
f 3432//3432 3254//3254 3250//3250
f 3255//3255 3252//3252 3251//3251
f 3252//3252 3255//3255 3256//3256
f 3252//3252 3256//3256 3438//3438
f 3433//3433 3429//3429 3252//3252
f 3432//3432 3250//3250 3247//3247
f 3258//3258 3254//3254 3253//3253
f 3253//3253 3254//3254 3436//3436
f 3253//3253 3257//3257 3258//3258
f 3443//3443 3257//3257 3253//3253
f 3253//3253 3436//3436 3443//3443
f 3254//3254 3432//3432 3437//3437
f 3437//3437 3436//3436 3254//3254
f 3259//3259 3256//3256 3255//3255
f 3256//3256 3259//3259 3260//3260
f 3242//3242 3420//3420 3424//3424
f 3417//3417 3240//3240 3237//3237
f 3237//3237 3414//3414 3417//3417
f 3239//3239 3241//3241 3415//3415
f 3420//3420 3242//3242 3240//3240
f 3240//3240 3417//3417 3420//3420
f 3241//3241 3243//3243 3421//3421
f 3418//3418 3415//3415 3241//3241
f 3421//3421 3418//3418 3241//3241
f 3424//3424 3244//3244 3242//3242
f 3217//3217 3393//3393 3395//3395
f 3243//3243 3245//3245 3425//3425
f 3425//3425 3421//3421 3243//3243
f 3424//3424 3247//3247 3244//3244
f 3245//3245 3246//3246 3426//3426
f 3429//3429 3246//3246 3245//3245
f 3245//3245 3248//3248 3249//3249
f 3245//3245 3249//3249 3429//3429
f 3426//3426 3425//3425 3245//3245
f 3429//3429 3426//3426 3246//3246
f 3190//3190 3194//3194 3374//3374
f 3189//3189 3188//3188 3184//3184
f 3184//3184 3366//3366 3369//3369
f 3369//3369 3189//3189 3185//3185
f 3186//3186 3190//3190 3374//3374
f 3371//3371 3368//3368 3186//3186
f 3374//3374 3371//3371 3186//3186
f 3188//3188 3189//3189 3192//3192
f 3192//3192 3191//3191 3188//3188
f 3372//3372 3192//3192 3189//3189
f 3189//3189 3369//3369 3372//3372
f 3369//3369 3185//3185 3184//3184
f 3378//3378 3195//3195 3192//3192
f 3192//3192 3372//3372 3375//3375
f 3192//3192 3375//3375 3378//3378
f 3193//3193 3194//3194 3196//3196
f 3377//3377 3194//3194 3193//3193
f 3193//3193 3196//3196 3377//3377
f 3197//3197 3196//3196 3194//3194
f 3377//3377 3374//3374 3194//3194
f 3378//3378 3198//3198 3195//3195
f 3176//3176 3177//3177 3182//3182
f 3363//3363 3174//3174 3173//3173
f 3173//3173 3179//3179 3368//3368
f 3368//3368 3363//3363 3173//3173
f 3174//3174 3175//3175 3181//3181
f 3180//3180 3179//3179 3174//3174
f 3181//3181 3180//3180 3174//3174
f 3174//3174 3363//3363 3364//3364
f 3175//3175 3176//3176 3182//3182
f 3182//3182 3181//3181 3175//3175
f 3196//3196 3197//3197 3200//3200
f 3177//3177 3178//3178 3183//3183
f 3183//3183 3182//3182 3177//3177
f 3184//3184 3183//3183 3178//3178
f 3366//3366 3184//3184 3178//3178
f 3178//3178 3365//3365 3366//3366
f 3179//3179 3180//3180 3187//3187
f 3187//3187 3186//3186 3179//3179
f 3179//3179 3186//3186 3368//3368
f 3184//3184 3185//3185 3189//3189
f 3215//3215 3214//3214 3211//3211
f 3206//3206 3385//3385 3387//3387
f 3207//3207 3210//3210 3390//3390
f 3390//3390 3388//3388 3207//3207
f 3208//3208 3209//3209 3211//3211
f 3212//3212 3211//3211 3209//3209
f 3391//3391 3212//3212 3209//3209
f 3209//3209 3387//3387 3389//3389
f 3209//3209 3389//3389 3391//3391
f 3210//3210 3213//3213 3390//3390
f 3211//3211 3212//3212 3215//3215
f 3387//3387 3209//3209 3206//3206
f 3393//3393 3215//3215 3212//3212
f 3212//3212 3391//3391 3393//3393
f 3213//3213 3216//3216 3392//3392
f 3392//3392 3390//3390 3213//3213
f 3393//3393 3217//3217 3215//3215
f 3216//3216 3218//3218 3396//3396
f 3394//3394 3392//3392 3216//3216
f 3396//3396 3394//3394 3216//3216
f 3395//3395 3219//3219 3217//3217
f 3201//3201 3202//3202 3205//3205
f 3200//3200 3199//3199 3196//3196
f 3196//3196 3199//3199 3383//3383
f 3380//3380 3377//3377 3196//3196
f 3383//3383 3380//3380 3196//3196
f 3384//3384 3201//3201 3198//3198
f 3198//3198 3378//3378 3381//3381
f 3198//3198 3381//3381 3384//3384
f 3204//3204 3203//3203 3199//3199
f 3199//3199 3203//3203 3383//3383
f 3256//3256 3260//3260 3438//3438
f 3385//3385 3202//3202 3201//3201
f 3201//3201 3384//3384 3385//3385
f 3206//3206 3205//3205 3202//3202
f 3385//3385 3206//3206 3202//3202
f 3203//3203 3207//3207 3388//3388
f 3386//3386 3383//3383 3203//3203
f 3388//3388 3386//3386 3203//3203
f 3205//3205 3206//3206 3208//3208
f 3209//3209 3208//3208 3206//3206
f 3481//3481 3319//3319 3315//3315
f 3310//3310 3474//3474 3475//3475
f 3479//3479 3315//3315 3311//3311
f 3311//3311 3476//3476 3477//3477
f 3311//3311 3477//3477 3479//3479
f 3312//3312 3313//3313 3316//3316
f 3312//3312 3316//3316 3480//3480
f 3480//3480 3478//3478 3312//3312
f 3317//3317 3316//3316 3313//3313
f 3314//3314 3315//3315 3319//3319
f 3319//3319 3318//3318 3314//3314
f 3313//3313 3312//3312 3310//3310
f 3315//3315 3479//3479 3481//3481
f 3316//3316 3317//3317 3480//3480
f 3317//3317 3320//3320 3480//3480
f 3318//3318 3319//3319 3323//3323
f 3485//3485 3323//3323 3319//3319
f 3319//3319 3481//3481 3485//3485
f 3320//3320 3321//3321 3324//3324
f 3320//3320 3324//3324 3487//3487
f 3482//3482 3480//3480 3320//3320
f 3307//3307 3310//3310 3475//3475
f 3301//3301 3465//3465 3466//3466
f 3468//3468 3304//3304 3303//3303
f 3303//3303 3307//3307 3467//3467
f 3303//3303 3467//3467 3468//3468
f 3468//3468 3462//3462 3304//3304
f 3469//3469 3306//3306 3305//3305
f 3305//3305 3466//3466 3469//3469
f 3470//3470 3308//3308 3306//3306
f 3306//3306 3469//3469 3470//3470
f 3483//3483 3482//3482 3320//3320
f 3472//3472 3467//3467 3307//3307
f 3475//3475 3472//3472 3307//3307
f 3476//3476 3311//3311 3308//3308
f 3308//3308 3470//3470 3473//3473
f 3308//3308 3473//3473 3476//3476
f 3309//3309 3310//3310 3312//3312
f 3474//3474 3310//3310 3309//3309
f 3309//3309 3312//3312 3478//3478
f 3478//3478 3474//3474 3309//3309
f 3496//3496 3495//3495 3335//3335
f 3337//3337 3336//3336 3330//3330
f 3498//3498 3337//3337 3330//3330
f 3330//3330 3489//3489 3498//3498
f 3490//3490 3489//3489 3331//3331
f 3332//3332 3333//3333 3493//3493
f 3333//3333 3334//3334 3494//3494
f 3494//3494 3493//3493 3333//3333
f 3334//3334 3335//3335 3495//3495
f 3495//3495 3494//3494 3334//3334
f 3335//3335 3336//3336 3496//3496
f 3330//3330 3331//3331 3489//3489
f 3336//3336 3337//3337 3497//3497
f 3497//3497 3496//3496 3336//3336
f 3498//3498 3497//3497 3337//3337
f 3338//3338 3339//3339 3343//3343
f 3528//3528 3339//3339 3338//3338
f 3343//3343 3342//3342 3338//3338
f 3338//3338 3342//3342 3526//3526
f 3338//3338 3526//3526 3527//3527
f 3338//3338 3527//3527 3528//3528
f 3333//3333 3332//3332 3325//3325
f 3487//3487 3483//3483 3320//3320
f 3325//3325 3324//3324 3321//3321
f 3322//3322 3323//3323 3331//3331
f 3331//3331 3330//3330 3322//3322
f 3490//3490 3331//3331 3323//3323
f 3485//3485 3484//3484 3323//3323
f 3323//3323 3484//3484 3490//3490
f 3324//3324 3325//3325 3487//3487
f 3325//3325 3326//3326 3333//3333
f 3466//3466 3305//3305 3301//3301
f 3325//3325 3332//3332 3493//3493
f 3488//3488 3487//3487 3325//3325
f 3493//3493 3488//3488 3325//3325
f 3334//3334 3333//3333 3326//3326
f 3327//3327 3328//3328 3335//3335
f 3335//3335 3334//3334 3327//3327
f 3328//3328 3329//3329 3335//3335
f 3329//3329 3330//3330 3336//3336
f 3336//3336 3335//3335 3329//3329
f 3270//3270 3277//3277 3278//3278
f 3453//3453 3273//3273 3266//3266
f 3275//3275 3268//3268 3267//3267
f 3267//3267 3273//3273 3274//3274
f 3267//3267 3274//3274 3275//3275
f 3267//3267 3449//3449 3454//3454
f 3454//3454 3453//3453 3267//3267
f 3276//3276 3270//3270 3269//3269
f 3278//3278 3271//3271 3270//3270
f 3270//3270 3271//3271 3451//3451
f 3270//3270 3276//3276 3277//3277
f 3266//3266 3267//3267 3453//3453
f 3278//3278 3272//3272 3271//3271
f 3271//3271 3272//3272 3455//3455
f 3455//3455 3451//3451 3271//3271
f 3279//3279 3273//3273 3272//3272
f 3272//3272 3273//3273 3456//3456
f 3272//3272 3278//3278 3279//3279
f 3456//3456 3455//3455 3272//3272
f 3280//3280 3274//3274 3273//3273
f 3273//3273 3279//3279 3280//3280
f 3261//3261 3265//3265 3445//3445
f 3263//3263 3258//3258 3257//3257
f 3257//3257 3262//3262 3263//3263
f 3449//3449 3262//3262 3257//3257
f 3257//3257 3443//3443 3449//3449
f 3264//3264 3261//3261 3260//3260
f 3260//3260 3261//3261 3445//3445
f 3444//3444 3438//3438 3260//3260
f 3445//3445 3444//3444 3260//3260
f 3261//3261 3264//3264 3265//3265
f 3273//3273 3453//3453 3457//3457
f 3268//3268 3263//3263 3262//3262
f 3262//3262 3267//3267 3268//3268
f 3449//3449 3267//3267 3262//3262
f 3270//3270 3265//3265 3264//3264
f 3264//3264 3269//3269 3270//3270
f 3265//3265 3270//3270 3451//3451
f 3450//3450 3445//3445 3265//3265
f 3451//3451 3450//3450 3265//3265
f 3273//3273 3267//3267 3266//3266
f 3295//3295 3461//3461 3465//3465
f 3292//3292 3299//3299 3458//3458
f 3292//3292 3458//3458 3459//3459
f 3459//3459 3294//3294 3293//3293
f 3461//3461 3295//3295 3294//3294
f 3294//3294 3459//3459 3460//3460
f 3294//3294 3460//3460 3461//3461
f 3301//3301 3296//3296 3295//3295
f 3295//3295 3300//3300 3301//3301
f 3465//3465 3300//3300 3295//3295
f 3292//3292 3298//3298 3299//3299
f 3303//3303 3298//3298 3297//3297
f 3463//3463 3299//3299 3298//3298
f 3298//3298 3303//3303 3304//3304
f 3298//3298 3304//3304 3462//3462
f 3298//3298 3462//3462 3463//3463
f 3463//3463 3458//3458 3299//3299
f 3465//3465 3301//3301 3300//3300
f 3306//3306 3302//3302 3301//3301
f 3301//3301 3305//3305 3306//3306
f 3286//3286 3281//3281 3280//3280
f 3457//3457 3456//3456 3273//3273
f 3274//3274 3280//3280 3281//3281
f 3282//3282 3277//3277 3276//3276
f 3282//3282 3278//3278 3277//3277
f 3284//3284 3279//3279 3278//3278
f 3278//3278 3282//3282 3283//3283
f 3278//3278 3283//3283 3284//3284
f 3285//3285 3280//3280 3279//3279
f 3279//3279 3284//3284 3285//3285
f 3502//3502 3503//3503 3510//3510
f 3280//3280 3285//3285 3286//3286
f 3288//3288 3283//3283 3282//3282
f 3282//3282 3287//3287 3288//3288
f 3289//3289 3284//3284 3283//3283
f 3283//3283 3288//3288 3289//3289
f 3290//3290 3285//3285 3284//3284
f 3284//3284 3289//3289 3290//3290
f 3298//3298 3292//3292 3291//3291
f 3459//3459 3293//3293 3292//3292
f 3717//3717 3898//3898 3899//3899
f 3894//3894 3891//3891 3711//3711
f 3713//3713 3714//3714 3717//3717
f 3898//3898 3717//3717 3714//3714
f 3714//3714 3892//3892 3895//3895
f 3714//3714 3895//3895 3898//3898
f 3715//3715 3716//3716 3718//3718
f 3715//3715 3718//3718 3900//3900
f 3900//3900 3897//3897 3715//3715
f 3719//3719 3718//3718 3716//3716
f 3901//3901 3720//3720 3717//3717
f 3716//3716 3715//3715 3711//3711
f 3717//3717 3899//3899 3901//3901
f 3718//3718 3719//3719 3723//3723
f 3723//3723 3722//3722 3718//3718
f 3718//3718 3722//3722 3900//3900
f 3720//3720 3721//3721 3725//3725
f 3901//3901 3721//3721 3720//3720
f 3725//3725 3724//3724 3720//3720
f 3903//3903 3725//3725 3721//3721
f 3721//3721 3901//3901 3903//3903
f 3712//3712 3711//3711 3705//3705
f 3887//3887 3882//3882 3698//3698
f 3891//3891 3887//3887 3698//3698
f 3706//3706 3705//3705 3699//3699
f 3702//3702 3703//3703 3708//3708
f 3703//3703 3704//3704 3708//3708
f 3888//3888 3704//3704 3703//3703
f 3709//3709 3708//3708 3704//3704
f 3888//3888 3709//3709 3704//3704
f 3705//3705 3706//3706 3712//3712
f 3722//3722 3726//3726 3904//3904
f 3705//3705 3711//3711 3891//3891
f 3708//3708 3709//3709 3714//3714
f 3714//3714 3713//3713 3708//3708
f 3892//3892 3714//3714 3709//3709
f 3709//3709 3888//3888 3892//3892
f 3710//3710 3711//3711 3715//3715
f 3894//3894 3711//3711 3710//3710
f 3710//3710 3715//3715 3897//3897
f 3897//3897 3894//3894 3710//3710
f 3739//3739 3915//3915 3917//3917
f 3910//3910 3908//3908 3734//3734
f 3912//3912 3910//3910 3734//3734
f 3913//3913 3737//3737 3735//3735
f 3735//3735 3911//3911 3913//3913
f 3736//3736 3738//3738 3914//3914
f 3914//3914 3912//3912 3736//3736
f 3913//3913 3739//3739 3737//3737
f 3738//3738 3740//3740 3914//3914
f 3917//3917 3741//3741 3739//3739
f 3739//3739 3913//3913 3915//3915
f 3734//3734 3736//3736 3912//3912
f 3740//3740 3742//3742 3916//3916
f 3916//3916 3914//3914 3740//3740
f 3919//3919 3743//3743 3741//3741
f 3741//3741 3917//3917 3919//3919
f 3742//3742 3744//3744 3920//3920
f 3918//3918 3916//3916 3742//3742
f 3920//3920 3918//3918 3742//3742
f 3919//3919 3745//3745 3743//3743
f 3744//3744 3746//3746 3922//3922
f 3728//3728 3903//3903 3905//3905
f 3902//3902 3900//3900 3722//3722
f 3904//3904 3902//3902 3722//3722
f 3724//3724 3725//3725 3727//3727
f 3728//3728 3727//3727 3725//3725
f 3903//3903 3728//3728 3725//3725
f 3726//3726 3729//3729 3904//3904
f 3727//3727 3728//3728 3731//3731
f 3731//3731 3730//3730 3727//3727
f 3907//3907 3731//3731 3728//3728
f 3698//3698 3705//3705 3891//3891
f 3728//3728 3905//3905 3907//3907
f 3729//3729 3732//3732 3908//3908
f 3906//3906 3904//3904 3729//3729
f 3908//3908 3906//3906 3729//3729
f 3909//3909 3733//3733 3731//3731
f 3731//3731 3907//3907 3909//3909
f 3732//3732 3734//3734 3908//3908
f 3911//3911 3735//3735 3733//3733
f 3733//3733 3909//3909 3911//3911
f 3845//3845 3844//3844 3680//3680
f 3683//3683 3682//3682 3676//3676
f 3848//3848 3683//3683 3676//3676
f 3840//3840 3839//3839 3677//3677
f 3677//3677 3839//3839 3848//3848
f 3841//3841 3840//3840 3677//3677
f 3678//3678 3679//3679 3843//3843
f 3843//3843 3838//3838 3678//3678
f 3679//3679 3680//3680 3844//3844
f 3844//3844 3843//3843 3679//3679
f 3680//3680 3681//3681 3845//3845
f 3676//3676 3677//3677 3848//3848
f 3681//3681 3682//3682 3846//3846
f 3846//3846 3845//3845 3681//3681
f 3682//3682 3683//3683 3848//3848
f 3847//3847 3846//3846 3682//3682
f 3848//3848 3847//3847 3682//3682
f 3684//3684 3685//3685 3689//3689
f 3870//3870 3685//3685 3684//3684
f 3689//3689 3688//3688 3684//3684
f 3684//3684 3688//3688 3870//3870
f 3669//3669 3670//3670 3841//3841
f 3664//3664 3665//3665 3833//3833
f 3832//3832 3670//3670 3664//3664
f 3833//3833 3832//3832 3664//3664
f 3666//3666 3667//3667 3834//3834
f 3667//3667 3668//3668 3672//3672
f 3672//3672 3671//3671 3667//3667
f 3667//3667 3671//3671 3837//3837
f 3835//3835 3834//3834 3667//3667
f 3837//3837 3835//3835 3667//3667
f 3685//3685 3686//3686 3690//3690
f 3841//3841 3677//3677 3669//3669
f 3670//3670 3832//3832 3836//3836
f 3670//3670 3836//3836 3841//3841
f 3671//3671 3672//3672 3837//3837
f 3672//3672 3673//3673 3678//3678
f 3672//3672 3678//3678 3838//3838
f 3838//3838 3837//3837 3672//3672
f 3682//3682 3681//3681 3674//3674
f 3675//3675 3676//3676 3682//3682
f 3701//3701 3700//3700 3694//3694
f 3690//3690 3878//3878 3879//3879
f 3879//3879 3697//3697 3691//3691
f 3692//3692 3693//3693 3699//3699
f 3882//3882 3693//3693 3692//3692
f 3699//3699 3698//3698 3692//3692
f 3692//3692 3698//3698 3882//3882
f 3693//3693 3694//3694 3699//3699
f 3693//3693 3882//3882 3883//3883
f 3694//3694 3695//3695 3701//3701
f 3700//3700 3699//3699 3694//3694
f 3690//3690 3872//3872 3878//3878
f 3695//3695 3696//3696 3702//3702
f 3702//3702 3701//3701 3695//3695
f 3696//3696 3697//3697 3703//3703
f 3703//3703 3702//3702 3696//3696
f 3888//3888 3703//3703 3697//3697
f 3697//3697 3879//3879 3884//3884
f 3697//3697 3884//3884 3885//3885
f 3697//3697 3885//3885 3888//3888
f 3698//3698 3699//3699 3705//3705
f 3687//3687 3876//3876 3877//3877
f 3872//3872 3686//3686 3685//3685
f 3690//3690 3689//3689 3685//3685
f 3685//3685 3870//3870 3871//3871
f 3685//3685 3871//3871 3872//3872
f 3872//3872 3690//3690 3686//3686
f 3687//3687 3688//3688 3694//3694
f 3877//3877 3688//3688 3687//3687
f 3694//3694 3693//3693 3687//3687
f 3687//3687 3693//3693 3883//3883
f 3922//3922 3920//3920 3744//3744
f 3883//3883 3876//3876 3687//3687
f 3688//3688 3689//3689 3695//3695
f 3695//3695 3694//3694 3688//3688
f 3877//3877 3870//3870 3688//3688
f 3689//3689 3690//3690 3696//3696
f 3696//3696 3695//3695 3689//3689
f 3690//3690 3691//3691 3697//3697
f 3879//3879 3691//3691 3690//3690
f 3697//3697 3696//3696 3690//3690
f 3803//3803 3975//3975 3976//3976
f 3792//3792 3797//3797 3798//3798
f 3799//3799 3797//3797 3796//3796
f 3801//3801 3798//3798 3797//3797
f 3797//3797 3799//3799 3800//3800
f 3797//3797 3800//3800 3801//3801
f 3975//3975 3803//3803 3802//3802
f 3802//3802 3809//3809 3982//3982
f 3802//3802 3974//3974 3975//3975
f 3982//3982 3974//3974 3802//3802
f 3976//3976 3804//3804 3803//3803
f 3792//3792 3796//3796 3797//3797
f 3976//3976 3805//3805 3804//3804
f 3978//3978 3806//3806 3805//3805
f 3805//3805 3976//3976 3977//3977
f 3805//3805 3977//3977 3978//3978
f 3979//3979 3807//3807 3806//3806
f 3806//3806 3978//3978 3979//3979
f 3983//3983 3810//3810 3807//3807
f 3807//3807 3979//3979 3983//3983
f 3981//3981 3809//3809 3808//3808
f 3786//3786 3787//3787 3969//3969
f 3783//3783 3789//3789 3790//3790
f 3791//3791 3785//3785 3784//3784
f 3784//3784 3785//3785 3968//3968
f 3784//3784 3790//3790 3791//3791
f 3968//3968 3963//3963 3784//3784
f 3791//3791 3786//3786 3785//3785
f 3785//3785 3786//3786 3969//3969
f 3969//3969 3968//3968 3785//3785
f 3793//3793 3787//3787 3786//3786
f 3813//3813 3812//3812 3808//3808
f 3786//3786 3791//3791 3792//3792
f 3786//3786 3792//3792 3793//3793
f 3794//3794 3788//3788 3787//3787
f 3787//3787 3793//3793 3794//3794
f 3970//3970 3969//3969 3787//3787
f 3796//3796 3791//3791 3790//3790
f 3790//3790 3795//3795 3796//3796
f 3796//3796 3792//3792 3791//3791
f 3798//3798 3793//3793 3792//3792
f 3823//3823 3827//3827 3997//3997
f 3818//3818 3991//3991 3995//3995
f 3819//3819 3824//3824 3994//3994
f 3821//3821 3822//3822 3826//3826
f 3996//3996 3822//3822 3821//3821
f 3826//3826 3825//3825 3821//3821
f 3821//3821 3995//3995 3996//3996
f 3996//3996 3826//3826 3822//3822
f 3823//3823 3824//3824 3828//3828
f 3997//3997 3824//3824 3823//3823
f 3828//3828 3827//3827 3823//3823
f 3818//3818 3989//3989 3991//3991
f 3997//3997 3994//3994 3824//3824
f 3825//3825 3826//3826 3830//3830
f 3830//3830 3829//3829 3825//3825
f 4001//4001 3830//3830 3826//3826
f 3826//3826 3996//3996 3998//3998
f 3826//3826 3998//3998 4001//4001
f 3827//3827 3828//3828 3999//3999
f 3999//3999 3997//3997 3827//3827
f 3828//3828 3831//3831 4000//4000
f 3990//3990 3987//3987 3812//3812
f 3808//3808 3812//3812 3980//3980
f 3808//3808 3980//3980 3981//3981
f 3809//3809 3981//3981 3982//3982
f 3983//3983 3811//3811 3810//3810
f 3988//3988 3814//3814 3811//3811
f 3811//3811 3983//3983 3984//3984
f 3811//3811 3984//3984 3988//3988
f 3812//3812 3817//3817 3990//3990
f 3987//3987 3980//3980 3812//3812
f 3790//3790 3784//3784 3783//3783
f 3989//3989 3815//3815 3814//3814
f 3814//3814 3988//3988 3989//3989
f 3989//3989 3818//3818 3815//3815
f 3816//3816 3817//3817 3819//3819
f 3990//3990 3817//3817 3816//3816
f 3816//3816 3819//3819 3994//3994
f 3994//3994 3990//3990 3816//3816
f 3820//3820 3819//3819 3817//3817
f 3995//3995 3821//3821 3818//3818
f 3760//3760 3933//3933 3935//3935
f 3757//3757 3755//3755 3754//3754
f 3933//3933 3757//3757 3754//3754
f 3754//3754 3931//3931 3933//3933
f 3755//3755 3757//3757 3758//3758
f 3756//3756 3759//3759 3932//3932
f 3932//3932 3930//3930 3756//3756
f 3933//3933 3760//3760 3757//3757
f 3759//3759 3761//3761 3934//3934
f 3934//3934 3932//3932 3759//3759
f 3935//3935 3762//3762 3760//3760
f 3930//3930 3927//3927 3753//3753
f 3761//3761 3763//3763 3936//3936
f 3936//3936 3934//3934 3761//3761
f 3942//3942 3764//3764 3762//3762
f 3762//3762 3935//3935 3938//3938
f 3762//3762 3938//3938 3942//3942
f 3763//3763 3765//3765 3939//3939
f 3939//3939 3936//3936 3763//3763
f 3945//3945 3767//3767 3764//3764
f 3764//3764 3942//3942 3945//3945
f 3750//3750 3753//3753 3927//3927
f 3921//3921 3747//3747 3745//3745
f 3745//3745 3919//3919 3921//3921
f 3746//3746 3748//3748 3924//3924
f 3924//3924 3922//3922 3746//3746
f 3926//3926 3749//3749 3747//3747
f 3747//3747 3921//3921 3923//3923
f 3747//3747 3923//3923 3926//3926
f 3748//3748 3750//3750 3924//3924
f 3926//3926 3752//3752 3749//3749
f 3769//3769 3766//3766 3765//3765
f 3927//3927 3924//3924 3750//3750
f 3754//3754 3752//3752 3751//3751
f 3751//3751 3752//3752 3928//3928
f 3931//3931 3754//3754 3751//3751
f 3751//3751 3928//3928 3931//3931
f 3752//3752 3754//3754 3755//3755
f 3752//3752 3926//3926 3929//3929
f 3929//3929 3928//3928 3752//3752
f 3753//3753 3756//3756 3930//3930
f 3779//3779 3780//3780 3963//3963
f 3774//3774 3956//3956 3962//3962
f 3775//3775 3777//3777 3778//3778
f 3776//3776 3779//3779 3958//3958
f 3957//3957 3951//3951 3776//3776
f 3958//3958 3957//3957 3776//3776
f 3782//3782 3778//3778 3777//3777
f 3967//3967 3782//3782 3777//3777
f 3777//3777 3962//3962 3967//3967
f 3784//3784 3780//3780 3779//3779
f 3774//3774 3949//3949 3956//3956
f 3779//3779 3783//3783 3784//3784
f 3963//3963 3958//3958 3779//3779
f 3780//3780 3784//3784 3963//3963
f 3788//3788 3782//3782 3781//3781
f 3781//3781 3782//3782 3966//3966
f 3781//3781 3787//3787 3788//3788
f 3970//3970 3787//3787 3781//3781
f 3781//3781 3966//3966 3970//3970
f 3967//3967 3966//3966 3782//3782
f 3946//3946 3943//3943 3769//3769
f 3765//3765 3766//3766 3943//3943
f 3765//3765 3768//3768 3769//3769
f 3943//3943 3939//3939 3765//3765
f 3766//3766 3769//3769 3943//3943
f 3950//3950 3771//3771 3767//3767
f 3767//3767 3945//3945 3950//3950
f 3773//3773 3769//3769 3768//3768
f 3768//3768 3772//3772 3773//3773
f 3769//3769 3773//3773 3951//3951
f 3670//3670 3669//3669 3663//3663
f 3951//3951 3946//3946 3769//3769
f 3774//3774 3771//3771 3770//3770
f 3770//3770 3771//3771 3950//3950
f 3949//3949 3774//3774 3770//3770
f 3950//3950 3949//3949 3770//3770
f 3771//3771 3774//3774 3775//3775
f 3773//3773 3776//3776 3951//3951
f 3777//3777 3775//3775 3774//3774
f 3962//3962 3777//3777 3774//3774
f 3736//3736 3734//3734 3553//3553
f 3733//3733 3552//3552 3548//3548
f 3548//3548 3731//3731 3733//3733
f 3549//3549 3553//3553 3732//3732
f 3732//3732 3729//3729 3549//3549
f 3551//3551 3552//3552 3555//3555
f 3555//3555 3554//3554 3551//3551
f 3735//3735 3555//3555 3552//3552
f 3552//3552 3733//3733 3735//3735
f 3553//3553 3556//3556 3736//3736
f 3734//3734 3732//3732 3553//3553
f 3547//3547 3730//3730 3731//3731
f 3554//3554 3555//3555 3557//3557
f 3558//3558 3557//3557 3555//3555
f 3735//3735 3558//3558 3555//3555
f 3556//3556 3559//3559 3738//3738
f 3738//3738 3736//3736 3556//3556
f 3557//3557 3558//3558 3560//3560
f 3561//3561 3560//3560 3558//3558
f 3737//3737 3561//3561 3558//3558
f 3558//3558 3735//3735 3737//3737
f 3729//3729 3726//3726 3542//3542
f 3722//3722 3538//3538 3537//3537
f 3537//3537 3542//3542 3726//3726
f 3726//3726 3722//3722 3537//3537
f 3543//3543 3542//3542 3538//3538
f 3538//3538 3722//3722 3723//3723
f 3724//3724 3544//3544 3541//3541
f 3542//3542 3543//3543 3546//3546
f 3546//3546 3545//3545 3542//3542
f 3542//3542 3545//3545 3729//3729
f 3559//3559 3562//3562 3738//3738
f 3727//3727 3547//3547 3544//3544
f 3544//3544 3724//3724 3727//3727
f 3545//3545 3546//3546 3549//3549
f 3545//3545 3549//3549 3729//3729
f 3550//3550 3549//3549 3546//3546
f 3547//3547 3548//3548 3552//3552
f 3731//3731 3548//3548 3547//3547
f 3552//3552 3551//3551 3547//3547
f 3547//3547 3727//3727 3730//3730
f 3575//3575 3755//3755 3758//3758
f 3752//3752 3573//3573 3571//3571
f 3571//3571 3747//3747 3749//3749
f 3571//3571 3749//3749 3752//3752
f 3572//3572 3574//3574 3753//3753
f 3750//3750 3748//3748 3572//3572
f 3753//3753 3750//3750 3572//3572
f 3752//3752 3575//3575 3573//3573
f 3574//3574 3576//3576 3753//3753
f 3758//3758 3578//3578 3575//3575
f 3575//3575 3752//3752 3755//3755
f 3570//3570 3572//3572 3748//3748
f 3576//3576 3579//3579 3756//3756
f 3756//3756 3753//3753 3576//3576
f 3580//3580 3578//3578 3577//3577
f 3577//3577 3578//3578 3757//3757
f 3757//3757 3580//3580 3577//3577
f 3578//3578 3580//3580 3581//3581
f 3758//3758 3757//3757 3578//3578
f 3579//3579 3582//3582 3759//3759
f 3759//3759 3756//3756 3579//3579
f 3744//3744 3742//3742 3564//3564
f 3741//3741 3563//3563 3561//3561
f 3561//3561 3737//3737 3739//3739
f 3561//3561 3739//3739 3741//3741
f 3562//3562 3564//3564 3742//3742
f 3740//3740 3738//3738 3562//3562
f 3742//3742 3740//3740 3562//3562
f 3743//3743 3565//3565 3563//3563
f 3563//3563 3741//3741 3743//3743
f 3564//3564 3566//3566 3744//3744
f 3537//3537 3538//3538 3542//3542
f 3745//3745 3567//3567 3565//3565
f 3565//3565 3743//3743 3745//3745
f 3566//3566 3568//3568 3744//3744
f 3747//3747 3569//3569 3567//3567
f 3567//3567 3745//3745 3747//3747
f 3568//3568 3570//3570 3748//3748
f 3746//3746 3744//3744 3568//3568
f 3748//3748 3746//3746 3568//3568
f 3747//3747 3571//3571 3569//3569
f 3521//3521 3520//3520 3514//3514
f 3511//3511 3514//3514 3700//3700
f 3516//3516 3515//3515 3511//3511
f 3511//3511 3700//3700 3701//3701
f 3512//3512 3513//3513 3516//3516
f 3701//3701 3513//3513 3512//3512
f 3517//3517 3516//3516 3513//3513
f 3707//3707 3517//3517 3513//3513
f 3513//3513 3701//3701 3702//3702
f 3513//3513 3702//3702 3707//3707
f 3514//3514 3515//3515 3521//3521
f 3515//3515 3514//3514 3511//3511
f 3514//3514 3520//3520 3706//3706
f 3514//3514 3699//3699 3700//3700
f 3706//3706 3699//3699 3514//3514
f 3515//3515 3516//3516 3522//3522
f 3522//3522 3521//3521 3515//3515
f 3516//3516 3517//3517 3522//3522
f 3517//3517 3518//3518 3524//3524
f 3708//3708 3518//3518 3517//3517
f 3523//3523 3522//3522 3517//3517
f 3505//3505 3675//3675 3682//3682
f 3509//3509 3508//3508 3502//3502
f 3510//3510 3509//3509 3502//3502
f 3503//3503 3504//3504 3680//3680
f 3680//3680 3510//3510 3503//3503
f 3504//3504 3505//3505 3674//3674
f 3504//3504 3674//3674 3681//3681
f 3681//3681 3680//3680 3504//3504
f 3505//3505 3506//3506 3675//3675
f 3682//3682 3674//3674 3505//3505
f 3524//3524 3523//3523 3517//3517
f 3506//3506 3507//3507 3676//3676
f 3676//3676 3675//3675 3506//3506
f 3677//3677 3676//3676 3507//3507
f 3508//3508 3509//3509 3678//3678
f 3509//3509 3510//3510 3680//3680
f 3679//3679 3678//3678 3509//3509
f 3680//3680 3679//3679 3509//3509
f 3511//3511 3512//3512 3516//3516
f 3701//3701 3512//3512 3511//3511
f 3717//3717 3536//3536 3531//3531
f 3524//3524 3713//3713 3717//3717
f 3525//3525 3526//3526 3532//3532
f 3525//3525 3532//3532 3719//3719
f 3719//3719 3716//3716 3525//3525
f 3533//3533 3532//3532 3526//3526
f 3529//3529 3530//3530 3534//3534
f 3530//3530 3531//3531 3536//3536
f 3717//3717 3531//3531 3530//3530
f 3535//3535 3534//3534 3530//3530
f 3536//3536 3535//3535 3530//3530
f 3717//3717 3530//3530 3524//3524
f 3532//3532 3533//3533 3538//3538
f 3532//3532 3538//3538 3723//3723
f 3723//3723 3719//3719 3532//3532
f 3539//3539 3538//3538 3533//3533
f 3535//3535 3536//3536 3541//3541
f 3541//3541 3540//3540 3535//3535
f 3724//3724 3541//3541 3536//3536
f 3536//3536 3717//3717 3720//3720
f 3536//3536 3720//3720 3724//3724
f 3526//3526 3525//3525 3520//3520
f 3707//3707 3702//3702 3517//3517
f 3517//3517 3702//3702 3708//3708
f 3713//3713 3524//3524 3518//3518
f 3518//3518 3708//3708 3713//3713
f 3519//3519 3520//3520 3525//3525
f 3711//3711 3520//3520 3519//3519
f 3519//3519 3525//3525 3716//3716
f 3716//3716 3711//3711 3519//3519
f 3520//3520 3521//3521 3527//3527
f 3762//3762 3583//3583 3580//3580
f 3527//3527 3526//3526 3520//3520
f 3712//3712 3706//3706 3520//3520
f 3520//3520 3711//3711 3712//3712
f 3521//3521 3522//3522 3528//3528
f 3528//3528 3527//3527 3521//3521
f 3522//3522 3523//3523 3528//3528
f 3523//3523 3524//3524 3530//3530
f 3529//3529 3528//3528 3523//3523
f 3530//3530 3529//3529 3523//3523
f 3810//3810 3642//3642 3641//3641
f 3635//3635 3804//3804 3805//3805
f 3805//3805 3637//3637 3636//3636
f 3807//3807 3638//3638 3637//3637
f 3637//3637 3805//3805 3806//3806
f 3637//3637 3806//3806 3807//3807
f 3807//3807 3641//3641 3638//3638
f 3808//3808 3640//3640 3639//3639
f 3639//3639 3644//3644 3808//3808
f 3809//3809 3802//3802 3640//3640
f 3640//3640 3808//3808 3809//3809
f 3635//3635 3803//3803 3804//3804
f 3641//3641 3807//3807 3810//3810
f 3811//3811 3645//3645 3642//3642
f 3642//3642 3810//3810 3811//3811
f 3812//3812 3644//3644 3643//3643
f 3643//3643 3647//3647 3817//3817
f 3817//3817 3812//3812 3643//3643
f 3813//3813 3808//3808 3644//3644
f 3644//3644 3812//3812 3813//3813
f 3645//3645 3646//3646 3649//3649
f 3625//3625 3628//3628 3629//3629
f 3618//3618 3623//3623 3624//3624
f 3625//3625 3620//3620 3619//3619
f 3619//3619 3624//3624 3625//3625
f 3625//3625 3621//3621 3620//3620
f 3627//3627 3622//3622 3621//3621
f 3621//3621 3625//3625 3626//3626
f 3621//3621 3626//3626 3627//3627
f 3628//3628 3625//3625 3624//3624
f 3629//3629 3626//3626 3625//3625
f 3815//3815 3646//3646 3645//3645
f 3636//3636 3631//3631 3630//3630
f 3630//3630 3635//3635 3636//3636
f 3637//3637 3632//3632 3631//3631
f 3631//3631 3636//3636 3637//3637
f 3803//3803 3634//3634 3633//3633
f 3633//3633 3640//3640 3802//3802
f 3633//3633 3802//3802 3803//3803
f 3803//3803 3635//3635 3634//3634
f 3805//3805 3636//3636 3635//3635
f 3665//3665 3664//3664 3659//3659
f 3655//3655 3821//3821 3825//3825
f 3656//3656 3657//3657 3660//3660
f 3656//3656 3660//3660 3831//3831
f 3828//3828 3824//3824 3656//3656
f 3831//3831 3828//3828 3656//3656
f 3661//3661 3660//3660 3657//3657
f 3658//3658 3659//3659 3664//3664
f 3830//3830 3659//3659 3658//3658
f 3658//3658 3825//3825 3829//3829
f 3658//3658 3829//3829 3830//3830
f 3825//3825 3658//3658 3655//3655
f 3833//3833 3665//3665 3659//3659
f 3659//3659 3830//3830 3833//3833
f 3660//3660 3661//3661 3667//3667
f 3667//3667 3666//3666 3660//3660
f 3660//3660 3666//3666 3834//3834
f 3834//3834 3831//3831 3660//3660
f 3661//3661 3662//3662 3668//3668
f 3668//3668 3667//3667 3661//3661
f 3663//3663 3664//3664 3670//3670
f 3819//3819 3651//3651 3650//3650
f 3649//3649 3648//3648 3645//3645
f 3645//3645 3811//3811 3814//3814
f 3645//3645 3814//3814 3815//3815
f 3815//3815 3649//3649 3646//3646
f 3647//3647 3651//3651 3817//3817
f 3821//3821 3652//3652 3649//3649
f 3649//3649 3815//3815 3818//3818
f 3649//3649 3818//3818 3821//3821
f 3650//3650 3651//3651 3654//3654
f 3624//3624 3619//3619 3618//3618
f 3654//3654 3653//3653 3650//3650
f 3650//3650 3653//3653 3819//3819
f 3820//3820 3817//3817 3651//3651
f 3651//3651 3819//3819 3820//3820
f 3821//3821 3655//3655 3652//3652
f 3653//3653 3654//3654 3656//3656
f 3653//3653 3656//3656 3824//3824
f 3824//3824 3819//3819 3653//3653
f 3657//3657 3656//3656 3654//3654
f 3778//3778 3599//3599 3595//3595
f 3590//3590 3593//3593 3594//3594
f 3772//3772 3768//3768 3590//3590
f 3773//3773 3772//3772 3590//3590
f 3591//3591 3594//3594 3773//3773
f 3775//3775 3595//3595 3592//3592
f 3596//3596 3594//3594 3593//3593
f 3594//3594 3596//3596 3597//3597
f 3594//3594 3597//3597 3779//3779
f 3776//3776 3773//3773 3594//3594
f 3779//3779 3776//3776 3594//3594
f 3590//3590 3591//3591 3773//3773
f 3595//3595 3775//3775 3778//3778
f 3597//3597 3600//3600 3779//3779
f 3602//3602 3599//3599 3598//3598
f 3598//3598 3599//3599 3782//3782
f 3598//3598 3601//3601 3602//3602
f 3788//3788 3601//3601 3598//3598
f 3598//3598 3782//3782 3788//3788
f 3599//3599 3778//3778 3782//3782
f 3600//3600 3603//3603 3789//3789
f 3585//3585 3764//3764 3767//3767
f 3580//3580 3757//3757 3760//3760
f 3580//3580 3760//3760 3762//3762
f 3582//3582 3584//3584 3761//3761
f 3761//3761 3759//3759 3582//3582
f 3764//3764 3585//3585 3583//3583
f 3583//3583 3762//3762 3764//3764
f 3584//3584 3586//3586 3763//3763
f 3763//3763 3761//3761 3584//3584
f 3767//3767 3587//3587 3585//3585
f 3783//3783 3779//3779 3600//3600
f 3586//3586 3588//3588 3768//3768
f 3765//3765 3763//3763 3586//3586
f 3768//3768 3765//3765 3586//3586
f 3771//3771 3589//3589 3587//3587
f 3587//3587 3767//3767 3771//3771
f 3588//3588 3590//3590 3768//3768
f 3775//3775 3592//3592 3589//3589
f 3589//3589 3771//3771 3775//3775
f 3594//3594 3591//3591 3590//3590
f 3613//3613 3614//3614 3799//3799
f 3610//3610 3615//3615 3616//3616
f 3610//3610 3793//3793 3798//3798
f 3617//3617 3612//3612 3611//3611
f 3619//3619 3613//3613 3612//3612
f 3612//3612 3613//3613 3799//3799
f 3612//3612 3617//3617 3618//3618
f 3612//3612 3618//3618 3619//3619
f 3799//3799 3796//3796 3612//3612
f 3620//3620 3614//3614 3613//3613
f 3798//3798 3615//3615 3609//3609
f 3613//3613 3619//3619 3620//3620
f 3620//3620 3615//3615 3614//3614
f 3614//3614 3615//3615 3801//3801
f 3800//3800 3799//3799 3614//3614
f 3801//3801 3800//3800 3614//3614
f 3621//3621 3616//3616 3615//3615
f 3615//3615 3620//3620 3621//3621
f 3615//3615 3798//3798 3801//3801
f 3616//3616 3621//3621 3622//3622
f 3793//3793 3610//3610 3605//3605
f 3789//3789 3783//3783 3600//3600
f 3605//3605 3602//3602 3601//3601
f 3788//3788 3605//3605 3601//3601
f 3602//3602 3605//3605 3606//3606
f 3608//3608 3604//3604 3603//3603
f 3603//3603 3604//3604 3790//3790
f 3603//3603 3607//3607 3608//3608
f 3790//3790 3789//3789 3603//3603
f 3604//3604 3608//3608 3790//3790
f 3173//3173 3174//3174 3179//3179
f 3605//3605 3788//3788 3794//3794
f 3794//3794 3793//3793 3605//3605
f 3612//3612 3608//3608 3607//3607
f 3607//3607 3611//3611 3612//3612
f 3608//3608 3612//3612 3796//3796
f 3795//3795 3790//3790 3608//3608
f 3796//3796 3795//3795 3608//3608
f 3615//3615 3610//3610 3609//3609
f 3609//3609 3610//3610 3798//3798
f 2919//2919 2916//2916 2741//2741
f 2736//2736 2909//2909 2912//2912
f 2737//2737 2739//2739 2913//2913
f 2913//2913 2910//2910 2737//2737
f 2915//2915 2740//2740 2738//2738
f 2738//2738 2912//2912 2915//2915
f 2739//2739 2741//2741 2916//2916
f 2916//2916 2913//2913 2739//2739
f 2918//2918 2742//2742 2740//2740
f 2740//2740 2915//2915 2918//2918
f 2741//2741 2743//2743 2919//2919
f 2912//2912 2738//2738 2736//2736
f 2924//2924 2744//2744 2742//2742
f 2742//2742 2918//2918 2921//2921
f 2742//2742 2921//2921 2924//2924
f 2743//2743 2745//2745 2922//2922
f 2922//2922 2919//2919 2743//2743
f 2927//2927 2746//2746 2744//2744
f 2744//2744 2924//2924 2927//2927
f 2745//2745 2747//2747 2925//2925
f 2925//2925 2922//2922 2745//2745
f 2731//2731 2733//2733 2908//2908
f 2901//2901 2728//2728 2726//2726
f 2727//2727 2729//2729 2904//2904
f 2902//2902 2900//2900 2727//2727
f 2904//2904 2902//2902 2727//2727
f 2905//2905 2730//2730 2728//2728
f 2728//2728 2901//2901 2903//2903
f 2728//2728 2903//2903 2905//2905
f 2729//2729 2731//2731 2904//2904
f 2905//2905 2732//2732 2730//2730
f 2931//2931 2748//2748 2746//2746
f 2906//2906 2904//2904 2731//2731
f 2908//2908 2906//2906 2731//2731
f 2909//2909 2734//2734 2732//2732
f 2732//2732 2905//2905 2907//2907
f 2732//2732 2907//2907 2909//2909
f 2733//2733 2735//2735 2910//2910
f 2910//2910 2908//2908 2733//2733
f 2909//2909 2736//2736 2734//2734
f 2735//2735 2737//2737 2910//2910
f 2770//2770 2763//2763 2762//2762
f 2756//2756 2938//2938 2946//2946
f 2761//2761 2759//2759 2758//2758
f 2758//2758 2759//2759 2948//2948
f 2947//2947 2939//2939 2758//2758
f 2948//2948 2947//2947 2758//2758
f 2759//2759 2761//2761 2762//2762
f 2759//2759 2762//2762 2948//2948
f 2954//2954 2768//2768 2760//2760
f 2760//2760 2946//2946 2954//2954
f 2769//2769 2762//2762 2761//2761
f 2946//2946 2760//2760 2756//2756
f 2762//2762 2763//2763 2955//2955
f 2762//2762 2769//2769 2770//2770
f 2955//2955 2948//2948 2762//2762
f 2771//2771 2764//2764 2763//2763
f 2763//2763 2764//2764 2956//2956
f 2763//2763 2770//2770 2771//2771
f 2956//2956 2955//2955 2763//2763
f 2771//2771 2765//2765 2764//2764
f 2764//2764 2765//2765 2958//2958
f 2938//2938 2753//2753 2750//2750
f 2746//2746 2927//2927 2931//2931
f 2747//2747 2749//2749 2928//2928
f 2928//2928 2925//2925 2747//2747
f 2931//2931 2751//2751 2748//2748
f 2749//2749 2752//2752 2935//2935
f 2932//2932 2928//2928 2749//2749
f 2935//2935 2932//2932 2749//2749
f 2753//2753 2751//2751 2750//2750
f 2750//2750 2751//2751 2934//2934
f 2900//2900 2898//2898 2725//2725
f 2750//2750 2934//2934 2938//2938
f 2751//2751 2753//2753 2754//2754
f 2751//2751 2931//2931 2934//2934
f 2752//2752 2755//2755 2935//2935
f 2756//2756 2754//2754 2753//2753
f 2938//2938 2756//2756 2753//2753
f 2754//2754 2756//2756 2757//2757
f 2755//2755 2758//2758 2939//2939
f 2939//2939 2935//2935 2755//2755
f 2878//2878 2875//2875 2696//2696
f 2697//2697 2696//2696 2690//2690
f 2694//2694 2695//2695 2698//2698
f 2874//2874 2695//2695 2694//2694
f 2694//2694 2873//2873 2874//2874
f 2699//2699 2698//2698 2695//2695
f 2874//2874 2699//2699 2695//2695
f 2696//2696 2697//2697 2701//2701
f 2701//2701 2700//2700 2696//2696
f 2696//2696 2700//2700 2878//2878
f 2875//2875 2872//2872 2696//2696
f 2689//2689 2696//2696 2872//2872
f 2698//2698 2699//2699 2703//2703
f 2703//2703 2702//2702 2698//2698
f 2876//2876 2703//2703 2699//2699
f 2699//2699 2874//2874 2876//2876
f 2700//2700 2704//2704 2881//2881
f 2881//2881 2878//2878 2700//2700
f 2879//2879 2705//2705 2703//2703
f 2703//2703 2876//2876 2879//2879
f 2704//2704 2706//2706 2884//2884
f 2691//2691 2690//2690 2685//2685
f 2682//2682 2861//2861 2866//2866
f 2870//2870 2688//2688 2683//2683
f 2683//2683 2866//2866 2870//2870
f 2684//2684 2685//2685 2690//2690
f 2684//2684 2690//2690 2872//2872
f 2869//2869 2865//2865 2684//2684
f 2684//2684 2868//2868 2869//2869
f 2872//2872 2868//2868 2684//2684
f 2685//2685 2686//2686 2691//2691
f 2884//2884 2881//2881 2704//2704
f 2686//2686 2687//2687 2692//2692
f 2692//2692 2691//2691 2686//2686
f 2687//2687 2688//2688 2693//2693
f 2693//2693 2692//2692 2687//2687
f 2694//2694 2693//2693 2688//2688
f 2873//2873 2694//2694 2688//2688
f 2688//2688 2870//2870 2873//2873
f 2689//2689 2690//2690 2696//2696
f 2872//2872 2690//2690 2689//2689
f 2721//2721 2723//2723 2896//2896
f 2713//2713 2890//2890 2893//2893
f 2714//2714 2718//2718 2892//2892
f 2716//2716 2717//2717 2720//2720
f 2893//2893 2717//2717 2716//2716
f 2720//2720 2719//2719 2716//2716
f 2893//2893 2720//2720 2717//2717
f 2718//2718 2721//2721 2894//2894
f 2894//2894 2892//2892 2718//2718
f 2895//2895 2722//2722 2720//2720
f 2720//2720 2893//2893 2895//2895
f 2713//2713 2887//2887 2890//2890
f 2896//2896 2894//2894 2721//2721
f 2897//2897 2724//2724 2722//2722
f 2722//2722 2895//2895 2897//2897
f 2723//2723 2725//2725 2898//2898
f 2898//2898 2896//2896 2723//2723
f 2901//2901 2726//2726 2724//2724
f 2724//2724 2897//2897 2899//2899
f 2724//2724 2899//2899 2901//2901
f 2725//2725 2727//2727 2900//2900
f 2886//2886 2709//2709 2708//2708
f 2882//2882 2707//2707 2705//2705
f 2705//2705 2879//2879 2882//2882
f 2706//2706 2709//2709 2886//2886
f 2706//2706 2883//2883 2884//2884
f 2886//2886 2883//2883 2706//2706
f 2887//2887 2710//2710 2707//2707
f 2707//2707 2882//2882 2885//2885
f 2707//2707 2885//2885 2887//2887
f 2708//2708 2709//2709 2712//2712
f 2957//2957 2956//2956 2764//2764
f 2712//2712 2711//2711 2708//2708
f 2708//2708 2711//2711 2886//2886
f 2887//2887 2713//2713 2710//2710
f 2711//2711 2712//2712 2714//2714
f 2711//2711 2714//2714 2892//2892
f 2889//2889 2886//2886 2711//2711
f 2892//2892 2889//2889 2711//2711
f 2715//2715 2714//2714 2712//2712
f 2893//2893 2716//2716 2713//2713
f 2827//2827 2981//2981 2984//2984
f 2979//2979 2824//2824 2823//2823
f 2823//2823 2826//2826 2982//2982
f 2823//2823 2978//2978 2979//2979
f 2982//2982 2978//2978 2823//2823
f 2979//2979 2974//2974 2824//2824
f 2981//2981 2827//2827 2825//2825
f 2825//2825 2977//2977 2981//2981
f 2826//2826 2828//2828 2985//2985
f 2985//2985 2982//2982 2826//2826
f 2987//2987 2830//2830 2827//2827
f 2822//2822 2976//2976 2977//2977
f 2827//2827 2984//2984 2987//2987
f 2832//2832 2829//2829 2828//2828
f 2828//2828 2829//2829 2986//2986
f 2828//2828 2831//2831 2832//2832
f 2986//2986 2985//2985 2828//2828
f 2829//2829 2832//2832 2988//2988
f 2988//2988 2986//2986 2829//2829
f 2987//2987 2834//2834 2830//2830
f 2832//2832 2835//2835 2988//2988
f 2816//2816 2821//2821 2974//2974
f 2812//2812 2965//2965 2966//2966
f 2968//2968 2814//2814 2813//2813
f 2813//2813 2967//2967 2968//2968
f 2819//2819 2815//2815 2814//2814
f 2814//2814 2818//2818 2819//2819
f 2973//2973 2818//2818 2814//2814
f 2814//2814 2968//2968 2973//2973
f 2970//2970 2817//2817 2816//2816
f 2816//2816 2820//2820 2821//2821
f 2833//2833 2834//2834 2837//2837
f 2816//2816 2969//2969 2970//2970
f 2974//2974 2969//2969 2816//2816
f 2822//2822 2819//2819 2818//2818
f 2976//2976 2822//2822 2818//2818
f 2818//2818 2973//2973 2976//2976
f 2823//2823 2821//2821 2820//2820
f 2821//2821 2823//2823 2824//2824
f 2821//2821 2824//2824 2974//2974
f 2977//2977 2825//2825 2822//2822
f 2847//2847 2848//2848 2853//2853
f 2844//2844 2845//2845 2848//2848
f 3017//3017 2845//2845 2844//2844
f 2844//2844 2848//2848 3016//3016
f 2844//2844 3016//3016 3017//3017
f 2845//2845 2846//2846 2850//2850
f 3017//3017 2846//2846 2845//2845
f 2849//2849 2848//2848 2845//2845
f 2850//2850 2849//2849 2845//2845
f 3018//3018 2850//2850 2846//2846
f 2846//2846 3017//3017 3018//3018
f 2998//2998 2997//2997 2843//2843
f 3022//3022 2848//2848 2847//2847
f 2853//2853 2852//2852 2847//2847
f 2847//2847 2852//2852 3022//3022
f 2848//2848 2849//2849 2854//2854
f 2854//2854 2853//2853 2848//2848
f 3023//3023 3016//3016 2848//2848
f 2848//2848 3022//3022 3023//3023
f 2849//2849 2850//2850 2854//2854
f 2850//2850 2851//2851 2855//2855
f 2837//2837 2992//2992 2998//2998
f 2992//2992 2837//2837 2834//2834
f 2834//2834 2987//2987 2989//2989
f 2834//2834 2989//2989 2992//2992
f 2835//2835 2836//2836 2990//2990
f 2990//2990 2988//2988 2835//2835
f 2836//2836 2838//2838 2993//2993
f 2991//2991 2990//2990 2836//2836
f 2993//2993 2991//2991 2836//2836
f 2998//2998 2843//2843 2837//2837
f 2812//2812 2964//2964 2965//2965
f 2838//2838 2839//2839 2993//2993
f 2839//2839 2840//2840 2995//2995
f 2994//2994 2993//2993 2839//2839
f 2995//2995 2994//2994 2839//2839
f 2840//2840 2841//2841 2996//2996
f 2996//2996 2995//2995 2840//2840
f 2841//2841 2842//2842 2996//2996
f 2842//2842 2843//2843 2997//2997
f 2997//2997 2996//2996 2842//2842
f 2786//2786 2778//2778 2777//2777
f 2780//2780 2772//2772 2771//2771
f 2771//2771 2779//2779 2780//2780
f 2780//2780 2773//2773 2772//2772
f 2782//2782 2774//2774 2773//2773
f 2773//2773 2780//2780 2781//2781
f 2773//2773 2781//2781 2782//2782
f 2783//2783 2775//2775 2774//2774
f 2774//2774 2782//2782 2783//2783
f 2785//2785 2777//2777 2776//2776
f 2776//2776 2784//2784 2785//2785
f 2770//2770 2778//2778 2779//2779
f 2777//2777 2785//2785 2786//2786
f 2787//2787 2779//2779 2778//2778
f 2778//2778 2786//2786 2787//2787
f 2788//2788 2780//2780 2779//2779
f 2779//2779 2787//2787 2788//2788
f 2789//2789 2781//2781 2780//2780
f 2780//2780 2788//2788 2789//2789
f 2790//2790 2782//2782 2781//2781
f 2781//2781 2789//2789 2790//2790
f 2774//2774 2768//2768 2767//2767
f 2958//2958 2957//2957 2764//2764
f 2772//2772 2766//2766 2765//2765
f 2765//2765 2766//2766 2958//2958
f 2765//2765 2771//2771 2772//2772
f 2773//2773 2767//2767 2766//2766
f 2766//2766 2767//2767 2959//2959
f 2766//2766 2772//2772 2773//2773
f 2766//2766 2952//2952 2958//2958
f 2959//2959 2952//2952 2766//2766
f 2790//2790 2783//2783 2782//2782
f 2767//2767 2768//2768 2954//2954
f 2767//2767 2773//2773 2774//2774
f 2954//2954 2953//2953 2767//2767
f 2767//2767 2953//2953 2960//2960
f 2960//2960 2959//2959 2767//2767
f 2768//2768 2774//2774 2775//2775
f 2778//2778 2770//2770 2769//2769
f 2769//2769 2777//2777 2778//2778
f 2779//2779 2771//2771 2770//2770
f 2806//2806 2962//2962 2967//2967
f 2812//2812 2804//2804 2803//2803
f 2803//2803 2811//2811 2812//2812
f 2812//2812 2805//2805 2804//2804
f 2961//2961 2806//2806 2805//2805
f 2805//2805 2812//2812 2966//2966
f 2966//2966 2961//2961 2805//2805
f 2813//2813 2807//2807 2806//2806
f 2967//2967 2813//2813 2806//2806
f 2806//2806 2961//2961 2962//2962
f 2802//2802 2810//2810 2811//2811
f 2814//2814 2808//2808 2807//2807
f 2807//2807 2813//2813 2814//2814
f 2816//2816 2810//2810 2809//2809
f 2963//2963 2811//2811 2810//2810
f 2810//2810 2816//2816 2817//2817
f 2810//2810 2817//2817 2970//2970
f 2970//2970 2963//2963 2810//2810
f 2964//2964 2812//2812 2811//2811
f 2811//2811 2963//2963 2964//2964
f 2788//2788 2795//2795 2796//2796
f 2783//2783 2790//2790 2791//2791
f 2792//2792 2785//2785 2784//2784
f 2792//2792 2786//2786 2785//2785
f 2794//2794 2787//2787 2786//2786
f 2786//2786 2792//2792 2793//2793
f 2786//2786 2793//2793 2794//2794
f 2794//2794 2788//2788 2787//2787
f 2796//2796 2789//2789 2788//2788
f 2788//2788 2794//2794 2795//2795
f 2688//2688 2687//2687 2682//2682
f 2796//2796 2790//2790 2789//2789
f 2798//2798 2791//2791 2790//2790
f 2790//2790 2796//2796 2797//2797
f 2790//2790 2797//2797 2798//2798
f 2804//2804 2800//2800 2799//2799
f 2805//2805 2801//2801 2800//2800
f 2800//2800 2804//2804 2805//2805
f 2801//2801 2805//2805 2806//2806
f 2811//2811 2803//2803 2802//2802
f 2583//2583 2575//2575 2574//2574
f 2579//2579 2571//2571 2570//2570
f 2791//2791 2579//2579 2570//2570
f 2570//2570 2783//2783 2791//2791
f 2571//2571 2579//2579 2580//2580
f 2582//2582 2573//2573 2572//2572
f 2572//2572 2573//2573 2784//2784
f 2572//2572 2581//2581 2582//2582
f 2582//2582 2574//2574 2573//2573
f 2573//2573 2574//2574 2792//2792
f 2792//2792 2784//2784 2573//2573
f 2569//2569 2572//2572 2784//2784
f 2574//2574 2575//2575 2794//2794
f 2574//2574 2582//2582 2583//2583
f 2793//2793 2792//2792 2574//2574
f 2794//2794 2793//2793 2574//2574
f 2584//2584 2576//2576 2575//2575
f 2575//2575 2576//2576 2794//2794
f 2575//2575 2583//2583 2584//2584
f 2586//2586 2577//2577 2576//2576
f 2576//2576 2577//2577 2795//2795
f 2564//2564 2566//2566 2567//2567
f 2761//2761 2758//2758 2558//2558
f 2768//2768 2562//2562 2559//2559
f 2559//2559 2760//2760 2768//2768
f 2560//2560 2561//2561 2761//2761
f 2561//2561 2564//2564 2769//2769
f 2769//2769 2761//2761 2561//2561
f 2775//2775 2565//2565 2562//2562
f 2562//2562 2768//2768 2775//2775
f 2566//2566 2564//2564 2563//2563
f 2576//2576 2584//2584 2585//2585
f 2564//2564 2567//2567 2769//2769
f 2783//2783 2568//2568 2565//2565
f 2565//2565 2775//2775 2783//2783
f 2776//2776 2567//2567 2566//2566
f 2566//2566 2569//2569 2784//2784
f 2784//2784 2776//2776 2566//2566
f 2777//2777 2769//2769 2567//2567
f 2567//2567 2776//2776 2777//2777
f 2783//2783 2570//2570 2568//2568
f 2600//2600 2591//2591 2590//2590
f 2584//2584 2592//2592 2593//2593
f 2584//2584 2593//2593 2594//2594
f 2595//2595 2586//2586 2585//2585
f 2585//2585 2594//2594 2595//2595
f 2596//2596 2587//2587 2586//2586
f 2586//2586 2595//2595 2596//2596
f 2597//2597 2588//2588 2587//2587
f 2587//2587 2596//2596 2597//2597
f 2598//2598 2589//2589 2588//2588
f 2588//2588 2597//2597 2598//2598
f 2594//2594 2585//2585 2584//2584
f 2590//2590 2599//2599 2600//2600
f 2600//2600 2592//2592 2591//2591
f 2602//2602 2593//2593 2592//2592
f 2592//2592 2600//2600 2601//2601
f 2592//2592 2601//2601 2602//2602
f 2603//2603 2594//2594 2593//2593
f 2593//2593 2602//2602 2603//2603
f 2604//2604 2595//2595 2594//2594
f 2594//2594 2603//2603 2604//2604
f 2578//2578 2587//2587 2588//2588
f 2576//2576 2585//2585 2586//2586
f 2795//2795 2794//2794 2576//2576
f 2586//2586 2578//2578 2577//2577
f 2577//2577 2578//2578 2797//2797
f 2796//2796 2795//2795 2577//2577
f 2797//2797 2796//2796 2577//2577
f 2588//2588 2579//2579 2578//2578
f 2578//2578 2579//2579 2797//2797
f 2578//2578 2586//2586 2587//2587
f 2758//2758 2755//2755 2558//2558
f 2589//2589 2580//2580 2579//2579
f 2579//2579 2588//2588 2589//2589
f 2579//2579 2791//2791 2798//2798
f 2798//2798 2797//2797 2579//2579
f 2590//2590 2582//2582 2581//2581
f 2591//2591 2583//2583 2582//2582
f 2582//2582 2590//2590 2591//2591
f 2592//2592 2584//2584 2583//2583
f 2583//2583 2591//2591 2592//2592
f 2734//2734 2535//2535 2533//2533
f 2527//2527 2728//2728 2730//2730
f 2528//2528 2530//2530 2729//2729
f 2732//2732 2531//2531 2529//2529
f 2529//2529 2730//2730 2732//2732
f 2530//2530 2532//2532 2733//2733
f 2731//2731 2729//2729 2530//2530
f 2733//2733 2731//2731 2530//2530
f 2732//2732 2533//2533 2531//2531
f 2532//2532 2534//2534 2735//2735
f 2735//2735 2733//2733 2532//2532
f 2730//2730 2529//2529 2527//2527
f 2533//2533 2732//2732 2734//2734
f 2534//2534 2536//2536 2737//2737
f 2737//2737 2735//2735 2534//2534
f 2738//2738 2537//2537 2535//2535
f 2535//2535 2734//2734 2736//2736
f 2535//2535 2736//2736 2738//2738
f 2536//2536 2538//2538 2739//2739
f 2739//2739 2737//2737 2536//2536
f 2740//2740 2539//2539 2537//2537
f 2723//2723 2721//2721 2521//2521
f 2516//2516 2719//2719 2720//2720
f 2517//2517 2521//2521 2721//2721
f 2721//2721 2718//2718 2517//2517
f 2519//2519 2520//2520 2522//2522
f 2523//2523 2522//2522 2520//2520
f 2724//2724 2523//2523 2520//2520
f 2520//2520 2720//2720 2722//2722
f 2520//2520 2722//2722 2724//2724
f 2521//2521 2524//2524 2723//2723
f 2537//2537 2738//2738 2740//2740
f 2724//2724 2525//2525 2523//2523
f 2524//2524 2526//2526 2727//2727
f 2725//2725 2723//2723 2524//2524
f 2727//2727 2725//2725 2524//2524
f 2728//2728 2527//2527 2525//2525
f 2525//2525 2724//2724 2726//2726
f 2525//2525 2726//2726 2728//2728
f 57//57 20//20 9//9
f 2729//2729 2727//2727 2526//2526
f 2755//2755 2752//2752 2553//2553
f 2548//2548 2744//2744 2746//2746
f 2548//2548 2746//2746 2748//2748
f 2549//2549 2551//2551 2749//2749
f 2749//2749 2747//2747 2549//2549
f 2751//2751 2552//2552 2550//2550
f 2550//2550 2748//2748 2751//2751
f 2551//2551 2553//2553 2752//2752
f 2752//2752 2749//2749 2551//2551
f 2751//2751 2554//2554 2552//2552
f 2553//2553 2555//2555 2755//2755
f 2748//2748 2550//2550 2548//2548
f 2757//2757 2557//2557 2554//2554
f 2554//2554 2751//2751 2754//2754
f 2554//2554 2754//2754 2757//2757
f 2555//2555 2558//2558 2755//2755
f 2556//2556 2557//2557 2756//2756
f 2760//2760 2559//2559 2556//2556
f 2556//2556 2756//2756 2760//2760
f 2757//2757 2756//2756 2557//2557
f 2558//2558 2560//2560 2761//2761
f 2546//2546 2544//2544 2543//2543
f 2538//2538 2541//2541 2739//2739
f 2742//2742 2542//2542 2539//2539
f 2539//2539 2740//2740 2742//2742
f 2543//2543 2541//2541 2540//2540
f 2541//2541 2543//2543 2544//2544
f 2541//2541 2544//2544 2743//2743
f 2741//2741 2739//2739 2541//2541
f 2743//2743 2741//2741 2541//2541
f 2742//2742 2545//2545 2542//2542
f 2604//2604 2596//2596 2595//2595
f 2544//2544 2546//2546 2547//2547
f 2544//2544 2547//2547 2745//2745
f 2745//2745 2743//2743 2544//2544
f 2744//2744 2548//2548 2545//2545
f 2545//2545 2742//2742 2744//2744
f 2546//2546 2547//2547 2549//2549
f 2745//2745 2547//2547 2546//2546
f 2546//2546 2549//2549 2747//2747
f 2747//2747 2745//2745 2546//2546
f 2831//2831 2828//2828 2660//2660
f 2658//2658 2656//2656 2655//2655
f 2825//2825 2658//2658 2655//2655
f 2656//2656 2658//2658 2659//2659
f 2657//2657 2660//2660 2828//2828
f 2826//2826 2823//2823 2657//2657
f 2828//2828 2826//2826 2657//2657
f 2830//2830 2661//2661 2658//2658
f 2658//2658 2825//2825 2827//2827
f 2658//2658 2827//2827 2830//2830
f 2660//2660 2662//2662 2831//2831
f 2654//2654 2657//2657 2823//2823
f 2834//2834 2665//2665 2661//2661
f 2661//2661 2830//2830 2834//2834
f 2662//2662 2663//2663 2832//2832
f 2832//2832 2831//2831 2662//2662
f 2663//2663 2666//2666 2832//2832
f 2669//2669 2665//2665 2664//2664
f 2664//2664 2665//2665 2834//2834
f 2833//2833 2669//2669 2664//2664
f 2834//2834 2833//2833 2664//2664
f 2649//2649 2652//2652 2653//2653
f 2816//2816 2809//2809 2643//2643
f 2814//2814 2645//2645 2644//2644
f 2649//2649 2646//2646 2645//2645
f 2815//2815 2649//2649 2645//2645
f 2645//2645 2814//2814 2815//2815
f 2816//2816 2648//2648 2647//2647
f 2647//2647 2651//2651 2820//2820
f 2820//2820 2816//2816 2647//2647
f 2653//2653 2650//2650 2649//2649
f 2666//2666 2667//2667 2835//2835
f 2819//2819 2652//2652 2649//2649
f 2649//2649 2815//2815 2819//2819
f 2651//2651 2654//2654 2823//2823
f 2823//2823 2820//2820 2651//2651
f 2655//2655 2653//2653 2652//2652
f 2825//2825 2655//2655 2652//2652
f 2652//2652 2819//2819 2822//2822
f 2652//2652 2822//2822 2825//2825
f 2653//2653 2655//2655 2656//2656
f 2865//2865 2680//2680 2679//2679
f 2860//2860 2677//2677 2676//2676
f 2676//2676 2680//2680 2859//2859
f 2676//2676 2859//2859 2860//2860
f 2677//2677 2678//2678 2682//2682
f 2861//2861 2678//2678 2677//2677
f 2681//2681 2680//2680 2677//2677
f 2682//2682 2681//2681 2677//2677
f 2677//2677 2860//2860 2861//2861
f 2861//2861 2682//2682 2678//2678
f 2679//2679 2680//2680 2684//2684
f 2676//2676 2677//2677 2680//2680
f 2679//2679 2684//2684 2865//2865
f 2680//2680 2681//2681 2685//2685
f 2685//2685 2684//2684 2680//2680
f 2865//2865 2859//2859 2680//2680
f 2681//2681 2682//2682 2687//2687
f 2686//2686 2685//2685 2681//2681
f 2687//2687 2686//2686 2681//2681
f 2682//2682 2683//2683 2688//2688
f 2866//2866 2683//2683 2682//2682
f 2838//2838 2836//2836 2670//2670
f 2835//2835 2832//2832 2666//2666
f 2667//2667 2670//2670 2836//2836
f 2836//2836 2835//2835 2667//2667
f 2675//2675 2669//2669 2668//2668
f 2668//2668 2669//2669 2837//2837
f 2843//2843 2675//2675 2668//2668
f 2668//2668 2837//2837 2843//2843
f 2669//2669 2833//2833 2837//2837
f 2670//2670 2671//2671 2839//2839
f 2643//2643 2809//2809 2810//2810
f 2839//2839 2838//2838 2670//2670
f 2671//2671 2672//2672 2839//2839
f 2672//2672 2673//2673 2840//2840
f 2840//2840 2839//2839 2672//2672
f 2673//2673 2674//2674 2841//2841
f 2841//2841 2840//2840 2673//2673
f 2674//2674 2675//2675 2842//2842
f 2842//2842 2841//2841 2674//2674
f 2843//2843 2842//2842 2675//2675
f 2628//2628 2619//2619 2618//2618
f 2611//2611 2618//2618 2619//2619
f 2620//2620 2613//2613 2612//2612
f 2612//2612 2619//2619 2620//2620
f 2621//2621 2614//2614 2613//2613
f 2613//2613 2620//2620 2621//2621
f 2625//2625 2616//2616 2615//2615
f 2627//2627 2617//2617 2616//2616
f 2616//2616 2625//2625 2626//2626
f 2616//2616 2626//2626 2627//2627
f 2627//2627 2618//2618 2617//2617
f 2611//2611 2617//2617 2618//2618
f 2618//2618 2627//2627 2628//2628
f 2629//2629 2620//2620 2619//2619
f 2619//2619 2628//2628 2629//2629
f 2630//2630 2621//2621 2620//2620
f 2620//2620 2629//2629 2630//2630
f 2631//2631 2622//2622 2621//2621
f 2621//2621 2630//2630 2631//2631
f 2633//2633 2623//2623 2622//2622
f 2622//2622 2631//2631 2632//2632
f 2613//2613 2604//2604 2603//2603
f 2605//2605 2597//2597 2596//2596
f 2596//2596 2604//2604 2605//2605
f 2606//2606 2598//2598 2597//2597
f 2597//2597 2605//2605 2606//2606
f 2598//2598 2606//2606 2607//2607
f 2610//2610 2602//2602 2601//2601
f 2612//2612 2603//2603 2602//2602
f 2602//2602 2610//2610 2611//2611
f 2602//2602 2611//2611 2612//2612
f 2622//2622 2632//2632 2633//2633
f 2603//2603 2612//2612 2613//2613
f 2613//2613 2605//2605 2604//2604
f 2605//2605 2613//2613 2614//2614
f 2615//2615 2609//2609 2608//2608
f 2616//2616 2610//2610 2609//2609
f 2609//2609 2615//2615 2616//2616
f 2617//2617 2611//2611 2610//2610
f 2610//2610 2616//2616 2617//2617
f 2619//2619 2612//2612 2611//2611
f 2637//2637 2803//2803 2804//2804
f 2633//2633 2640//2640 2641//2641
f 2642//2642 2635//2635 2634//2634
f 2802//2802 2636//2636 2635//2635
f 2635//2635 2642//2642 2643//2643
f 2635//2635 2643//2643 2810//2810
f 2810//2810 2802//2802 2635//2635
f 2802//2802 2637//2637 2636//2636
f 2804//2804 2638//2638 2637//2637
f 2637//2637 2802//2802 2803//2803
f 2640//2640 2633//2633 2632//2632
f 2807//2807 2640//2640 2639//2639
f 2644//2644 2641//2641 2640//2640
f 2814//2814 2644//2644 2640//2640
f 2640//2640 2807//2807 2808//2808
f 2640//2640 2808//2808 2814//2814
f 2641//2641 2644//2644 2645//2645
f 2647//2647 2643//2643 2642//2642
f 2643//2643 2647//2647 2648//2648
f 2643//2643 2648//2648 2816//2816
f 2628//2628 2799//2799 2800//2800
f 2635//2635 2625//2625 2624//2624
f 2636//2636 2626//2626 2625//2625
f 2625//2625 2635//2635 2636//2636
f 2637//2637 2627//2627 2626//2626
f 2626//2626 2636//2636 2637//2637
f 2638//2638 2628//2628 2627//2627
f 2627//2627 2637//2637 2638//2638
f 2800//2800 2629//2629 2628//2628
f 2628//2628 2638//2638 2804//2804
f 3025//3025 2851//2851 2850//2850
f 2804//2804 2799//2799 2628//2628
f 2800//2800 2630//2630 2629//2629
f 2806//2806 2631//2631 2630//2630
f 2630//2630 2800//2800 2801//2801
f 2630//2630 2801//2801 2806//2806
f 2640//2640 2632//2632 2631//2631
f 2631//2631 2639//2639 2640//2640
f 2807//2807 2639//2639 2631//2631
f 2631//2631 2806//2806 2807//2807
f 3068//3068 3069//3069 3240//3240
f 3065//3065 3067//3067 3239//3239
f 3236//3236 3233//3233 3065//3065
f 3239//3239 3236//3236 3065//3065
f 3240//3240 3069//3069 3066//3066
f 3066//3066 3235//3235 3238//3238
f 3238//3238 3237//3237 3066//3066
f 3066//3066 3237//3237 3240//3240
f 3067//3067 3070//3070 3241//3241
f 3241//3241 3239//3239 3067//3067
f 3071//3071 3069//3069 3068//3068
f 3064//3064 3232//3232 3235//3235
f 3242//3242 3071//3071 3068//3068
f 3068//3068 3240//3240 3242//3242
f 3069//3069 3071//3071 3072//3072
f 3070//3070 3073//3073 3243//3243
f 3243//3243 3241//3241 3070//3070
f 3074//3074 3072//3072 3071//3071
f 3244//3244 3074//3074 3071//3071
f 3071//3071 3242//3242 3244//3244
f 3072//3072 3074//3074 3075//3075
f 3059//3059 3061//3061 3230//3230
f 3054//3054 3219//3219 3221//3221
f 3055//3055 3057//3057 3222//3222
f 3223//3223 3058//3058 3056//3056
f 3056//3056 3221//3221 3223//3223
f 3057//3057 3059//3059 3224//3224
f 3224//3224 3222//3222 3057//3057
f 3229//3229 3060//3060 3058//3058
f 3058//3058 3223//3223 3226//3226
f 3058//3058 3226//3226 3229//3229
f 3073//3073 3076//3076 3245//3245
f 3227//3227 3224//3224 3059//3059
f 3230//3230 3227//3227 3059//3059
f 3232//3232 3062//3062 3060//3060
f 3060//3060 3229//3229 3232//3232
f 3061//3061 3063//3063 3233//3233
f 3233//3233 3230//3230 3061//3061
f 3232//3232 3064//3064 3062//3062
f 3063//3063 3065//3065 3233//3233
f 3235//3235 3066//3066 3064//3064
f 3089//3089 3092//3092 3264//3264
f 3258//3258 3087//3087 3085//3085
f 3086//3086 3088//3088 3089//3089
f 3086//3086 3089//3089 3260//3260
f 3259//3259 3255//3255 3086//3086
f 3260//3260 3259//3259 3086//3086
f 3268//3268 3090//3090 3087//3087
f 3087//3087 3258//3258 3263//3263
f 3087//3087 3263//3263 3268//3268
f 3092//3092 3089//3089 3088//3088
f 3088//3088 3091//3091 3092//3092
f 3255//3255 3251//3251 3084//3084
f 3264//3264 3260//3260 3089//3089
f 3268//3268 3094//3094 3090//3090
f 3096//3096 3092//3092 3091//3091
f 3091//3091 3095//3095 3096//3096
f 3092//3092 3096//3096 3269//3269
f 3269//3269 3264//3264 3092//3092
f 3098//3098 3094//3094 3093//3093
f 3093//3093 3094//3094 3274//3274
f 3093//3093 3097//3097 3098//3098
f 3077//3077 3247//3247 3250//3250
f 3245//3245 3243//3243 3073//3073
f 3077//3077 3075//3075 3074//3074
f 3244//3244 3077//3077 3074//3074
f 3075//3075 3077//3077 3078//3078
f 3076//3076 3079//3079 3248//3248
f 3248//3248 3245//3245 3076//3076
f 3080//3080 3078//3078 3077//3077
f 3250//3250 3080//3080 3077//3077
f 3077//3077 3244//3244 3247//3247
f 3221//3221 3056//3056 3054//3054
f 3078//3078 3080//3080 3081//3081
f 3079//3079 3082//3082 3251//3251
f 3251//3251 3248//3248 3079//3079
f 3250//3250 3083//3083 3080//3080
f 3082//3082 3084//3084 3251//3251
f 3258//3258 3085//3085 3083//3083
f 3083//3083 3250//3250 3254//3254
f 3083//3083 3254//3254 3258//3258
f 3084//3084 3086//3086 3255//3255
f 3027//3027 3031//3031 3200//3200
f 3192//3192 3026//3026 3020//3020
f 3021//3021 3022//3022 3027//3027
f 3021//3021 3027//3027 3194//3194
f 3194//3194 3190//3190 3021//3021
f 3028//3028 3027//3027 3022//3022
f 3025//3025 3026//3026 3030//3030
f 3030//3030 3029//3029 3025//3025
f 3198//3198 3030//3030 3026//3026
f 3026//3026 3192//3192 3195//3195
f 3026//3026 3195//3195 3198//3198
f 3019//3019 3191//3191 3192//3192
f 3197//3197 3194//3194 3027//3027
f 3200//3200 3197//3197 3027//3027
f 3029//3029 3030//3030 3032//3032
f 3033//3033 3032//3032 3030//3030
f 3198//3198 3033//3033 3030//3030
f 3031//3031 3035//3035 3204//3204
f 3031//3031 3199//3199 3200//3200
f 3204//3204 3199//3199 3031//3031
f 3201//3201 3036//3036 3033//3033
f 3022//3022 3021//3021 3015//3015
f 3012//3012 3013//3013 3019//3019
f 3018//3018 3017//3017 3012//3012
f 3019//3019 3018//3018 3012//3012
f 3188//3188 3019//3019 3013//3013
f 3013//3013 3184//3184 3188//3188
f 3014//3014 3015//3015 3021//3021
f 3190//3190 3015//3015 3014//3014
f 3014//3014 3021//3021 3190//3190
f 3015//3015 3016//3016 3023//3023
f 3033//3033 3198//3198 3201//3201
f 3023//3023 3022//3022 3015//3015
f 3015//3015 3186//3186 3187//3187
f 3190//3190 3186//3186 3015//3015
f 3018//3018 3019//3019 3025//3025
f 3025//3025 3024//3024 3018//3018
f 3019//3019 3020//3020 3026//3026
f 3192//3192 3020//3020 3019//3019
f 3026//3026 3025//3025 3019//3019
f 3019//3019 3188//3188 3191//3191
f 3051//3051 3050//3050 3048//3048
f 3043//3043 3046//3046 3216//3216
f 3213//3213 3210//3210 3043//3043
f 3216//3216 3213//3213 3043//3043
f 3048//3048 3047//3047 3045//3045
f 3217//3217 3048//3048 3045//3045
f 3045//3045 3214//3214 3215//3215
f 3045//3045 3215//3215 3217//3217
f 3046//3046 3049//3049 3218//3218
f 3218//3218 3216//3216 3046//3046
f 3047//3047 3048//3048 3050//3050
f 3042//3042 3211//3211 3214//3214
f 3217//3217 3051//3051 3048//3048
f 3049//3049 3052//3052 3220//3220
f 3220//3220 3218//3218 3049//3049
f 3050//3050 3051//3051 3053//3053
f 3054//3054 3053//3053 3051//3051
f 3219//3219 3054//3054 3051//3051
f 3051//3051 3217//3217 3219//3219
f 3052//3052 3055//3055 3222//3222
f 3222//3222 3220//3220 3052//3052
f 3041//3041 3040//3040 3037//3037
f 3034//3034 3035//3035 3038//3038
f 3203//3203 3035//3035 3034//3034
f 3038//3038 3037//3037 3034//3034
f 3034//3034 3037//3037 3203//3203
f 3035//3035 3203//3203 3204//3204
f 3208//3208 3039//3039 3036//3036
f 3036//3036 3201//3201 3205//3205
f 3036//3036 3205//3205 3208//3208
f 3037//3037 3038//3038 3041//3041
f 3281//3281 3097//3097 3093//3093
f 3037//3037 3040//3040 3207//3207
f 3207//3207 3203//3203 3037//3037
f 3211//3211 3042//3042 3039//3039
f 3039//3039 3208//3208 3211//3211
f 3040//3040 3041//3041 3044//3044
f 3044//3044 3043//3043 3040//3040
f 3040//3040 3043//3043 3210//3210
f 3210//3210 3207//3207 3040//3040
f 3214//3214 3045//3045 3042//3042
f 3153//3153 3154//3154 3320//3320
f 3318//3318 3151//3151 3148//3148
f 3315//3315 3314//3314 3148//3148
f 3148//3148 3314//3314 3318//3318
f 3152//3152 3151//3151 3149//3149
f 3154//3154 3153//3153 3150//3150
f 3150//3150 3153//3153 3320//3320
f 3317//3317 3313//3313 3150//3150
f 3320//3320 3317//3317 3150//3150
f 3323//3323 3157//3157 3151//3151
f 3151//3151 3318//3318 3323//3323
f 3148//3148 3151//3151 3152//3152
f 3154//3154 3155//3155 3159//3159
f 3159//3159 3158//3158 3154//3154
f 3154//3154 3158//3158 3325//3325
f 3321//3321 3320//3320 3154//3154
f 3325//3325 3321//3321 3154//3154
f 3156//3156 3157//3157 3322//3322
f 3330//3330 3163//3163 3156//3156
f 3156//3156 3322//3322 3330//3330
f 3323//3323 3322//3322 3157//3157
f 3142//3142 3306//3306 3308//3308
f 3139//3139 3141//3141 3307//3307
f 3307//3307 3303//3303 3139//3139
f 3306//3306 3142//3142 3140//3140
f 3140//3140 3302//3302 3306//3306
f 3141//3141 3144//3144 3310//3310
f 3310//3310 3307//3307 3141//3141
f 3146//3146 3143//3143 3142//3142
f 3142//3142 3145//3145 3146//3146
f 3308//3308 3145//3145 3142//3142
f 3158//3158 3159//3159 3325//3325
f 3144//3144 3147//3147 3313//3313
f 3313//3313 3310//3310 3144//3144
f 3149//3149 3146//3146 3145//3145
f 3315//3315 3149//3149 3145//3145
f 3145//3145 3308//3308 3311//3311
f 3145//3145 3311//3311 3315//3315
f 3147//3147 3150//3150 3313//3313
f 3152//3152 3149//3149 3148//3148
f 3148//3148 3149//3149 3315//3315
f 3364//3364 3360//3360 3168//3168
f 3171//3171 3170//3170 3166//3166
f 3166//3166 3354//3354 3355//3355
f 3166//3166 3355//3355 3356//3356
f 3172//3172 3171//3171 3167//3167
f 3357//3357 3172//3172 3167//3167
f 3167//3167 3356//3356 3357//3357
f 3168//3168 3169//3169 3175//3175
f 3175//3175 3174//3174 3168//3168
f 3168//3168 3174//3174 3364//3364
f 3360//3360 3353//3353 3168//3168
f 3356//3356 3167//3167 3166//3166
f 3169//3169 3170//3170 3176//3176
f 3176//3176 3175//3175 3169//3169
f 3170//3170 3171//3171 3177//3177
f 3177//3177 3176//3176 3170//3170
f 3171//3171 3172//3172 3178//3178
f 3178//3178 3177//3177 3171//3171
f 3365//3365 3178//3178 3172//3172
f 3172//3172 3357//3357 3361//3361
f 3172//3172 3361//3361 3365//3365
f 3330//3330 3329//3329 3162//3162
f 3159//3159 3160//3160 3326//3326
f 3326//3326 3325//3325 3159//3159
f 3160//3160 3161//3161 3328//3328
f 3334//3334 3326//3326 3160//3160
f 3328//3328 3327//3327 3160//3160
f 3160//3160 3327//3327 3334//3334
f 3161//3161 3162//3162 3329//3329
f 3329//3329 3328//3328 3161//3161
f 3162//3162 3163//3163 3330//3330
f 3138//3138 3301//3301 3302//3302
f 3164//3164 3165//3165 3168//3168
f 3353//3353 3165//3165 3164//3164
f 3164//3164 3168//3168 3353//3353
f 3165//3165 3166//3166 3170//3170
f 3354//3354 3166//3166 3165//3165
f 3169//3169 3168//3168 3165//3165
f 3170//3170 3169//3169 3165//3165
f 3165//3165 3353//3353 3354//3354
f 3166//3166 3167//3167 3171//3171
f 3107//3107 3115//3115 3289//3289
f 3103//3103 3281//3281 3286//3286
f 3286//3286 3285//3285 3103//3103
f 3104//3104 3110//3110 3111//3111
f 3113//3113 3106//3106 3105//3105
f 3105//3105 3112//3112 3113//3113
f 3113//3113 3107//3107 3106//3106
f 3106//3106 3107//3107 3287//3287
f 3287//3287 3282//3282 3106//3106
f 3107//3107 3113//3113 3114//3114
f 3107//3107 3114//3114 3115//3115
f 3110//3110 3104//3104 3103//3103
f 3288//3288 3287//3287 3107//3107
f 3289//3289 3288//3288 3107//3107
f 3115//3115 3109//3109 3108//3108
f 3108//3108 3109//3109 3289//3289
f 3289//3289 3115//3115 3108//3108
f 3117//3117 3110//3110 3109//3109
f 3109//3109 3115//3115 3116//3116
f 3109//3109 3116//3116 3117//3117
f 3109//3109 3285//3285 3290//3290
f 3281//3281 3103//3103 3097//3097
f 3093//3093 3274//3274 3281//3281
f 3094//3094 3268//3268 3275//3275
f 3275//3275 3274//3274 3094//3094
f 3100//3100 3096//3096 3095//3095
f 3095//3095 3099//3099 3100//3100
f 3096//3096 3100//3100 3276//3276
f 3276//3276 3269//3269 3096//3096
f 3104//3104 3098//3098 3097//3097
f 3097//3097 3103//3103 3104//3104
f 3290//3290 3289//3289 3109//3109
f 3106//3106 3101//3101 3100//3100
f 3100//3100 3101//3101 3282//3282
f 3100//3100 3105//3105 3106//3106
f 3282//3282 3276//3276 3100//3100
f 3101//3101 3106//3106 3282//3282
f 3110//3110 3103//3103 3102//3102
f 3102//3102 3103//3103 3285//3285
f 3102//3102 3109//3109 3110//3110
f 3285//3285 3109//3109 3102//3102
f 3133//3133 3295//3295 3296//3296
f 3293//3293 3130//3130 3129//3129
f 3129//3129 3292//3292 3293//3293
f 3294//3294 3131//3131 3130//3130
f 3130//3130 3293//3293 3294//3294
f 3295//3295 3132//3132 3131//3131
f 3131//3131 3294//3294 3295//3295
f 3295//3295 3133//3133 3132//3132
f 3137//3137 3134//3134 3133//3133
f 3301//3301 3137//3137 3133//3133
f 3128//3128 3291//3291 3292//3292
f 3133//3133 3296//3296 3301//3301
f 3134//3134 3137//3137 3138//3138
f 3298//3298 3136//3136 3135//3135
f 3135//3135 3139//3139 3303//3303
f 3135//3135 3297//3297 3298//3298
f 3303//3303 3297//3297 3135//3135
f 3298//3298 3291//3291 3136//3136
f 3301//3301 3138//3138 3137//3137
f 3302//3302 3140//3140 3138//3138
f 3116//3116 3121//3121 3122//3122
f 3117//3117 3111//3111 3110//3110
f 3119//3119 3113//3113 3112//3112
f 3112//3112 3118//3118 3119//3119
f 3120//3120 3114//3114 3113//3113
f 3113//3113 3119//3119 3120//3120
f 3120//3120 3115//3115 3114//3114
f 3121//3121 3116//3116 3115//3115
f 3115//3115 3120//3120 3121//3121
f 3122//3122 3117//3117 3116//3116
f 3011//3011 3012//3012 3017//3017
f 3117//3117 3122//3122 3123//3123
f 3129//3129 3125//3125 3124//3124
f 3130//3130 3126//3126 3125//3125
f 3125//3125 3129//3129 3130//3130
f 3131//3131 3127//3127 3126//3126
f 3126//3126 3130//3130 3131//3131
f 3127//3127 3131//3131 3132//3132
f 3292//3292 3129//3129 3128//3128
f 3128//3128 3136//3136 3291//3291
f 3075//3075 2907//2907 2905//2905
f 2900//2900 2902//2902 3067//3067
f 3069//3069 2903//2903 2901//2901
f 2902//2902 2904//2904 3073//3073
f 3070//3070 3067//3067 2902//2902
f 3073//3073 3070//3070 2902//2902
f 3075//3075 2905//2905 2903//2903
f 2903//2903 3069//3069 3072//3072
f 2903//2903 3072//3072 3075//3075
f 2904//2904 2906//2906 3076//3076
f 3076//3076 3073//3073 2904//2904
f 2899//2899 3066//3066 3069//3069
f 2906//2906 2908//2908 3079//3079
f 3079//3079 3076//3076 2906//2906
f 3078//3078 2909//2909 2907//2907
f 2907//2907 3075//3075 3078//3078
f 2908//2908 2910//2910 3082//3082
f 3082//3082 3079//3079 2908//2908
f 3083//3083 2912//2912 2909//2909
f 2909//2909 3078//3078 3081//3081
f 3081//3081 3080//3080 2909//2909
f 3064//3064 2897//2897 2895//2895
f 3058//3058 2893//2893 2891//2891
f 2891//2891 3056//3056 3058//3058
f 2892//2892 2894//2894 3061//3061
f 3059//3059 3057//3057 2892//2892
f 3061//3061 3059//3059 2892//2892
f 3060//3060 2895//2895 2893//2893
f 2893//2893 3058//3058 3060//3060
f 2894//2894 2896//2896 3063//3063
f 3063//3063 3061//3061 2894//2894
f 2909//2909 3080//3080 3083//3083
f 2895//2895 3060//3060 3062//3062
f 2895//2895 3062//3062 3064//3064
f 2896//2896 2898//2898 3063//3063
f 3064//3064 2899//2899 2897//2897
f 2898//2898 2900//2900 3067//3067
f 3065//3065 3063//3063 2898//2898
f 3067//3067 3065//3065 2898//2898
f 3069//3069 2901//2901 2899//2899
f 2899//2899 3064//3064 3066//3066
f 2925//2925 2928//2928 3095//3095
f 3091//3091 3088//3088 2919//2919
f 2923//2923 2921//2921 2920//2920
f 3090//3090 2923//2923 2920//2920
f 2921//2921 2923//2923 2924//2924
f 2922//2922 2925//2925 3095//3095
f 3095//3095 3091//3091 2922//2922
f 2926//2926 2924//2924 2923//2923
f 3094//3094 2926//2926 2923//2923
f 2923//2923 3090//3090 3094//3094
f 2924//2924 2926//2926 2927//2927
f 2919//2919 2922//2922 3091//3091
f 2930//2930 2927//2927 2926//2926
f 3104//3104 2930//2930 2926//2926
f 2926//2926 3094//3094 3098//3098
f 2926//2926 3098//3098 3104//3104
f 2927//2927 2930//2930 2931//2931
f 2932//2932 2929//2929 2928//2928
f 2928//2928 2929//2929 3100//3100
f 3099//3099 3095//3095 2928//2928
f 3100//3100 3099//3099 2928//2928
f 2917//2917 2915//2915 2914//2914
f 2910//2910 2913//2913 3082//3082
f 2915//2915 2912//2912 2911//2911
f 2911//2911 2912//2912 3083//3083
f 2911//2911 2914//2914 2915//2915
f 3085//3085 2914//2914 2911//2911
f 2911//2911 3083//3083 3085//3085
f 2913//2913 2916//2916 3086//3086
f 3084//3084 3082//3082 2913//2913
f 3086//3086 3084//3084 2913//2913
f 2890//2890 2891//2891 2893//2893
f 3085//3085 2917//2917 2914//2914
f 2915//2915 2917//2917 2918//2918
f 2916//2916 2919//2919 3088//3088
f 3088//3088 3086//3086 2916//2916
f 2920//2920 2918//2918 2917//2917
f 3090//3090 2920//2920 2917//2917
f 2917//2917 3085//3085 3087//3087
f 2917//2917 3087//3087 3090//3090
f 2918//2918 2920//2920 2921//2921
f 3033//3033 2867//2867 2863//2863
f 3031//3031 2858//2858 2857//2857
f 2865//2865 2864//2864 2857//2857
f 2857//2857 2864//2864 3031//3031
f 2858//2858 2859//2859 2865//2865
f 3031//3031 3027//3027 2858//2858
f 2861//2861 2862//2862 2866//2866
f 2862//2862 2863//2863 2866//2866
f 3033//3033 2863//2863 2862//2862
f 2862//2862 3032//3032 3033//3033
f 2867//2867 2866//2866 2863//2863
f 2857//2857 2858//2858 2865//2865
f 2864//2864 2865//2865 2868//2868
f 2864//2864 2868//2868 3035//3035
f 3035//3035 3031//3031 2864//2864
f 2869//2869 2868//2868 2865//2865
f 2866//2866 2867//2867 2870//2870
f 2871//2871 2870//2870 2867//2867
f 3036//3036 2871//2871 2867//2867
f 2867//2867 3033//3033 3036//3036
f 2868//2868 2872//2872 3038//3038
f 2852//2852 3027//3027 3028//3028
f 2855//2855 2854//2854 2850//2850
f 2850//2850 3018//3018 3024//3024
f 2850//2850 3024//3024 3025//3025
f 2856//2856 2855//2855 2851//2851
f 3025//3025 2856//2856 2851//2851
f 2852//2852 2853//2853 2859//2859
f 2859//2859 2858//2858 2852//2852
f 2852//2852 2858//2858 3027//3027
f 3028//3028 3022//3022 2852//2852
f 3038//3038 3035//3035 2868//2868
f 2853//2853 2854//2854 2859//2859
f 2854//2854 2855//2855 2860//2860
f 2860//2860 2859//2859 2854//2854
f 2855//2855 2856//2856 2861//2861
f 2861//2861 2860//2860 2855//2855
f 2862//2862 2861//2861 2856//2856
f 3032//3032 2862//2862 2856//2856
f 2856//2856 3025//3025 3029//3029
f 2856//2856 3029//3029 3032//3032
f 2885//2885 3053//3053 3054//3054
f 3047//3047 2882//2882 2879//2879
f 2880//2880 2881//2881 2884//2884
f 2884//2884 2883//2883 2880//2880
f 2880//2880 2883//2883 3049//3049
f 3053//3053 2885//2885 2882//2882
f 2882//2882 3047//3047 3050//3050
f 2882//2882 3050//3050 3053//3053
f 2883//2883 2886//2886 3052//3052
f 3052//3052 3049//3049 2883//2883
f 3056//3056 2887//2887 2885//2885
f 3046//3046 3043//3043 2878//2878
f 2885//2885 3054//3054 3056//3056
f 2886//2886 2889//2889 3057//3057
f 3055//3055 3052//3052 2886//2886
f 3057//3057 3055//3055 2886//2886
f 2887//2887 2888//2888 2890//2890
f 3056//3056 2888//2888 2887//2887
f 2891//2891 2890//2890 2888//2888
f 3056//3056 2891//2891 2888//2888
f 2889//2889 2892//2892 3057//3057
f 2875//2875 2878//2878 3044//3044
f 2870//2870 2871//2871 2874//2874
f 2874//2874 2873//2873 2870//2870
f 3042//3042 2874//2874 2871//2871
f 2871//2871 3036//3036 3039//3039
f 2871//2871 3039//3039 3042//3042
f 2872//2872 2875//2875 3041//3041
f 3041//3041 3038//3038 2872//2872
f 3045//3045 2876//2876 2874//2874
f 2874//2874 3042//3042 3045//3045
f 2929//2929 2932//2932 2933//2933
f 3044//3044 3041//3041 2875//2875
f 3047//3047 2879//2879 2876//2876
f 2876//2876 3045//3045 3047//3047
f 2877//2877 2878//2878 2880//2880
f 3046//3046 2878//2878 2877//2877
f 2877//2877 2880//2880 3049//3049
f 3049//3049 3046//3046 2877//2877
f 2881//2881 2880//2880 2878//2878
f 2878//2878 3043//3043 3044//3044
f 2991//2991 2993//2993 3154//3154
f 2986//2986 2988//2988 3147//3147
f 3147//3147 3144//3144 2986//2986
f 3149//3149 2989//2989 2987//2987
f 2987//2987 3143//3143 3146//3146
f 2987//2987 3146//3146 3149//3149
f 2988//2988 2990//2990 3150//3150
f 3150//3150 3147//3147 2988//2988
f 3151//3151 2992//2992 2989//2989
f 2989//2989 3149//3149 3151//3151
f 2990//2990 2991//2991 3150//3150
f 2984//2984 3142//3142 3143//3143
f 3154//3154 3150//3150 2991//2991
f 2999//2999 2998//2998 2992//2992
f 3151//3151 2999//2999 2992//2992
f 2993//2993 2994//2994 3154//3154
f 2994//2994 2995//2995 3001//3001
f 3001//3001 3000//3000 2994//2994
f 2994//2994 3000//3000 3155//3155
f 3155//3155 3154//3154 2994//2994
f 2995//2995 2996//2996 3002//3002
f 3141//3141 3139//3139 2979//2979
f 2974//2974 3135//3135 3136//3136
f 3139//3139 3135//3135 2974//2974
f 2981//2981 2977//2977 2976//2976
f 2976//2976 2980//2980 2981//2981
f 3138//3138 2980//2980 2976//2976
f 2976//2976 3134//3134 3138//3138
f 2982//2982 2979//2979 2978//2978
f 2979//2979 2982//2982 2983//2983
f 2979//2979 2983//2983 3141//3141
f 3002//3002 3001//3001 2995//2995
f 3140//3140 2981//2981 2980//2980
f 2980//2980 3138//3138 3140//3140
f 3140//3140 2984//2984 2981//2981
f 2985//2985 2983//2983 2982//2982
f 2983//2983 2985//2985 2986//2986
f 2983//2983 2986//2986 3144//3144
f 3144//3144 3141//3141 2983//2983
f 3143//3143 2987//2987 2984//2984
f 2984//2984 3140//3140 3142//3142
f 3013//3013 3012//3012 3008//3008
f 3010//3010 3009//3009 3005//3005
f 3005//3005 3009//3009 3180//3180
f 3006//3006 3007//3007 3011//3011
f 3182//3182 3007//3007 3006//3006
f 3011//3011 3010//3010 3006//3006
f 3006//3006 3180//3180 3181//3181
f 3006//3006 3181//3181 3182//3182
f 3007//3007 3008//3008 3012//3012
f 3182//3182 3008//3008 3007//3007
f 3012//3012 3011//3011 3007//3007
f 3180//3180 3006//3006 3005//3005
f 3184//3184 3013//3013 3008//3008
f 3008//3008 3182//3182 3183//3183
f 3008//3008 3183//3183 3184//3184
f 3009//3009 3010//3010 3016//3016
f 3016//3016 3015//3015 3009//3009
f 3009//3009 3015//3015 3187//3187
f 3187//3187 3180//3180 3009//3009
f 3010//3010 3011//3011 3017//3017
f 3017//3017 3016//3016 3010//3010
f 3000//3000 3001//3001 3160//3160
f 2996//2996 2997//2997 3002//3002
f 2997//2997 2998//2998 3004//3004
f 3003//3003 3002//3002 2997//2997
f 3004//3004 3003//3003 2997//2997
f 2998//2998 2999//2999 3156//3156
f 3163//3163 3004//3004 2998//2998
f 2998//2998 3156//3156 3163//3163
f 2999//2999 3151//3151 3157//3157
f 3157//3157 3156//3156 2999//2999
f 2974//2974 2979//2979 3139//3139
f 3159//3159 3155//3155 3000//3000
f 3160//3160 3159//3159 3000//3000
f 3001//3001 3002//3002 3161//3161
f 3161//3161 3160//3160 3001//3001
f 3002//3002 3003//3003 3161//3161
f 3003//3003 3004//3004 3163//3163
f 3162//3162 3161//3161 3003//3003
f 3163//3163 3162//3162 3003//3003
f 3005//3005 3006//3006 3010//3010
f 2950//2950 2943//2943 2942//2942
f 2949//2949 2941//2941 2940//2940
f 2940//2940 2941//2941 3118//3118
f 2940//2940 2947//2947 2948//2948
f 2940//2940 2948//2948 2949//2949
f 3118//3118 3112//3112 2940//2940
f 2950//2950 2942//2942 2941//2941
f 2941//2941 2942//2942 3120//3120
f 2941//2941 2949//2949 2950//2950
f 3119//3119 3118//3118 2941//2941
f 3120//3120 3119//3119 2941//2941
f 2947//2947 2940//2940 2939//2939
f 2942//2942 2943//2943 3120//3120
f 2951//2951 2944//2944 2943//2943
f 2943//2943 2944//2944 3121//3121
f 2943//2943 2950//2950 2951//2951
f 3121//3121 3120//3120 2943//2943
f 2952//2952 2945//2945 2944//2944
f 2944//2944 2945//2945 3122//3122
f 2944//2944 2951//2951 2952//2952
f 3122//3122 3121//3121 2944//2944
f 2940//2940 2936//2936 2935//2935
f 2929//2929 2933//2933 3105//3105
f 3105//3105 3100//3100 2929//2929
f 2934//2934 2931//2931 2930//2930
f 3104//3104 2934//2934 2930//2930
f 2936//2936 2933//2933 2932//2932
f 2932//2932 2935//2935 2936//2936
f 2933//2933 2936//2936 3105//3105
f 3111//3111 2938//2938 2934//2934
f 2934//2934 3104//3104 3111//3111
f 2953//2953 2946//2946 2945//2945
f 2935//2935 2939//2939 2940//2940
f 2936//2936 2940//2940 3112//3112
f 3112//3112 3105//3105 2936//2936
f 2945//2945 2938//2938 2937//2937
f 2937//2937 2938//2938 3117//3117
f 3123//3123 2945//2945 2937//2937
f 2937//2937 3117//3117 3123//3123
f 2938//2938 2945//2945 2946//2946
f 2938//2938 3111//3111 3117//3117
f 2974//2974 2970//2970 2969//2969
f 3125//3125 2966//2966 2965//2965
f 3126//3126 2967//2967 2966//2966
f 2966//2966 3125//3125 3126//3126
f 3132//3132 2968//2968 2967//2967
f 2967//2967 3126//3126 3127//3127
f 2967//2967 3127//3127 3132//3132
f 2968//2968 2972//2972 2973//2973
f 3133//3133 2972//2972 2968//2968
f 2968//2968 3132//3132 3133//3133
f 3129//3129 3124//3124 2964//2964
f 3128//3128 2971//2971 2970//2970
f 2970//2970 2974//2974 2975//2975
f 2970//2970 2975//2975 3136//3136
f 3136//3136 3128//3128 2970//2970
f 2971//2971 3128//3128 3129//3129
f 3133//3133 2973//2973 2972//2972
f 3134//3134 2976//2976 2973//2973
f 2973//2973 3133//3133 3134//3134
f 3136//3136 2975//2975 2974//2974
f 2951//2951 2957//2957 2958//2958
f 2945//2945 2952//2952 2953//2953
f 3123//3123 3122//3122 2945//2945
f 2946//2946 2953//2953 2954//2954
f 2955//2955 2949//2949 2948//2948
f 2956//2956 2950//2950 2949//2949
f 2949//2949 2955//2955 2956//2956
f 2957//2957 2951//2951 2950//2950
f 2950//2950 2956//2956 2957//2957
f 2958//2958 2952//2952 2951//2951
f 4000//4000 3999//3999 3828//3828
f 2960//2960 2953//2953 2952//2952
f 2952//2952 2959//2959 2960//2960
f 2966//2966 2962//2962 2961//2961
f 2962//2962 2966//2966 2967//2967
f 2970//2970 2964//2964 2963//2963
f 3125//3125 2965//2965 2964//2964
f 2964//2964 2970//2970 2971//2971
f 2964//2964 2971//2971 3129//3129
f 2964//2964 3124//3124 3125//3125
f 4837//4837 4825//4825 4694//4694
f 4691//4691 4694//4694 4825//4825
f 4825//4825 4813//4813 4691//4691
f 4848//4848 4699//4699 4692//4692
f 4692//4692 4824//4824 4836//4836
f 4692//4692 4836//4836 4848//4848
f 4701//4701 4694//4694 4693//4693
f 4693//4693 4700//4700 4701//4701
f 4702//4702 4695//4695 4694//4694
f 4694//4694 4695//4695 4837//4837
f 4694//4694 4701//4701 4702//4702
f 4690//4690 4693//4693 4694//4694
f 4702//4702 4696//4696 4695//4695
f 4695//4695 4696//4696 4839//4839
f 4838//4838 4837//4837 4695//4695
f 4839//4839 4838//4838 4695//4695
f 4704//4704 4697//4697 4696//4696
f 4696//4696 4697//4697 4840//4840
f 4696//4696 4702//4702 4703//4703
f 4696//4696 4703//4703 4704//4704
f 4840//4840 4839//4839 4696//4696
f 4684//4684 4809//4809 4810//4810
f 4679//4679 4805//4805 4806//4806
f 4806//4806 4798//4798 4680//4680
f 4808//4808 4682//4682 4681//4681
f 4681//4681 4807//4807 4808//4808
f 4686//4686 4683//4683 4682//4682
f 4812//4812 4686//4686 4682//4682
f 4682//4682 4808//4808 4812//4812
f 4810//4810 4685//4685 4684//4684
f 4684//4684 4687//4687 4813//4813
f 4697//4697 4704//4704 4840//4840
f 4813//4813 4809//4809 4684//4684
f 4810//4810 4805//4805 4685//4685
f 4823//4823 4688//4688 4686//4686
f 4686//4686 4812//4812 4823//4823
f 4687//4687 4691//4691 4813//4813
f 4823//4823 4689//4689 4688//4688
f 4824//4824 4692//4692 4689//4689
f 4689//4689 4823//4823 4824//4824
f 4694//4694 4691//4691 4690//4690
f 4853//4853 4852//4852 4708//4708
f 4706//4706 4718//4718 4719//4719
f 4706//4706 4842//4842 4849//4849
f 4850//4850 4842//4842 4706//4706
f 4720//4720 4708//4708 4707//4707
f 4707//4707 4708//4708 4851//4851
f 4707//4707 4719//4719 4720//4720
f 4851//4851 4850//4850 4707//4707
f 4720//4720 4709//4709 4708//4708
f 4708//4708 4709//4709 4853//4853
f 4852//4852 4851//4851 4708//4708
f 4706//4706 4707//4707 4850//4850
f 4721//4721 4710//4710 4709//4709
f 4709//4709 4710//4710 4854//4854
f 4709//4709 4720//4720 4721//4721
f 4854//4854 4853//4853 4709//4709
f 4722//4722 4711//4711 4710//4710
f 4710//4710 4711//4711 4855//4855
f 4710//4710 4721//4721 4722//4722
f 4855//4855 4854//4854 4710//4710
f 4724//4724 4712//4712 4711//4711
f 4702//4702 4714//4714 4715//4715
f 4698//4698 4704//4704 4705//4705
f 4840//4840 4704//4704 4698//4698
f 4698//4698 4705//4705 4841//4841
f 4841//4841 4840//4840 4698//4698
f 4847//4847 4712//4712 4699//4699
f 4848//4848 4847//4847 4699//4699
f 4714//4714 4702//4702 4701//4701
f 4701//4701 4713//4713 4714//4714
f 4715//4715 4703//4703 4702//4702
f 4679//4679 4685//4685 4805//4805
f 4715//4715 4704//4704 4703//4703
f 4717//4717 4705//4705 4704//4704
f 4704//4704 4715//4715 4716//4716
f 4704//4704 4716//4716 4717//4717
f 4718//4718 4706//4706 4705//4705
f 4705//4705 4706//4706 4849//4849
f 4705//4705 4717//4717 4718//4718
f 4849//4849 4841//4841 4705//4705
f 4719//4719 4707//4707 4706//4706
f 4649//4649 4785//4785 4791//4791
f 4652//4652 4647//4647 4646//4646
f 4646//4646 4647//4647 4787//4787
f 4646//4646 4651//4651 4652//4652
f 4786//4786 4780//4780 4646//4646
f 4787//4787 4786//4786 4646//4646
f 4647//4647 4652//4652 4787//4787
f 4656//4656 4649//4649 4648//4648
f 4648//4648 4649//4649 4790//4790
f 4648//4648 4655//4655 4656//4656
f 4790//4790 4655//4655 4648//4648
f 4645//4645 4649//4649 4650//4650
f 4791//4791 4790//4790 4649//4649
f 4658//4658 4652//4652 4651//4651
f 4651//4651 4657//4657 4658//4658
f 4658//4658 4653//4653 4652//4652
f 4652//4652 4653//4653 4792//4792
f 4792//4792 4787//4787 4652//4652
f 4659//4659 4654//4654 4653//4653
f 4653//4653 4654//4654 4792//4792
f 4653//4653 4658//4658 4659//4659
f 4640//4640 4641//4641 4778//4778
f 4779//4779 4641//4641 4637//4637
f 4637//4637 4769//4769 4773//4773
f 4637//4637 4773//4773 4779//4779
f 4643//4643 4639//4639 4638//4638
f 4638//4638 4639//4639 4775//4775
f 4638//4638 4642//4642 4643//4643
f 4775//4775 4774//4774 4638//4638
f 4639//4639 4643//4643 4775//4775
f 4644//4644 4641//4641 4640//4640
f 4661//4661 4655//4655 4654//4654
f 4778//4778 4644//4644 4640//4640
f 4641//4641 4644//4644 4645//4645
f 4779//4779 4778//4778 4641//4641
f 4646//4646 4643//4643 4642//4642
f 4643//4643 4646//4646 4780//4780
f 4780//4780 4775//4775 4643//4643
f 4649//4649 4645//4645 4644//4644
f 4785//4785 4649//4649 4644//4644
f 4644//4644 4778//4778 4785//4785
f 4673//4673 4799//4799 4800//4800
f 4669//4669 4795//4795 4796//4796
f 4669//4669 4796//4796 4797//4797
f 4675//4675 4671//4671 4670//4670
f 4802//4802 4675//4675 4670//4670
f 4670//4670 4797//4797 4802//4802
f 4671//4671 4675//4675 4676//4676
f 4799//4799 4673//4673 4672//4672
f 4672//4672 4680//4680 4798//4798
f 4672//4672 4798//4798 4799//4799
f 4800//4800 4674//4674 4673//4673
f 4797//4797 4670//4670 4669//4669
f 4803//4803 4676//4676 4675//4675
f 4675//4675 4802//4802 4803//4803
f 4803//4803 4677//4677 4676//4676
f 4682//4682 4678//4678 4677//4677
f 4677//4677 4681//4681 4682//4682
f 4807//4807 4681//4681 4677//4677
f 4677//4677 4803//4803 4804//4804
f 4677//4677 4804//4804 4807//4807
f 4806//4806 4680//4680 4679//4679
f 4658//4658 4663//4663 4664//4664
f 4654//4654 4655//4655 4793//4793
f 4654//4654 4659//4659 4660//4660
f 4654//4654 4660//4660 4661//4661
f 4793//4793 4792//4792 4654//4654
f 4661//4661 4656//4656 4655//4655
f 4655//4655 4790//4790 4794//4794
f 4794//4794 4793//4793 4655//4655
f 4656//4656 4661//4661 4662//4662
f 4664//4664 4659//4659 4658//4658
f 4711//4711 4712//4712 4847//4847
f 4664//4664 4660//4660 4659//4659
f 4666//4666 4661//4661 4660//4660
f 4660//4660 4664//4664 4665//4665
f 4660//4660 4665//4665 4666//4666
f 4673//4673 4668//4668 4667//4667
f 4795//4795 4669//4669 4668//4668
f 4668//4668 4673//4673 4674//4674
f 4668//4668 4674//4674 4800//4800
f 4800//4800 4795//4795 4668//4668
f 4776//4776 4781//4781 4903//4903
f 4896//4896 4891//4891 4771//4771
f 4902//4902 4896//4896 4771//4771
f 4778//4778 4773//4773 4772//4772
f 4901//4901 4778//4778 4772//4772
f 4772//4772 4894//4894 4901//4901
f 4773//4773 4778//4778 4779//4779
f 4781//4781 4776//4776 4775//4775
f 4775//4775 4776//4776 4903//4903
f 4775//4775 4780//4780 4781//4781
f 4903//4903 4902//4902 4775//4775
f 4771//4771 4775//4775 4902//4902
f 4784//4784 4778//4778 4777//4777
f 4777//4777 4778//4778 4906//4906
f 4906//4906 4784//4784 4777//4777
f 4778//4778 4784//4784 4785//4785
f 4778//4778 4901//4901 4907//4907
f 4907//4907 4906//4906 4778//4778
f 4787//4787 4781//4781 4780//4780
f 4780//4780 4786//4786 4787//4787
f 4788//4788 4782//4782 4781//4781
f 4891//4891 4890//4890 4766//4766
f 4885//4885 4765//4765 4762//4762
f 4762//4762 4881//4881 4885//4885
f 4764//4764 4766//4766 4890//4890
f 4890//4890 4886//4886 4764//4764
f 4889//4889 4769//4769 4765//4765
f 4765//4765 4885//4885 4889//4889
f 4771//4771 4767//4767 4766//4766
f 4766//4766 4767//4767 4891//4891
f 4766//4766 4770//4770 4771//4771
f 4781//4781 4782//4782 4908//4908
f 4767//4767 4771//4771 4891//4891
f 4773//4773 4769//4769 4768//4768
f 4768//4768 4769//4769 4894//4894
f 4768//4768 4772//4772 4773//4773
f 4894//4894 4772//4772 4768//4768
f 4769//4769 4889//4889 4895//4895
f 4895//4895 4894//4894 4769//4769
f 4775//4775 4771//4771 4770//4770
f 4770//4770 4774//4774 4775//4775
f 4801//4801 4912//4912 4913//4913
f 4802//4802 4797//4797 4796//4796
f 4796//4796 4801//4801 4802//4802
f 4806//4806 4799//4799 4798//4798
f 4911//4911 4800//4800 4799//4799
f 4799//4799 4806//4806 4917//4917
f 4799//4799 4910//4910 4911//4911
f 4917//4917 4910//4910 4799//4799
f 4911//4911 4801//4801 4800//4800
f 4913//4913 4802//4802 4801//4801
f 4801//4801 4911//4911 4912//4912
f 4795//4795 4800//4800 4801//4801
f 4914//4914 4803//4803 4802//4802
f 4802//4802 4913//4913 4914//4914
f 4915//4915 4804//4804 4803//4803
f 4803//4803 4914//4914 4915//4915
f 4915//4915 4807//4807 4804//4804
f 4810//4810 4806//4806 4805//4805
f 4806//4806 4810//4810 4925//4925
f 4806//4806 4916//4916 4917//4917
f 4925//4925 4916//4916 4806//4806
f 4790//4790 4785//4785 4784//4784
f 4781//4781 4787//4787 4788//4788
f 4908//4908 4903//4903 4781//4781
f 4789//4789 4783//4783 4782//4782
f 4782//4782 4783//4783 4908//4908
f 4782//4782 4788//4788 4789//4789
f 4790//4790 4784//4784 4783//4783
f 4783//4783 4784//4784 4909//4909
f 4783//4783 4789//4789 4790//4790
f 4909//4909 4908//4908 4783//4783
f 4886//4886 4882//4882 4761//4761
f 4906//4906 4905//4905 4784//4784
f 4784//4784 4905//4905 4909//4909
f 4785//4785 4790//4790 4791//4791
f 4792//4792 4788//4788 4787//4787
f 4792//4792 4789//4789 4788//4788
f 4793//4793 4790//4790 4789//4789
f 4789//4789 4792//4792 4793//4793
f 4790//4790 4793//4793 4794//4794
f 4801//4801 4796//4796 4795//4795
f 4857//4857 4739//4739 4737//4737
f 4722//4722 4733//4733 4734//4734
f 5155//5155 4735//4735 5161//5161
f 4735//4735 4736//4736 4856//4856
f 5162//5162 5161//5161 4735//4735
f 4856//4856 5162//5162 4735//4735
f 4858//4858 4737//4737 5160//5160
f 5163//5163 4858//4858 5160//5160
f 5164//5164 4858//4858 5163//5163
f 4736//4736 4738//4738 4856//4856
f 4737//4737 4739//4739 4740//4740
f 4734//4734 4723//4723 4722//4722
f 4858//4858 4857//4857 4737//4737
f 4738//4738 4741//4741 4859//4859
f 4859//4859 4856//4856 4738//4738
f 4862//4862 4742//4742 4739//4739
f 4739//4739 4857//4857 4860//4860
f 4739//4739 4860//4860 4862//4862
f 4741//4741 4743//4743 4861//4861
f 4861//4861 4859//4859 4741//4741
f 4864//4864 4744//4744 4742//4742
f 4728//4728 4718//4718 4717//4717
f 4711//4711 4722//4722 4723//4723
f 4711//4711 4723//4723 4724//4724
f 4711//4711 4847//4847 4855//4855
f 4725//4725 4715//4715 4714//4714
f 4726//4726 4716//4716 4715//4715
f 4715//4715 4725//4725 4726//4726
f 4728//4728 4717//4717 4716//4716
f 4716//4716 4726//4726 4727//4727
f 4716//4716 4727//4727 4728//4728
f 4742//4742 4862//4862 4864//4864
f 4730//4730 4719//4719 4718//4718
f 4718//4718 4728//4728 4729//4729
f 4718//4718 4729//4729 4730//4730
f 4730//4730 4720//4720 4719//4719
f 4732//4732 4721//4721 4720//4720
f 4720//4720 4730//4730 4731//4731
f 4720//4720 4731//4731 4732//4732
f 4733//4733 4722//4722 4721//4721
f 4721//4721 4732//4732 4733//4733
f 4755//4755 4878//4878 4881//4881
f 4753//4753 4754//4754 4877//4877
f 4753//4753 4757//4757 4758//4758
f 4876//4876 4872//4872 4753//4753
f 4877//4877 4876//4876 4753//4753
f 4754//4754 4758//4758 4880//4880
f 4880//4880 4877//4877 4754//4754
f 4759//4759 4756//4756 4755//4755
f 4755//4755 4756//4756 4878//4878
f 4881//4881 4759//4759 4755//4755
f 4758//4758 4754//4754 4753//4753
f 4756//4756 4759//4759 4760//4760
f 4756//4756 4875//4875 4879//4879
f 4879//4879 4878//4878 4756//4756
f 4758//4758 4761//4761 4882//4882
f 4882//4882 4880//4880 4758//4758
f 4762//4762 4760//4760 4759//4759
f 4881//4881 4762//4762 4759//4759
f 4760//4760 4762//4762 4763//4763
f 4761//4761 4764//4764 4886//4886
f 4747//4747 4749//4749 4867//4867
f 4743//4743 4745//4745 4865//4865
f 4863//4863 4861//4861 4743//4743
f 4865//4865 4863//4863 4743//4743
f 4866//4866 4746//4746 4744//4744
f 4744//4744 4864//4864 4866//4866
f 4745//4745 4747//4747 4867//4867
f 4867//4867 4865//4865 4745//4745
f 4868//4868 4748//4748 4746//4746
f 4746//4746 4866//4866 4868//4868
f 4774//4774 4770//4770 4636//4636
f 4871//4871 4750//4750 4748//4748
f 4748//4748 4868//4868 4871//4871
f 4749//4749 4751//4751 4872//4872
f 4869//4869 4867//4867 4749//4749
f 4872//4872 4869//4869 4749//4749
f 4875//4875 4752//4752 4750//4750
f 4750//4750 4871//4871 4875//4875
f 4751//4751 4753//4753 4872//4872
f 4875//4875 4756//4756 4752//4752
f 4531//4531 4526//4526 4525//4525
f 4519//4519 4524//4524 4525//4525
f 4519//4519 4525//4525 4526//4526
f 4665//4665 4664//4664 4519//4519
f 4666//4666 4665//4665 4519//4519
f 4526//4526 4521//4521 4520//4520
f 4520//4520 4661//4661 4666//4666
f 4521//4521 4526//4526 4527//4527
f 4528//4528 4524//4524 4523//4523
f 4529//4529 4525//4525 4524//4524
f 4524//4524 4528//4528 4529//4529
f 4519//4519 4520//4520 4666//4666
f 4525//4525 4529//4529 4530//4530
f 4525//4525 4530//4530 4531//4531
f 4668//4668 4533//4533 4532//4532
f 4532//4532 4539//4539 4540//4540
f 4532//4532 4540//4540 4673//4673
f 4532//4532 4667//4667 4668//4668
f 4673//4673 4667//4667 4532//4532
f 4669//4669 4534//4534 4533//4533
f 4533//4533 4668//4668 4669//4669
f 4522//4522 4517//4517 4516//4516
f 4657//4657 4651//4651 4511//4511
f 4658//4658 4657//4657 4511//4511
f 4512//4512 4517//4517 4658//4658
f 4521//4521 4514//4514 4513//4513
f 4513//4513 4514//4514 4661//4661
f 4513//4513 4520//4520 4521//4521
f 4661//4661 4520//4520 4513//4513
f 4514//4514 4656//4656 4662//4662
f 4662//4662 4661//4661 4514//4514
f 4670//4670 4535//4535 4534//4534
f 4523//4523 4518//4518 4517//4517
f 4517//4517 4518//4518 4664//4664
f 4517//4517 4522//4522 4523//4523
f 4663//4663 4658//4658 4517//4517
f 4664//4664 4663//4663 4517//4517
f 4524//4524 4519//4519 4518//4518
f 4518//4518 4519//4519 4664//4664
f 4518//4518 4523//4523 4524//4524
f 4526//4526 4520//4520 4519//4519
f 4554//4554 4551//4551 4550//4550
f 4545//4545 4548//4548 4549//4549
f 4545//4545 4549//4549 4685//4685
f 4685//4685 4679//4679 4545//4545
f 4682//4682 4547//4547 4546//4546
f 4683//4683 4550//4550 4547//4547
f 4547//4547 4682//4682 4683//4683
f 4685//4685 4549//4549 4548//4548
f 4548//4548 4553//4553 4687//4687
f 4548//4548 4684//4684 4685//4685
f 4687//4687 4684//4684 4548//4548
f 4548//4548 4545//4545 4544//4544
f 4688//4688 4554//4554 4550//4550
f 4550//4550 4683//4683 4686//4686
f 4550//4550 4686//4686 4688//4688
f 4555//4555 4553//4553 4552//4552
f 4553//4553 4555//4555 4556//4556
f 4553//4553 4556//4556 4691//4691
f 4691//4691 4687//4687 4553//4553
f 4692//4692 4557//4557 4554//4554
f 4554//4554 4688//4688 4689//4689
f 4539//4539 4672//4672 4673//4673
f 4534//4534 4669//4669 4670//4670
f 4670//4670 4536//4536 4535//4535
f 4541//4541 4537//4537 4536//4536
f 4671//4671 4541//4541 4536//4536
f 4536//4536 4670//4670 4671//4671
f 4537//4537 4541//4541 4542//4542
f 4545//4545 4539//4539 4538//4538
f 4673//4673 4540//4540 4539//4539
f 4539//4539 4545//4545 4679//4679
f 4511//4511 4516//4516 4517//4517
f 4680//4680 4672//4672 4539//4539
f 4539//4539 4679//4679 4680//4680
f 4676//4676 4542//4542 4541//4541
f 4541//4541 4671//4671 4676//4676
f 4677//4677 4543//4543 4542//4542
f 4542//4542 4676//4676 4677//4677
f 4682//4682 4546//4546 4543//4543
f 4543//4543 4677//4677 4678//4678
f 4543//4543 4678//4678 4682//4682
f 4486//4486 4626//4626 4630//4630
f 4621//4621 4484//4484 4482//4482
f 4482//4482 4619//4619 4621//4621
f 4483//4483 4485//4485 4622//4622
f 4626//4626 4486//4486 4484//4484
f 4484//4484 4621//4621 4623//4623
f 4484//4484 4623//4623 4626//4626
f 4485//4485 4487//4487 4627//4627
f 4624//4624 4622//4622 4485//4485
f 4627//4627 4624//4624 4485//4485
f 4630//4630 4488//4488 4486//4486
f 4622//4622 4620//4620 4481//4481
f 4487//4487 4489//4489 4490//4490
f 4487//4487 4490//4490 4628//4628
f 4628//4628 4627//4627 4487//4487
f 4633//4633 4491//4491 4488//4488
f 4488//4488 4630//4630 4633//4633
f 4492//4492 4490//4490 4489//4489
f 4490//4490 4492//4492 4631//4631
f 4631//4631 4628//4628 4490//4490
f 4632//4632 4494//4494 4491//4491
f 4477//4477 4479//4479 4618//4618
f 4613//4613 4474//4474 4472//4472
f 4472//4472 4608//4608 4611//4611
f 4472//4472 4611//4611 4613//4613
f 4473//4473 4475//4475 4612//4612
f 4615//4615 4476//4476 4474//4474
f 4474//4474 4613//4613 4615//4615
f 4475//4475 4477//4477 4614//4614
f 4614//4614 4612//4612 4475//4475
f 4615//4615 4478//4478 4476//4476
f 4633//4633 4632//4632 4491//4491
f 4616//4616 4614//4614 4477//4477
f 4618//4618 4616//4616 4477//4477
f 4617//4617 4480//4480 4478//4478
f 4478//4478 4615//4615 4617//4617
f 4479//4479 4481//4481 4620//4620
f 4620//4620 4618//4618 4479//4479
f 4619//4619 4482//4482 4480//4480
f 4480//4480 4617//4617 4619//4619
f 4481//4481 4483//4483 4622//4622
f 4510//4510 4507//4507 4506//4506
f 4501//4501 4645//4645 4650//4650
f 4506//4506 4503//4503 4502//4502
f 4502//4502 4503//4503 4646//4646
f 4503//4503 4506//4506 4507//4507
f 4503//4503 4507//4507 4646//4646
f 4508//4508 4505//4505 4504//4504
f 4504//4504 4505//4505 4649//4649
f 4649//4649 4508//4508 4504//4504
f 4505//4505 4508//4508 4509//4509
f 4650//4650 4649//4649 4505//4505
f 4650//4650 4505//4505 4501//4501
f 4507//4507 4510//4510 4511//4511
f 4507//4507 4511//4511 4651//4651
f 4651//4651 4646//4646 4507//4507
f 4515//4515 4509//4509 4508//4508
f 4508//4508 4514//4514 4515//4515
f 4656//4656 4514//4514 4508//4508
f 4508//4508 4649//4649 4656//4656
f 4517//4517 4512//4512 4511//4511
f 4511//4511 4512//4512 4658//4658
f 4636//4636 4634//4634 4495//4495
f 4492//4492 4495//4495 4634//4634
f 4634//4634 4631//4631 4492//4492
f 4496//4496 4494//4494 4493//4493
f 4493//4493 4494//4494 4635//4635
f 4637//4637 4496//4496 4493//4493
f 4493//4493 4635//4635 4637//4637
f 4494//4494 4496//4496 4497//4497
f 4494//4494 4632//4632 4635//4635
f 4495//4495 4498//4498 4638//4638
f 4554//4554 4689//4689 4692//4692
f 4638//4638 4636//4636 4495//4495
f 4641//4641 4499//4499 4496//4496
f 4496//4496 4637//4637 4641//4641
f 4498//4498 4500//4500 4642//4642
f 4642//4642 4638//4638 4498//4498
f 4645//4645 4501//4501 4499//4499
f 4499//4499 4641//4641 4645//4645
f 4500//4500 4502//4502 4646//4646
f 4646//4646 4642//4642 4500//4500
f 4611//4611 4739//4739 4742//4742
f 4606//4606 5160//5160 4737//4737
f 4607//4607 4610//4610 4738//4738
f 4738//4738 4736//4736 4607//4607
f 4608//4608 4609//4609 4739//4739
f 4739//4739 4611//4611 4608//4608
f 4609//4609 4737//4737 4740//4740
f 4740//4740 4739//4739 4609//4609
f 4610//4610 4612//4612 4741//4741
f 4741//4741 4738//4738 4610//4610
f 4744//4744 4613//4613 4611//4611
f 4606//4606 5159//5159 5160//5160
f 4611//4611 4742//4742 4744//4744
f 4612//4612 4614//4614 4743//4743
f 4743//4743 4741//4741 4612//4612
f 4746//4746 4615//4615 4613//4613
f 4613//4613 4744//4744 4746//4746
f 4614//4614 4616//4616 4747//4747
f 4745//4745 4743//4743 4614//4614
f 4747//4747 4745//4745 4614//4614
f 4746//4746 4617//4617 4615//4615
f 4601//4601 4604//4604 4736//4736
f 4600//4600 4595//4595 4594//4594
f 4594//4594 4599//4599 4600//4600
f 5153//5153 4601//4601 4735//4735
f 5153//5153 4735//4735 5154//5154
f 5154//5154 4735//4735 5155//5155
f 5156//5156 4603//4603 5157//5157
f 4603//4603 4602//4602 5152//5152
f 5157//5157 4603//4603 5152//5152
f 5158//5158 4603//4603 5156//5156
f 4616//4616 4618//4618 4747//4747
f 4736//4736 4735//4735 4601//4601
f 4602//4602 4603//4603 4606//4606
f 4606//4606 4605//4605 4602//4602
f 5159//5159 4606//4606 4603//4603
f 5158//5158 5159//5159 4603//4603
f 4604//4604 4607//4607 4736//4736
f 4605//4605 4606//4606 4609//4609
f 4609//4609 4608//4608 4605//4605
f 4737//4737 4609//4609 4606//4606
f 4631//4631 4634//4634 4766//4766
f 4625//4625 4628//4628 4758//4758
f 4760//4760 4630//4630 4626//4626
f 4628//4628 4631//4631 4761//4761
f 4761//4761 4758//4758 4628//4628
f 4633//4633 4630//4630 4629//4629
f 4629//4629 4630//4630 4762//4762
f 4629//4629 4632//4632 4633//4633
f 4762//4762 4632//4632 4629//4629
f 4630//4630 4760//4760 4763//4763
f 4763//4763 4762//4762 4630//4630
f 4758//4758 4757//4757 4624//4624
f 4764//4764 4761//4761 4631//4631
f 4766//4766 4764//4764 4631//4631
f 4765//4765 4635//4635 4632//4632
f 4632//4632 4762//4762 4765//4765
f 4634//4634 4636//4636 4766//4766
f 4769//4769 4637//4637 4635//4635
f 4635//4635 4765//4765 4769//4769
f 4636//4636 4638//4638 4774//4774
f 4770//4770 4766//4766 4636//4636
f 4756//4756 4623//4623 4621//4621
f 4750//4750 4619//4619 4617//4617
f 4617//4617 4746//4746 4748//4748
f 4617//4617 4748//4748 4750//4750
f 4618//4618 4620//4620 4751//4751
f 4749//4749 4747//4747 4618//4618
f 4751//4751 4749//4749 4618//4618
f 4752//4752 4621//4621 4619//4619
f 4619//4619 4750//4750 4752//4752
f 4620//4620 4622//4622 4751//4751
f 4598//4598 4594//4594 4593//4593
f 4621//4621 4752//4752 4756//4756
f 4622//4622 4624//4624 4757//4757
f 4753//4753 4751//4751 4622//4622
f 4757//4757 4753//4753 4622//4622
f 4760//4760 4626//4626 4623//4623
f 4623//4623 4756//4756 4760//4760
f 4628//4628 4625//4625 4624//4624
f 4624//4624 4625//4625 4758//4758
f 4624//4624 4627//4627 4628//4628
f 4581//4581 4569//4569 4568//4568
f 4714//4714 4713//4713 4563//4563
f 4564//4564 4567//4567 4714//4714
f 4723//4723 4577//4577 4565//4565
f 4724//4724 4723//4723 4565//4565
f 4579//4579 4567//4567 4566//4566
f 4566//4566 4578//4578 4579//4579
f 4580//4580 4568//4568 4567//4567
f 4567//4567 4568//4568 4725//4725
f 4567//4567 4579//4579 4580//4580
f 4725//4725 4714//4714 4567//4567
f 4563//4563 4566//4566 4567//4567
f 4568//4568 4569//4569 4727//4727
f 4568//4568 4580//4580 4581//4581
f 4726//4726 4725//4725 4568//4568
f 4727//4727 4726//4726 4568//4568
f 4581//4581 4570//4570 4569//4569
f 4569//4569 4570//4570 4728//4728
f 4728//4728 4727//4727 4569//4569
f 4582//4582 4571//4571 4570//4570
f 4570//4570 4571//4571 4728//4728
f 4563//4563 4561//4561 4560//4560
f 4690//4690 4556//4556 4555//4555
f 4555//4555 4558//4558 4693//4693
f 4693//4693 4690//4690 4555//4555
f 4556//4556 4690//4690 4691//4691
f 4699//4699 4559//4559 4557//4557
f 4557//4557 4692//4692 4699//4699
f 4558//4558 4560//4560 4693//4693
f 4712//4712 4562//4562 4559//4559
f 4559//4559 4699//4699 4712//4712
f 4570//4570 4581//4581 4582//4582
f 4560//4560 4561//4561 4701//4701
f 4700//4700 4693//4693 4560//4560
f 4701//4701 4700//4700 4560//4560
f 4561//4561 4563//4563 4713//4713
f 4713//4713 4701//4701 4561//4561
f 4724//4724 4565//4565 4562//4562
f 4562//4562 4712//4712 4724//4724
f 4567//4567 4564//4564 4563//4563
f 4563//4563 4564//4564 4714//4714
f 4593//4593 4584//4584 4583//4583
f 4733//4733 4732//4732 4575//4575
f 4734//4734 4733//4733 4575//4575
f 4576//4576 4577//4577 4723//4723
f 4576//4576 4723//4723 4734//4734
f 4589//4589 4581//4581 4580//4580
f 4590//4590 4582//4582 4581//4581
f 4581//4581 4589//4589 4590//4590
f 4591//4591 4583//4583 4582//4582
f 4582//4582 4590//4590 4591//4591
f 4575//4575 4587//4587 4588//4588
f 4583//4583 4591//4591 4592//4592
f 4583//4583 4592//4592 4593//4593
f 4593//4593 4585//4585 4584//4584
f 4595//4595 4586//4586 4585//4585
f 4585//4585 4593//4593 4594//4594
f 4585//4585 4594//4594 4595//4595
f 4595//4595 4587//4587 4586//4586
f 4587//4587 4595//4595 4596//4596
f 4597//4597 4592//4592 4591//4591
f 4573//4573 4574//4574 4732//4732
f 4584//4584 4572//4572 4571//4571
f 4571//4571 4572//4572 4730//4730
f 4571//4571 4582//4582 4583//4583
f 4571//4571 4583//4583 4584//4584
f 4729//4729 4728//4728 4571//4571
f 4730//4730 4729//4729 4571//4571
f 4584//4584 4573//4573 4572//4572
f 4572//4572 4573//4573 4730//4730
f 4586//4586 4574//4574 4573//4573
f 4922//4922 4808//4808 4807//4807
f 4573//4573 4584//4584 4585//4585
f 4573//4573 4585//4585 4586//4586
f 4731//4731 4730//4730 4573//4573
f 4732//4732 4731//4731 4573//4573
f 4574//4574 4586//4586 4732//4732
f 4588//4588 4576//4576 4575//4575
f 4575//4575 4576//4576 4734//4734
f 4575//4575 4586//4586 4587//4587
f 4732//4732 4586//4586 4575//4575
f 5080//5080 5079//5079 5042//5042
f 5036//5036 5186//5186 5072//5072
f 5039//5039 5041//5041 5073//5073
f 5086//5086 5044//5044 5040//5040
f 5040//5040 5072//5072 5078//5078
f 5040//5040 5078//5078 5086//5086
f 5046//5046 5042//5042 5041//5041
f 5041//5041 5042//5042 5079//5079
f 5041//5041 5045//5045 5046//5046
f 5079//5079 5073//5073 5041//5041
f 5042//5042 5046//5046 5080//5080
f 5036//5036 5184//5184 5186//5186
f 5049//5049 5044//5044 5043//5043
f 5043//5043 5044//5044 5085//5085
f 5085//5085 5049//5049 5043//5043
f 5044//5044 5049//5049 5050//5050
f 5086//5086 5085//5085 5044//5044
f 5051//5051 5046//5046 5045//5045
f 5053//5053 5047//5047 5046//5046
f 5046//5046 5047//5047 5088//5088
f 5046//5046 5051//5051 5052//5052
f 5184//5184 5036//5036 5032//5032
f 5180//5180 5178//5178 5030//5030
f 5181//5181 5180//5180 5030//5030
f 5068//5068 5181//5181 5030//5030
f 5031//5031 5035//5035 5069//5069
f 5069//5069 5068//5068 5031//5031
f 5037//5037 5033//5033 5032//5032
f 5032//5032 5033//5033 5182//5182
f 5032//5032 5182//5182 5183//5183
f 5032//5032 5036//5036 5037//5037
f 5046//5046 5052//5052 5053//5053
f 5183//5183 5184//5184 5032//5032
f 5033//5033 5179//5179 5185//5185
f 5185//5185 5182//5182 5033//5033
f 5038//5038 5035//5035 5034//5034
f 5035//5035 5038//5038 5039//5039
f 5035//5035 5039//5039 5073//5073
f 5073//5073 5069//5069 5035//5035
f 5040//5040 5037//5037 5036//5036
f 5072//5072 5040//5040 5036//5036
f 5066//5066 5061//5061 5060//5060
f 5095//5095 5094//5094 5054//5054
f 5061//5061 5056//5056 5055//5055
f 5055//5055 5056//5056 5095//5095
f 5062//5062 5057//5057 5056//5056
f 5056//5056 5061//5061 5062//5062
f 5056//5056 5091//5091 5096//5096
f 5096//5096 5095//5095 5056//5056
f 5057//5057 5062//5062 5063//5063
f 5065//5065 5060//5060 5059//5059
f 5059//5059 5064//5064 5065//5065
f 5054//5054 5060//5060 5061//5061
f 5060//5060 5065//5065 5066//5066
f 5066//5066 5062//5062 5061//5061
f 5062//5062 5066//5066 5067//5067
f 5181//5181 5068//5068 5187//5187
f 5187//5187 5068//5068 5188//5188
f 5068//5068 5069//5069 5097//5097
f 5189//5189 5188//5188 5068//5068
f 5097//5097 5189//5189 5068//5068
f 5190//5190 5071//5071 5072//5072
f 5092//5092 5091//5091 5049//5049
f 5087//5087 5080//5080 5046//5046
f 5088//5088 5087//5087 5046//5046
f 5047//5047 5053//5053 5088//5088
f 5056//5056 5049//5049 5048//5048
f 5048//5048 5049//5049 5091//5091
f 5091//5091 5056//5056 5048//5048
f 5057//5057 5050//5050 5049//5049
f 5049//5049 5056//5056 5057//5057
f 5049//5049 5085//5085 5092//5092
f 5030//5030 5034//5034 5035//5035
f 5058//5058 5053//5053 5052//5052
f 5060//5060 5054//5054 5053//5053
f 5053//5053 5054//5054 5094//5094
f 5053//5053 5058//5058 5059//5059
f 5053//5053 5059//5059 5060//5060
f 5093//5093 5088//5088 5053//5053
f 5094//5094 5093//5093 5053//5053
f 5061//5061 5055//5055 5054//5054
f 5054//5054 5055//5055 5095//5095
f 5052//5052 5051//5051 5002//5002
f 5050//5050 5001//5001 4997//4997
f 4997//4997 5040//5040 5044//5044
f 4997//4997 5044//5044 5050//5050
f 5000//5000 5002//5002 5045//5045
f 5045//5045 5041//5041 5000//5000
f 5050//5050 5005//5005 5001//5001
f 5007//5007 5003//5003 5002//5002
f 5002//5002 5003//5003 5052//5052
f 5002//5002 5006//5006 5007//5007
f 5051//5051 5045//5045 5002//5002
f 5001//5001 4998//4998 4997//4997
f 5003//5003 5007//5007 5052//5052
f 5010//5010 5005//5005 5004//5004
f 5004//5004 5005//5005 5057//5057
f 5057//5057 5010//5010 5004//5004
f 5005//5005 5010//5010 5011//5011
f 5005//5005 5050//5050 5057//5057
f 5012//5012 5007//5007 5006//5006
f 5013//5013 5008//5008 5007//5007
f 5007//5007 5008//5008 5059//5059
f 4992//4992 4996//4996 5041//5041
f 4988//4988 5033//5033 5037//5037
f 4989//4989 4991//4991 5034//5034
f 5034//5034 5030//5030 4989//4989
f 5037//5037 4994//4994 4990//4990
f 4995//4995 4992//4992 4991//4991
f 4991//4991 4992//4992 5039//5039
f 5038//5038 5034//5034 4991//4991
f 5039//5039 5038//5038 4991//4991
f 4992//4992 4995//4995 4996//4996
f 5007//5007 5012//5012 5013//5013
f 5041//5041 5039//5039 4992//4992
f 4997//4997 4994//4994 4993//4993
f 4993//4993 4994//4994 5040//5040
f 5040//5040 4997//4997 4993//4993
f 4994//4994 4997//4997 4998//4998
f 4994//4994 5037//5037 5040//5040
f 4999//4999 4996//4996 4995//4995
f 4996//4996 4999//4999 5000//5000
f 4996//4996 5000//5000 5041//5041
f 5027//5027 5022//5022 5021//5021
f 5015//5015 5016//5016 5065//5065
f 5015//5015 5022//5022 5023//5023
f 5023//5023 5017//5017 5016//5016
f 5016//5016 5017//5017 5067//5067
f 5066//5066 5065//5065 5016//5016
f 5067//5067 5066//5066 5016//5016
f 5024//5024 5018//5018 5017//5017
f 5017//5017 5023//5023 5024//5024
f 5017//5017 5062//5062 5067//5067
f 5018//5018 5024//5024 5025//5025
f 5023//5023 5016//5016 5015//5015
f 5021//5021 5026//5026 5027//5027
f 5028//5028 5023//5023 5022//5022
f 5022//5022 5027//5027 5028//5028
f 5028//5028 5024//5024 5023//5023
f 5024//5024 5028//5028 5029//5029
f 5175//5175 5030//5030 5178//5178
f 5179//5179 5033//5033 5177//5177
f 5035//5035 5031//5031 5030//5030
f 5030//5030 5031//5031 5068//5068
f 5010//5010 5018//5018 5019//5019
f 5058//5058 5052//5052 5007//5007
f 5059//5059 5058//5058 5007//5007
f 5008//5008 5013//5013 5014//5014
f 5008//5008 5014//5014 5059//5059
f 5018//5018 5010//5010 5009//5009
f 5009//5009 5010//5010 5062//5062
f 5009//5009 5017//5017 5018//5018
f 5062//5062 5017//5017 5009//5009
f 5019//5019 5011//5011 5010//5010
f 5190//5190 5072//5072 5186//5186
f 5010//5010 5057//5057 5063//5063
f 5063//5063 5062//5062 5010//5010
f 5020//5020 5014//5014 5013//5013
f 5022//5022 5015//5015 5014//5014
f 5014//5014 5015//5015 5065//5065
f 5014//5014 5020//5020 5021//5021
f 5014//5014 5021//5021 5022//5022
f 5064//5064 5059//5059 5014//5014
f 5065//5065 5064//5064 5014//5014
f 5150//5150 5153//5153 5207//5207
f 5178//5178 5180//5180 5207//5207
f 5175//5175 5178//5178 5207//5207
f 5172//5172 5175//5175 5207//5207
f 5170//5170 5172//5172 5207//5207
f 5169//5169 5170//5170 5207//5207
f 5165//5165 5169//5169 5207//5207
f 5162//5162 5165//5165 5207//5207
f 5161//5161 5162//5162 5207//5207
f 5155//5155 5161//5161 5207//5207
f 5153//5153 5155//5155 5207//5207
f 5180//5180 5181//5181 5207//5207
f 5149//5149 5150//5150 5207//5207
f 5146//5146 5149//5149 5207//5207
f 5144//5144 5146//5146 5207//5207
f 5143//5143 5144//5144 5207//5207
f 5142//5142 5143//5143 5207//5207
f 5137//5137 5142//5142 5207//5207
f 5135//5135 5137//5137 5207//5207
f 5134//5134 5135//5135 5207//5207
f 5128//5128 5134//5134 5207//5207
f 5205//5205 5114//5114 5115//5115
f 5103//5103 5108//5108 5109//5109
f 5110//5110 5106//5106 5105//5105
f 5111//5111 5107//5107 5106//5106
f 5106//5106 5110//5110 5111//5111
f 5113//5113 5108//5108 5107//5107
f 5107//5107 5111//5111 5112//5112
f 5107//5107 5112//5112 5113//5113
f 5206//5206 5114//5114 5205//5205
f 5203//5203 5114//5114 5206//5206
f 5126//5126 5128//5128 5207//5207
f 5202//5202 5206//5206 5207//5207
f 5197//5197 5202//5202 5207//5207
f 5194//5194 5197//5197 5207//5207
f 5196//5196 5194//5194 5207//5207
f 5193//5193 5196//5196 5207//5207
f 5189//5189 5193//5193 5207//5207
f 5188//5188 5189//5189 5207//5207
f 5187//5187 5188//5188 5207//5207
f 5181//5181 5187//5187 5207//5207
f 18//18 17//17 7//7
f 52//52 15//15 4//4
f 5//5 6//6 17//17
f 54//54 6//6 5//5
f 17//17 16//16 5//5
f 5//5 16//16 53//53
f 5//5 53//53 54//54
f 6//6 7//7 17//17
f 54//54 7//7 6//6
f 7//7 8//8 19//19
f 56//56 8//8 7//7
f 3//3 51//51 52//52
f 19//19 18//18 7//7
f 7//7 54//54 55//55
f 7//7 55//55 56//56
f 8//8 9//9 19//19
f 57//57 9//9 8//8
f 8//8 56//56 57//57
f 20//20 19//19 9//9
f 1//1 2//2 13//13
f 5184//5184 5183//5183 5207//5207
f 1//1 12//12 49//49
f 5125//5125 5126//5126 5207//5207
f 5117//5117 5125//5125 5207//5207
f 5120//5120 5117//5117 5207//5207
f 5123//5123 5120//5120 5207//5207
f 5121//5121 5123//5123 5207//5207
f 5124//5124 5121//5121 5207//5207
f 5205//5205 5115//5115 5207//5207
f 50//50 2//2 1//1
f 13//13 12//12 1//1
f 5204//5204 5115//5115 5102//5102
f 1//1 49//49 61//61
f 61//61 50//50 1//1
f 2//2 3//3 14//14
f 50//50 3//3 2//2
f 14//14 13//13 2//2
f 3//3 4//4 15//15
f 52//52 4//4 3//3
f 15//15 14//14 3//3
f 3//3 50//50 51//51
f 5081//5081 5082//5082 5111//5111
f 5084//5084 5077//5077 5076//5076
f 5076//5076 5077//5077 5109//5109
f 5108//5108 5084//5084 5076//5076
f 5109//5109 5108//5108 5076//5076
f 5086//5086 5078//5078 5077//5077
f 5077//5077 5084//5084 5085//5085
f 5077//5077 5085//5085 5086//5086
f 5088//5088 5081//5081 5080//5080
f 5080//5080 5087//5087 5088//5088
f 5088//5088 5082//5082 5081//5081
f 5075//5075 5081//5081 5105//5105
f 5110//5110 5105//5105 5081//5081
f 5111//5111 5110//5110 5081//5081
f 5089//5089 5083//5083 5082//5082
f 5082//5082 5083//5083 5112//5112
f 5082//5082 5088//5088 5089//5089
f 5112//5112 5111//5111 5082//5082
f 5090//5090 5084//5084 5083//5083
f 5083//5083 5084//5084 5113//5113
f 5083//5083 5089//5089 5090//5090
f 5071//5071 5192//5192 5103//5103
f 5191//5191 5071//5071 5190//5190
f 5073//5073 5070//5070 5069//5069
f 5069//5069 5070//5070 5098//5098
f 5098//5098 5097//5097 5069//5069
f 5070//5070 5073//5073 5074//5074
f 5070//5070 5074//5074 5098//5098
f 5077//5077 5072//5072 5071//5071
f 5109//5109 5077//5077 5071//5071
f 5071//5071 5191//5191 5192//5192
f 5113//5113 5112//5112 5083//5083
f 5071//5071 5103//5103 5109//5109
f 5072//5072 5077//5077 5078//5078
f 5080//5080 5074//5074 5073//5073
f 5073//5073 5079//5079 5080//5080
f 5080//5080 5075//5075 5074//5074
f 5074//5074 5075//5075 5105//5105
f 5104//5104 5098//5098 5074//5074
f 5105//5105 5104//5104 5074//5074
f 5075//5075 5080//5080 5081//5081
f 5100//5100 5101//5101 5114//5114
f 5198//5198 5102//5102 5103//5103
f 5198//5198 5103//5103 5201//5201
f 5105//5105 5099//5099 5098//5098
f 5098//5098 5104//5104 5105//5105
f 5106//5106 5100//5100 5099//5099
f 5099//5099 5100//5100 5202//5202
f 5099//5099 5202//5202 5197//5197
f 5099//5099 5105//5105 5106//5106
f 5107//5107 5101//5101 5100//5100
f 5201//5201 5103//5103 5192//5192
f 5100//5100 5106//5106 5107//5107
f 5203//5203 5202//5202 5100//5100
f 5114//5114 5203//5203 5100//5100
f 5107//5107 5102//5102 5101//5101
f 5101//5101 5102//5102 5115//5115
f 5115//5115 5114//5114 5101//5101
f 5108//5108 5103//5103 5102//5102
f 5102//5102 5107//5107 5108//5108
f 5102//5102 5200//5200 5204//5204
f 5091//5091 5095//5095 5096//5096
f 5092//5092 5085//5085 5084//5084
f 5084//5084 5090//5090 5091//5091
f 5084//5084 5091//5091 5092//5092
f 5084//5084 5108//5108 5113//5113
f 5093//5093 5089//5089 5088//5088
f 5094//5094 5090//5090 5089//5089
f 5089//5089 5093//5093 5094//5094
f 5095//5095 5091//5091 5090//5090
f 5090//5090 5094//5094 5095//5095
f 5037//5037 4990//4990 4988//4988
f 5189//5189 5097//5097 5193//5193
f 5195//5195 5099//5099 5194//5194
f 5193//5193 5097//5097 5098//5098
f 5193//5193 5098//5098 5196//5196
f 5196//5196 5098//5098 5099//5099
f 5196//5196 5099//5099 5195//5195
f 5194//5194 5099//5099 5197//5197
f 5199//5199 5102//5102 5198//5198
f 5200//5200 5102//5102 5199//5199
f 4867//4867 4869//4869 4951//4951
f 4946//4946 4864//4864 4862//4862
f 4862//4862 4944//4944 4946//4946
f 4863//4863 4865//4865 4949//4949
f 4949//4949 4947//4947 4863//4863
f 4950//4950 4866//4866 4864//4864
f 4864//4864 4946//4946 4948//4948
f 4864//4864 4948//4948 4950//4950
f 4865//4865 4867//4867 4949//4949
f 4954//4954 4868//4868 4866//4866
f 4866//4866 4950//4950 4954//4954
f 4947//4947 4945//4945 4861//4861
f 4951//4951 4949//4949 4867//4867
f 4958//4958 4871//4871 4868//4868
f 4868//4868 4954//4954 4958//4958
f 4873//4873 4870//4870 4869//4869
f 4869//4869 4870//4870 4956//4956
f 4869//4869 4872//4872 4873//4873
f 4955//4955 4951//4951 4869//4869
f 4956//4956 4955//4955 4869//4869
f 4870//4870 4873//4873 4959//4959
f 4856//4856 4859//4859 4943//4943
f 4845//4845 4853//4853 4854//4854
f 4854//4854 4847//4847 4846//4846
f 4847//4847 4854//4854 4855//4855
f 5162//5162 4856//4856 5165//5165
f 5166//5166 4857//4857 4858//4858
f 5166//5166 4858//4858 5164//5164
f 4942//4942 4857//4857 5166//5166
f 5167//5167 4942//4942 5166//5166
f 5168//5168 4942//4942 5167//5167
f 4959//4959 4956//4956 4870//4870
f 5169//5169 5165//5165 4856//4856
f 4941//4941 5169//5169 4856//4856
f 4943//4943 4941//4941 4856//4856
f 4944//4944 4860//4860 4857//4857
f 4857//4857 4942//4942 4944//4944
f 4859//4859 4861//4861 4945//4945
f 4945//4945 4943//4943 4859//4859
f 4944//4944 4862//4862 4860//4860
f 4861//4861 4863//4863 4947//4947
f 4891//4891 4887//4887 4886//4886
f 4882//4882 4886//4886 4887//4887
f 4969//4969 4965//4965 4882//4882
f 4883//4883 4887//4887 4976//4976
f 4976//4976 4969//4969 4883//4883
f 4889//4889 4885//4885 4884//4884
f 4884//4884 4885//4885 4974//4974
f 4884//4884 4888//4888 4889//4889
f 4974//4974 4888//4888 4884//4884
f 4885//4885 4968//4968 4975//4975
f 4975//4975 4974//4974 4885//4885
f 4882//4882 4883//4883 4969//4969
f 4886//4886 4890//4890 4891//4891
f 4887//4887 4891//4891 4976//4976
f 4894//4894 4889//4889 4888//4888
f 4981//4981 4894//4894 4888//4888
f 4888//4888 4974//4974 4981//4981
f 4889//4889 4894//4894 4895//4895
f 4897//4897 4892//4892 4891//4891
f 4891//4891 4892//4892 4982//4982
f 4891//4891 4896//4896 4897//4897
f 4960//4960 4878//4878 4874//4874
f 4957//4957 4875//4875 4871//4871
f 4958//4958 4957//4957 4871//4871
f 4876//4876 4873//4873 4872//4872
f 4873//4873 4876//4876 4877//4877
f 4873//4873 4877//4877 4961//4961
f 4961//4961 4959//4959 4873//4873
f 4879//4879 4875//4875 4874//4874
f 4874//4874 4875//4875 4957//4957
f 4874//4874 4878//4878 4879//4879
f 4854//4854 4846//4846 4845//4845
f 4874//4874 4957//4957 4960//4960
f 4877//4877 4880//4880 4961//4961
f 4964//4964 4881//4881 4878//4878
f 4878//4878 4960//4960 4964//4964
f 4880//4880 4882//4882 4965//4965
f 4965//4965 4961//4961 4880//4880
f 4968//4968 4885//4885 4881//4881
f 4881//4881 4964//4964 4968//4968
f 4887//4887 4883//4883 4882//4882
f 4818//4818 4819//4819 4937//4937
f 4816//4816 4817//4817 4935//4935
f 4816//4816 4827//4827 4828//4828
f 4816//4816 4926//4926 4933//4933
f 4934//4934 4926//4926 4816//4816
f 4935//4935 4934//4934 4816//4816
f 4830//4830 4818//4818 4817//4817
f 4817//4817 4818//4818 4935//4935
f 4817//4817 4828//4828 4829//4829
f 4817//4817 4829//4829 4830//4830
f 4830//4830 4819//4819 4818//4818
f 4828//4828 4817//4817 4816//4816
f 4936//4936 4935//4935 4818//4818
f 4937//4937 4936//4936 4818//4818
f 4832//4832 4820//4820 4819//4819
f 4819//4819 4820//4820 4938//4938
f 4819//4819 4830//4830 4831//4831
f 4819//4819 4831//4831 4832//4832
f 4938//4938 4937//4937 4819//4819
f 4832//4832 4821//4821 4820//4820
f 4820//4820 4821//4821 4938//4938
f 4932//4932 4812//4812 4811//4811
f 4807//4807 4915//4915 4922//4922
f 4808//4808 4811//4811 4812//4812
f 4932//4932 4811//4811 4808//4808
f 4808//4808 4922//4922 4923//4923
f 4808//4808 4923//4923 4932//4932
f 4814//4814 4810//4810 4809//4809
f 4809//4809 4813//4813 4814//4814
f 4810//4810 4814//4814 4924//4924
f 4810//4810 4924//4924 4925//4925
f 4833//4833 4822//4822 4821//4821
f 4932//4932 4823//4823 4812//4812
f 4825//4825 4814//4814 4813//4813
f 4826//4826 4815//4815 4814//4814
f 4814//4814 4815//4815 4924//4924
f 4814//4814 4825//4825 4826//4826
f 4827//4827 4816//4816 4815//4815
f 4815//4815 4816//4816 4933//4933
f 4815//4815 4826//4826 4827//4827
f 4933//4933 4924//4924 4815//4815
f 4847//4847 4836//4836 4835//4835
f 4843//4843 4831//4831 4830//4830
f 4830//4830 4841//4841 4842//4842
f 4830//4830 4842//4842 4843//4843
f 4844//4844 4832//4832 4831//4831
f 4831//4831 4843//4843 4844//4844
f 4844//4844 4833//4833 4832//4832
f 4845//4845 4834//4834 4833//4833
f 4833//4833 4844//4844 4845//4845
f 4846//4846 4835//4835 4834//4834
f 4834//4834 4845//4845 4846//4846
f 4829//4829 4840//4840 4841//4841
f 4835//4835 4846//4846 4847//4847
f 4836//4836 4847//4847 4848//4848
f 4849//4849 4842//4842 4841//4841
f 4850//4850 4843//4843 4842//4842
f 4852//4852 4844//4844 4843//4843
f 4843//4843 4850//4850 4851//4851
f 4843//4843 4851//4851 4852//4852
f 4853//4853 4845//4845 4844//4844
f 4844//4844 4852//4852 4853//4853
f 4823//4823 4835//4835 4836//4836
f 4821//4821 4822//4822 4939//4939
f 4821//4821 4832//4832 4833//4833
f 4939//4939 4938//4938 4821//4821
f 4834//4834 4823//4823 4822//4822
f 4822//4822 4823//4823 4940//4940
f 4822//4822 4833//4833 4834//4834
f 4940//4940 4939//4939 4822//4822
f 4836//4836 4824//4824 4823//4823
f 4823//4823 4834//4834 4835//4835
f 4982//4982 4976//4976 4891//4891
f 4823//4823 4932//4932 4940//4940
f 4837//4837 4826//4826 4825//4825
f 4838//4838 4827//4827 4826//4826
f 4826//4826 4837//4837 4838//4838
f 4840//4840 4828//4828 4827//4827
f 4827//4827 4838//4838 4839//4839
f 4827//4827 4839//4839 4840//4840
f 4840//4840 4829//4829 4828//4828
f 4841//4841 4830//4830 4829//4829
f 4962//4962 4966//4966 5013//5013
f 5006//5006 5002//5002 4956//4956
f 5005//5005 4960//4960 4957//4957
f 4959//4959 4961//4961 5006//5006
f 5011//5011 4964//4964 4960//4960
f 4960//4960 5005//5005 5011//5011
f 4966//4966 4962//4962 4961//4961
f 4961//4961 4962//4962 5013//5013
f 4961//4961 4965//4965 4966//4966
f 5012//5012 5006//5006 4961//4961
f 5013//5013 5012//5012 4961//4961
f 4956//4956 4959//4959 5006//5006
f 4967//4967 4964//4964 4963//4963
f 4963//4963 4964//4964 5019//5019
f 5018//5018 4967//4967 4963//4963
f 5019//5019 5018//5018 4963//4963
f 4964//4964 4967//4967 4968//4968
f 4964//4964 5011//5011 5019//5019
f 4969//4969 4966//4966 4965//4965
f 4966//4966 4969//4969 4970//4970
f 4966//4966 4970//4970 5021//5021
f 5000//5000 4999//4999 4951//4951
f 4947//4947 4949//4949 4995//4995
f 4995//4995 4991//4991 4947//4947
f 4998//4998 4950//4950 4948//4948
f 4948//4948 4994//4994 4998//4998
f 4949//4949 4951//4951 4999//4999
f 4999//4999 4995//4995 4949//4949
f 4998//4998 4954//4954 4950//4950
f 4955//4955 4952//4952 4951//4951
f 4951//4951 4952//4952 5000//5000
f 5020//5020 5013//5013 4966//4966
f 4952//4952 4955//4955 4956//4956
f 4952//4952 4956//4956 5002//5002
f 5002//5002 5000//5000 4952//4952
f 4957//4957 4954//4954 4953//4953
f 4953//4953 4954//4954 4998//4998
f 5005//5005 4957//4957 4953//4953
f 4953//4953 4998//4998 5001//5001
f 4953//4953 5001//5001 5005//5005
f 4954//4954 4957//4957 4958//4958
f 4979//4979 4983//4983 4984//4984
f 4973//4973 4980//4980 4981//4981
f 4973//4973 5024//5024 5029//5029
f 5029//5029 5028//5028 4973//4973
f 4982//4982 4977//4977 4976//4976
f 4983//4983 4978//4978 4977//4977
f 4977//4977 4982//4982 4983//4983
f 4983//4983 4979//4979 4978//4978
f 4978//4978 4979//4979 5028//5028
f 5028//5028 5027//5027 4978//4978
f 4985//4985 4980//4980 4979//4979
f 4973//4973 4979//4979 4980//4980
f 4979//4979 4984//4984 4985//4985
f 4986//4986 4984//4984 4983//4983
f 5172//5172 4987//4987 5030//5030
f 5172//5172 5030//5030 5174//5174
f 5174//5174 5030//5030 5175//5175
f 5033//5033 4988//4988 5173//5173
f 5176//5176 5033//5033 5173//5173
f 5177//5177 5033//5033 5176//5176
f 4987//4987 4989//4989 5030//5030
f 4977//4977 4971//4971 4970//4970
f 5021//5021 5020//5020 4966//4966
f 4974//4974 4968//4968 4967//4967
f 4967//4967 4973//4973 4974//4974
f 5024//5024 4973//4973 4967//4967
f 4967//4967 5018//5018 5025//5025
f 5025//5025 5024//5024 4967//4967
f 4968//4968 4974//4974 4975//4975
f 4977//4977 4970//4970 4969//4969
f 4969//4969 4976//4976 4977//4977
f 4946//4946 4990//4990 4994//4994
f 4970//4970 4971//4971 5026//5026
f 5026//5026 5021//5021 4970//4970
f 4971//4971 4977//4977 4978//4978
f 4971//4971 4978//4978 5027//5027
f 5027//5027 5026//5026 4971//4971
f 4979//4979 4973//4973 4972//4972
f 4972//4972 4973//4973 5028//5028
f 5028//5028 4979//4979 4972//4972
f 4981//4981 4974//4974 4973//4973
f 4911//4911 4918//4918 4919//4919
f 4899//4899 4984//4984 4986//4986
f 4907//4907 4901//4901 4900//4900
f 4900//4900 4905//4905 4906//4906
f 4900//4900 4906//4906 4907//4907
f 4908//4908 4904//4904 4903//4903
f 4909//4909 4905//4905 4904//4904
f 4904//4904 4908//4908 4909//4909
f 4918//4918 4911//4911 4910//4910
f 4910//4910 4917//4917 4918//4918
f 4919//4919 4912//4912 4911//4911
f 4899//4899 4904//4904 4905//4905
f 4920//4920 4913//4913 4912//4912
f 4912//4912 4919//4919 4920//4920
f 4921//4921 4914//4914 4913//4913
f 4913//4913 4920//4920 4921//4921
f 4922//4922 4915//4915 4914//4914
f 4914//4914 4921//4921 4922//4922
f 4926//4926 4917//4917 4916//4916
f 4916//4916 4925//4925 4926//4926
f 4926//4926 4918//4918 4917//4917
f 4903//4903 4897//4897 4896//4896
f 4892//4892 4897//4897 4983//4983
f 4983//4983 4982//4982 4892//4892
f 4901//4901 4894//4894 4893//4893
f 4893//4893 4894//4894 4985//4985
f 4893//4893 4900//4900 4901//4901
f 4984//4984 4900//4900 4893//4893
f 4985//4985 4984//4984 4893//4893
f 4981//4981 4980//4980 4894//4894
f 4894//4894 4980//4980 4985//4985
f 4928//4928 4919//4919 4918//4918
f 4896//4896 4902//4902 4903//4903
f 4904//4904 4898//4898 4897//4897
f 4897//4897 4898//4898 4983//4983
f 4897//4897 4903//4903 4904//4904
f 4904//4904 4899//4899 4898//4898
f 4898//4898 4899//4899 4986//4986
f 4986//4986 4983//4983 4898//4898
f 4905//4905 4900//4900 4899//4899
f 4899//4899 4900//4900 4984//4984
f 4988//4988 4944//4944 4942//4942
f 4930//4930 4937//4937 4938//4938
f 4940//4940 4932//4932 4931//4931
f 4931//4931 4938//4938 4939//4939
f 4931//4931 4939//4939 4940//4940
f 5169//5169 4941//4941 5170//5170
f 5171//5171 4942//4942 5168//5168
f 4941//4941 4943//4943 4987//4987
f 5172//5172 5170//5170 4941//4941
f 4987//4987 5172//5172 4941//4941
f 4938//4938 4931//4931 4930//4930
f 4942//4942 5171//5171 5173//5173
f 4942//4942 5173//5173 4988//4988
f 4943//4943 4945//4945 4987//4987
f 4988//4988 4946//4946 4944//4944
f 4945//4945 4947//4947 4991//4991
f 4989//4989 4987//4987 4945//4945
f 4991//4991 4989//4989 4945//4945
f 4994//4994 4948//4948 4946//4946
f 4946//4946 4988//4988 4990//4990
f 4923//4923 4931//4931 4932//4932
f 4918//4918 4926//4926 4927//4927
f 4918//4918 4927//4927 4928//4928
f 4929//4929 4920//4920 4919//4919
f 4919//4919 4928//4928 4929//4929
f 4929//4929 4921//4921 4920//4920
f 4931//4931 4922//4922 4921//4921
f 4921//4921 4929//4929 4930//4930
f 4921//4921 4930//4930 4931//4931
f 4931//4931 4923//4923 4922//4922
f 4612//4612 4610//4610 4471//4471
f 4933//4933 4925//4925 4924//4924
f 4933//4933 4926//4926 4925//4925
f 4934//4934 4927//4927 4926//4926
f 4935//4935 4928//4928 4927//4927
f 4927//4927 4934//4934 4935//4935
f 4937//4937 4929//4929 4928//4928
f 4928//4928 4935//4935 4936//4936
f 4928//4928 4936//4936 4937//4937
f 4937//4937 4930//4930 4929//4929
f 4190//4190 4186//4186 4036//4036
f 4033//4033 4034//4034 4038//4038
f 4039//4039 4038//4038 4034//4034
f 4188//4188 4039//4039 4034//4034
f 4034//4034 5132//5132 5133//5133
f 4034//4034 5133//5133 4188//4188
f 4035//4035 4036//4036 4040//4040
f 4190//4190 4036//4036 4035//4035
f 4035//4035 4040//4040 4193//4193
f 4193//4193 4190//4190 4035//4035
f 4041//4041 4040//4040 4036//4036
f 4029//4029 4186//4186 4187//4187
f 4192//4192 4042//4042 4039//4039
f 4039//4039 4188//4188 4191//4191
f 4039//4039 4191//4191 4192//4192
f 4040//4040 4041//4041 4045//4045
f 4045//4045 4044//4044 4040//4040
f 4040//4040 4044//4044 4193//4193
f 4042//4042 4043//4043 4047//4047
f 4194//4194 4043//4043 4042//4042
f 4047//4047 4046//4046 4042//4042
f 4028//4028 5124//5124 5129//5129
f 5118//5118 4025//4025 4030//4030
f 5118//5118 4030//4030 5125//5125
f 4030//4030 4029//4029 5126//5126
f 5125//5125 4030//4030 5126//5126
f 5126//5126 4029//4029 4187//4187
f 5126//5126 4187//4187 5127//5127
f 5127//5127 4187//4187 5128//5128
f 4025//4025 4026//4026 4031//4031
f 4031//4031 4030//4030 4025//4025
f 4042//4042 4192//4192 4194//4194
f 4028//4028 5129//5129 4033//4033
f 4033//4033 4032//4032 4028//4028
f 5130//5130 4033//4033 5129//5129
f 4034//4034 4033//4033 5130//5130
f 5131//5131 4034//4034 5130//5130
f 5132//5132 4034//4034 5131//5131
f 4029//4029 4030//4030 4037//4037
f 4037//4037 4036//4036 4029//4029
f 4029//4029 4036//4036 4186//4186
f 4059//4059 4212//4212 4214//4214
f 4055//4055 4203//4203 4206//4206
f 4055//4055 4206//4206 4209//4209
f 4056//4056 4058//4058 4211//4211
f 4208//4208 4205//4205 4056//4056
f 4211//4211 4208//4208 4056//4056
f 4209//4209 4059//4059 4057//4057
f 4058//4058 4061//4061 4210//4210
f 4058//4058 4210//4210 4211//4211
f 4214//4214 4062//4062 4059//4059
f 4059//4059 4209//4209 4212//4212
f 4209//4209 4057//4057 4055//4055
f 4060//4060 4061//4061 4063//4063
f 4213//4213 4061//4061 4060//4060
f 4060//4060 4063//4063 4215//4215
f 4215//4215 4213//4213 4060//4060
f 4064//4064 4063//4063 4061//4061
f 4213//4213 4210//4210 4061//4061
f 4216//4216 4065//4065 4062//4062
f 4062//4062 4214//4214 4216//4216
f 4063//4063 4064//4064 4066//4066
f 4049//4049 4050//4050 4053//4053
f 4194//4194 4047//4047 4043//4043
f 4044//4044 4048//4048 4199//4199
f 4196//4196 4193//4193 4044//4044
f 4199//4199 4196//4196 4044//4044
f 4046//4046 4047//4047 4050//4050
f 4050//4050 4049//4049 4046//4046
f 4197//4197 4050//4050 4047//4047
f 4047//4047 4194//4194 4197//4197
f 4048//4048 4051//4051 4199//4199
f 5124//5124 4028//4028 5121//5121
f 4053//4053 4052//4052 4049//4049
f 4203//4203 4053//4053 4050//4050
f 4050//4050 4197//4197 4200//4200
f 4050//4050 4200//4200 4203//4203
f 4051//4051 4054//4054 4205//4205
f 4202//4202 4199//4199 4051//4051
f 4205//4205 4202//4202 4051//4051
f 4203//4203 4055//4055 4053//4053
f 4054//4054 4056//4056 4205//4205
f 4163//4163 4007//4007 4003//4003
f 3998//3998 4155//4155 4157//4157
f 3998//3998 4157//4157 4160//4160
f 3999//3999 4000//4000 4158//4158
f 4000//4000 4002//4002 4162//4162
f 4159//4159 4158//4158 4000//4000
f 4162//4162 4159//4159 4000//4000
f 4163//4163 4003//4003 4001//4001
f 4001//4001 4160//4160 4163//4163
f 4002//4002 4004//4004 4164//4164
f 4164//4164 4162//4162 4002//4002
f 4160//4160 4001//4001 3998//3998
f 4004//4004 4005//4005 4008//4008
f 4004//4004 4008//4008 4167//4167
f 4167//4167 4164//4164 4004//4004
f 4006//4006 4007//4007 4166//4166
f 4165//4165 4011//4011 4006//4006
f 4166//4166 4165//4165 4006//4006
f 4007//4007 4163//4163 4166//4166
f 4008//4008 4009//4009 4013//4013
f 4013//4013 4012//4012 4008//4008
f 3992//3992 4152//4152 4155//4155
f 3987//3987 4147//4147 4148//4148
f 4149//4149 3991//3991 3989//3989
f 3990//3990 3994//3994 4151//4151
f 3991//3991 3992//3992 3996//3996
f 4152//4152 3992//3992 3991//3991
f 3996//3996 3995//3995 3991//3991
f 3991//3991 4149//4149 4150//4150
f 3991//3991 4150//4150 4152//4152
f 4155//4155 3996//3996 3992//3992
f 4008//4008 4012//4012 4170//4170
f 3993//3993 3994//3994 3997//3997
f 4153//4153 3994//3994 3993//3993
f 3993//3993 3997//3997 4156//4156
f 4156//4156 4153//4153 3993//3993
f 4154//4154 4151//4151 3994//3994
f 3994//3994 4153//4153 4154//4154
f 4155//4155 3998//3998 3996//3996
f 3997//3997 3999//3999 4158//4158
f 4158//4158 4156//4156 3997//3997
f 5116//5116 4025//4025 5117//5117
f 4019//4019 4020//4020 4178//4178
f 4178//4178 4177//4177 4019//4019
f 4020//4020 4021//4021 4179//4179
f 4179//4179 4178//4178 4020//4020
f 4021//4021 4022//4022 4180//4180
f 4180//4180 4179//4179 4021//4021
f 4022//4022 4023//4023 4180//4180
f 4023//4023 4024//4024 4181//4181
f 4181//4181 4180//4180 4023//4023
f 4182//4182 4181//4181 4024//4024
f 4174//4174 4173//4173 4018//4018
f 5117//5117 4025//4025 5118//5118
f 5119//5119 4026//4026 5120//5120
f 4026//4026 4025//4025 5116//5116
f 5120//5120 4026//4026 5116//5116
f 5121//5121 4028//4028 5122//5122
f 4027//4027 4026//4026 5119//5119
f 5123//5123 4027//4027 5119//5119
f 4028//4028 4027//4027 5123//5123
f 5122//5122 4028//4028 5123//5123
f 4020//4020 4019//4019 4014//4014
f 4168//4168 4167//4167 4008//4008
f 4170//4170 4168//4168 4008//4008
f 4010//4010 4011//4011 4169//4169
f 4169//4169 4018//4018 4010//4010
f 4011//4011 4165//4165 4169//4169
f 4012//4012 4013//4013 4170//4170
f 4013//4013 4014//4014 4171//4171
f 4171//4171 4170//4170 4013//4013
f 4014//4014 4015//4015 4020//4020
f 4063//4063 4066//4066 4217//4217
f 4014//4014 4019//4019 4177//4177
f 4172//4172 4171//4171 4014//4014
f 4177//4177 4172//4172 4014//4014
f 4016//4016 4017//4017 4023//4023
f 4017//4017 4018//4018 4173//4173
f 4024//4024 4023//4023 4017//4017
f 4182//4182 4024//4024 4017//4017
f 4017//4017 4173//4173 4182//4182
f 4018//4018 4169//4169 4174//4174
f 4116//4116 4117//4117 4272//4272
f 4120//4120 4114//4114 4113//4113
f 4113//4113 4119//4119 4120//4120
f 4121//4121 4115//4115 4114//4114
f 4114//4114 4115//4115 4271//4271
f 4114//4114 4120//4120 4121//4121
f 4270//4270 4265//4265 4114//4114
f 4271//4271 4270//4270 4114//4114
f 4121//4121 4116//4116 4115//4115
f 4115//4115 4116//4116 4271//4271
f 4123//4123 4117//4117 4116//4116
f 4269//4269 4268//4268 4112//4112
f 4116//4116 4121//4121 4122//4122
f 4116//4116 4122//4122 4123//4123
f 4272//4272 4271//4271 4116//4116
f 4123//4123 4118//4118 4117//4117
f 4117//4117 4268//4268 4273//4273
f 4273//4273 4272//4272 4117//4117
f 4118//4118 4123//4123 4124//4124
f 4126//4126 4121//4121 4120//4120
f 4120//4120 4125//4125 4126//4126
f 4107//4107 4264//4264 4269//4269
f 4258//4258 4107//4107 4103//4103
f 4103//4103 4253//4253 4258//4258
f 4104//4104 4107//4107 4108//4108
f 4106//4106 4109//4109 4260//4260
f 4259//4259 4255//4255 4106//4106
f 4260//4260 4259//4259 4106//4106
f 4112//4112 4108//4108 4107//4107
f 4269//4269 4112//4112 4107//4107
f 4107//4107 4258//4258 4264//4264
f 4126//4126 4122//4122 4121//4121
f 4113//4113 4110//4110 4109//4109
f 4109//4109 4110//4110 4265//4265
f 4265//4265 4260//4260 4109//4109
f 4110//4110 4113//4113 4114//4114
f 4110//4110 4114//4114 4265//4265
f 4118//4118 4112//4112 4111//4111
f 4111//4111 4112//4112 4268//4268
f 4111//4111 4117//4117 4118//4118
f 4268//4268 4117//4117 4111//4111
f 4284//4284 4145//4145 4141//4141
f 4135//4135 4143//4143 4285//4285
f 4286//4286 4279//4279 4135//4135
f 4135//4135 4285//4285 4286//4286
f 4280//4280 4274//4274 4136//4136
f 4136//4136 4279//4279 4280//4280
f 4140//4140 4141//4141 4144//4144
f 4284//4284 4141//4141 4140//4140
f 4140//4140 4278//4278 4283//4283
f 4140//4140 4283//4283 4284//4284
f 4145//4145 4144//4144 4141//4141
f 4279//4279 4136//4136 4135//4135
f 4285//4285 4143//4143 4142//4142
f 4142//4142 4148//4148 4290//4290
f 4290//4290 4285//4285 4142//4142
f 4288//4288 4146//4146 4145//4145
f 4145//4145 4284//4284 4287//4287
f 4145//4145 4287//4287 4288//4288
f 4291//4291 4149//4149 4146//4146
f 4146//4146 4288//4288 4291//4291
f 4290//4290 4148//4148 4147//4147
f 4275//4275 4132//4132 4131//4131
f 4128//4128 4123//4123 4122//4122
f 4122//4122 4126//4126 4127//4127
f 4122//4122 4127//4127 4128//4128
f 4129//4129 4127//4127 4126//4126
f 4130//4130 4131//4131 4136//4136
f 4275//4275 4131//4131 4130//4130
f 4130//4130 4136//4136 4274//4274
f 4130//4130 4274//4274 4275//4275
f 4131//4131 4132//4132 4138//4138
f 4107//4107 4104//4104 4103//4103
f 4137//4137 4136//4136 4131//4131
f 4138//4138 4137//4137 4131//4131
f 4276//4276 4133//4133 4132//4132
f 4132//4132 4275//4275 4276//4276
f 4277//4277 4134//4134 4133//4133
f 4133//4133 4276//4276 4277//4277
f 4140//4140 4139//4139 4134//4134
f 4278//4278 4140//4140 4134//4134
f 4134//4134 4277//4277 4278//4278
f 4079//4079 4225//4225 4227//4227
f 4074//4074 4222//4222 4225//4225
f 4075//4075 4076//4076 4223//4223
f 4223//4223 4221//4221 4075//4075
f 4076//4076 4078//4078 4226//4226
f 4224//4224 4223//4223 4076//4076
f 4226//4226 4224//4224 4076//4076
f 4225//4225 4079//4079 4077//4077
f 4078//4078 4080//4080 4228//4228
f 4228//4228 4226//4226 4078//4078
f 4229//4229 4081//4081 4079//4079
f 4074//4074 4220//4220 4222//4222
f 4079//4079 4227//4227 4229//4229
f 4080//4080 4082//4082 4230//4230
f 4230//4230 4228//4228 4080//4080
f 4232//4232 4083//4083 4081//4081
f 4081//4081 4229//4229 4232//4232
f 4082//4082 4084//4084 4230//4230
f 4232//4232 4085//4085 4083//4083
f 4084//4084 4086//4086 4233//4233
f 4233//4233 4230//4230 4084//4084
f 4068//4068 4218//4218 4220//4220
f 4217//4217 4215//4215 4063//4063
f 4067//4067 4066//4066 4064//4064
f 4218//4218 4068//4068 4065//4065
f 4065//4065 4216//4216 4218//4218
f 4066//4066 4067//4067 4069//4069
f 4066//4066 4069//4069 4219//4219
f 4219//4219 4217//4217 4066//4066
f 4070//4070 4069//4069 4067//4067
f 4220//4220 4071//4071 4068//4068
f 4234//4234 4088//4088 4085//4085
f 4069//4069 4070//4070 4073//4073
f 4069//4069 4073//4073 4219//4219
f 4220//4220 4074//4074 4071//4071
f 4072//4072 4073//4073 4075//4075
f 4219//4219 4073//4073 4072//4072
f 4072//4072 4075//4075 4221//4221
f 4221//4221 4219//4219 4072//4072
f 4076//4076 4075//4075 4073//4073
f 4225//4225 4077//4077 4074//4074
f 4251//4251 4250//4250 4098//4098
f 4095//4095 4241//4241 4245//4245
f 4096//4096 4098//4098 4250//4250
f 4246//4246 4242//4242 4096//4096
f 4250//4250 4246//4246 4096//4096
f 4249//4249 4100//4100 4097//4097
f 4097//4097 4245//4245 4249//4249
f 4102//4102 4099//4099 4098//4098
f 4098//4098 4099//4099 4251//4251
f 4098//4098 4101//4101 4102//4102
f 4245//4245 4097//4097 4095//4095
f 4099//4099 4102//4102 4251//4251
f 4100//4100 4103//4103 4104//4104
f 4253//4253 4103//4103 4100//4100
f 4100//4100 4249//4249 4254//4254
f 4254//4254 4253//4253 4100//4100
f 4106//4106 4102//4102 4101//4101
f 4101//4101 4105//4105 4106//4106
f 4102//4102 4106//4106 4255//4255
f 4255//4255 4251//4251 4102//4102
f 4088//4088 4090//4090 4091//4091
f 4085//4085 4232//4232 4235//4235
f 4235//4235 4234//4234 4085//4085
f 4086//4086 4089//4089 4238//4238
f 4236//4236 4233//4233 4086//4086
f 4238//4238 4236//4236 4086//4086
f 4090//4090 4088//4088 4087//4087
f 4087//4087 4088//4088 4234//4234
f 4237//4237 4090//4090 4087//4087
f 4087//4087 4234//4234 4237//4237
f 4151//4151 4147//4147 3986//3986
f 4089//4089 4092//4092 4238//4238
f 4239//4239 4093//4093 4090//4090
f 4090//4090 4237//4237 4239//4239
f 4092//4092 4094//4094 4242//4242
f 4240//4240 4238//4238 4092//4092
f 4242//4242 4240//4240 4092//4092
f 4241//4241 4095//4095 4093//4093
f 4093//4093 4239//4239 4241//4241
f 4094//4094 4096//4096 4242//4242
f 3885//3885 3884//3884 3879//3879
f 3879//3879 3878//3878 3873//3873
f 3880//3880 3879//3879 3873//3873
f 3873//3873 4039//4039 4042//4042
f 4042//4042 3880//3880 3874//3874
f 3875//3875 3876//3876 3882//3882
f 3875//3875 3882//3882 4044//4044
f 4045//4045 4041//4041 3875//3875
f 3875//3875 4044//4044 4045//4045
f 3883//3883 3882//3882 3876//3876
f 3879//3879 3880//3880 3885//3885
f 4042//4042 3874//3874 3873//3873
f 4049//4049 3885//3885 3880//3880
f 3880//3880 4042//4042 4046//4046
f 3880//3880 4046//4046 4049//4049
f 3881//3881 3882//3882 3887//3887
f 4048//4048 3882//3882 3881//3881
f 3887//3887 3886//3886 3881//3881
f 3881//3881 3886//3886 4048//4048
f 4048//4048 4044//4044 3882//3882
f 4049//4049 3888//3888 3885//3885
f 4039//4039 3873//3873 3867//3867
f 3870//3870 3869//3869 3863//3863
f 4037//4037 4030//4030 3863//3863
f 3863//3863 4036//4036 4037//4037
f 3864//3864 3865//3865 3870//3870
f 3865//3865 3866//3866 3872//3872
f 3871//3871 3870//3870 3865//3865
f 3872//3872 3871//3871 3865//3865
f 3866//3866 3867//3867 3872//3872
f 3873//3873 3872//3872 3867//3867
f 3886//3886 3887//3887 3890//3890
f 3867//3867 4038//4038 4039//4039
f 3868//3868 3869//3869 3875//3875
f 3868//3868 3875//3875 4041//4041
f 4041//4041 4036//4036 3868//3868
f 3869//3869 3870//3870 3877//3877
f 3876//3876 3875//3875 3869//3869
f 3877//3877 3876//3876 3869//3869
f 3872//3872 3873//3873 3878//3878
f 3873//3873 3874//3874 3880//3880
f 4062//4062 3903//3903 3901//3901
f 3899//3899 3898//3898 3895//3895
f 4057//4057 3899//3899 3896//3896
f 3897//3897 3900//3900 4058//4058
f 4058//4058 4056//4056 3897//3897
f 4062//4062 3901//3901 3899//3899
f 3899//3899 4057//4057 4059//4059
f 3899//3899 4059//4059 4062//4062
f 3900//3900 3902//3902 4064//4064
f 4061//4061 4058//4058 3900//3900
f 4064//4064 4061//4061 3900//3900
f 3895//3895 3896//3896 3899//3899
f 3902//3902 3904//3904 4067//4067
f 4067//4067 4064//4064 3902//3902
f 4068//4068 3905//3905 3903//3903
f 3903//3903 4062//4062 4065//4065
f 3903//3903 4065//4065 4068//4068
f 3904//3904 3906//3906 4067//4067
f 4071//4071 3907//3907 3905//3905
f 3905//3905 4068//4068 4071//4071
f 3906//3906 3908//3908 4073//4073
f 3889//3889 4053//4053 4055//4055
f 3886//3886 3890//3890 4051//4051
f 4051//4051 4048//4048 3886//3886
f 3891//3891 3890//3890 3887//3887
f 3888//3888 3889//3889 3893//3893
f 4053//4053 3889//3889 3888//3888
f 3893//3893 3892//3892 3888//3888
f 3888//3888 4049//4049 4052//4052
f 3888//3888 4052//4052 4053//4053
f 4055//4055 3893//3893 3889//3889
f 3863//3863 3864//3864 3870//3870
f 3890//3890 3891//3891 3894//3894
f 3890//3890 3894//3894 4054//4054
f 4054//4054 4051//4051 3890//3890
f 3892//3892 3893//3893 3895//3895
f 3896//3896 3895//3895 3893//3893
f 4057//4057 3896//3896 3893//3893
f 3893//3893 4055//4055 4057//4057
f 3894//3894 3897//3897 4056//4056
f 4056//4056 4054//4054 3894//3894
f 3844//3844 3845//3845 3850//3850
f 3840//3840 3841//3841 4010//4010
f 3849//3849 3848//3848 3840//3840
f 4018//4018 3849//3849 3840//3840
f 3840//3840 4010//4010 4018//4018
f 3841//3841 4006//4006 4011//4011
f 4011//4011 4010//4010 3841//3841
f 3842//3842 3843//3843 4014//4014
f 4014//4014 4013//4013 3842//3842
f 3843//3843 3844//3844 4015//4015
f 4015//4015 4014//4014 3843//3843
f 3839//3839 3840//3840 3848//3848
f 3844//3844 3850//3850 4015//4015
f 3845//3845 3846//3846 3851//3851
f 3851//3851 3850//3850 3845//3845
f 3846//3846 3847//3847 3852//3852
f 3852//3852 3851//3851 3846//3846
f 3847//3847 3848//3848 4016//4016
f 3853//3853 3852//3852 3847//3847
f 4016//4016 3853//3853 3847//3847
f 3848//3848 3849//3849 4017//4017
f 4005//4005 4004//4004 3835//3835
f 4003//4003 3833//3833 3830//3830
f 3830//3830 4001//4001 4003//4003
f 3831//3831 3834//3834 4002//4002
f 4002//4002 4000//4000 3831//3831
f 3832//3832 3833//3833 3836//3836
f 4003//4003 3836//3836 3833//3833
f 3834//3834 3835//3835 4004//4004
f 4004//4004 4002//4002 3834//3834
f 3835//3835 3837//3837 4008//4008
f 4017//4017 4016//4016 3848//3848
f 4008//4008 4005//4005 3835//3835
f 4006//4006 3841//3841 3836//3836
f 3836//3836 4003//4003 4007//4007
f 4007//4007 4006//4006 3836//3836
f 3837//3837 3838//3838 4008//4008
f 3843//3843 3842//3842 3838//3838
f 3838//3838 3842//3842 4013//4013
f 4009//4009 4008//4008 3838//3838
f 4013//4013 4009//4009 3838//3838
f 3866//3866 3865//3865 3860//3860
f 4030//4030 3858//3858 3857//3857
f 3864//3864 3863//3863 3857//3857
f 3857//3857 3863//3863 4030//4030
f 3858//3858 3859//3859 3865//3865
f 3865//3865 3864//3864 3858//3858
f 4031//4031 4026//4026 3858//3858
f 3858//3858 4030//4030 4031//4031
f 3859//3859 3860//3860 3865//3865
f 3860//3860 3861//3861 3867//3867
f 4033//4033 3861//3861 3860//3860
f 3857//3857 3858//3858 3864//3864
f 3867//3867 3866//3866 3860//3860
f 3860//3860 4028//4028 4032//4032
f 3860//3860 4032//4032 4033//4033
f 4038//4038 3867//3867 3861//3861
f 3861//3861 4033//4033 4038//4038
f 3862//3862 3863//3863 3869//3869
f 4036//4036 3863//3863 3862//3862
f 3869//3869 3868//3868 3862//3862
f 3862//3862 3868//3868 4036//4036
f 3854//3854 3855//3855 3858//3858
f 4018//4018 4017//4017 3849//3849
f 3850//3850 3851//3851 4020//4020
f 4020//4020 4015//4015 3850//3850
f 3851//3851 3852//3852 4021//4021
f 4021//4021 4020//4020 3851//3851
f 3852//3852 3853//3853 4022//4022
f 4022//4022 4021//4021 3852//3852
f 3853//3853 4016//4016 4023//4023
f 4023//4023 4022//4022 3853//3853
f 4070//4070 4067//4067 3906//3906
f 4027//4027 3855//3855 3854//3854
f 3854//3854 3858//3858 4026//4026
f 3854//3854 4026//4026 4027//4027
f 3855//3855 3856//3856 3860//3860
f 4028//4028 3856//3856 3855//3855
f 3859//3859 3858//3858 3855//3855
f 3860//3860 3859//3859 3855//3855
f 3855//3855 4027//4027 4028//4028
f 4028//4028 3860//3860 3856//3856
f 3959//3959 3964//3964 3965//3965
f 3954//3954 3955//3955 4128//4128
f 3954//3954 3960//3960 3961//3961
f 4127//4127 3960//3960 3954//3954
f 4128//4128 4127//4127 3954//3954
f 3961//3961 3956//3956 3955//3955
f 3956//3956 3961//3961 3962//3962
f 3964//3964 3959//3959 3958//3958
f 3958//3958 3963//3963 3964//3964
f 3965//3965 3960//3960 3959//3959
f 3959//3959 3960//3960 4129//4129
f 3961//3961 3955//3955 3954//3954
f 4129//4129 4126//4126 3959//3959
f 3966//3966 3961//3961 3960//3960
f 3960//3960 3965//3965 3966//3966
f 3960//3960 4127//4127 4129//4129
f 3966//3966 3962//3962 3961//3961
f 3962//3962 3966//3966 3967//3967
f 3968//3968 3964//3964 3963//3963
f 3969//3969 3965//3965 3964//3964
f 3964//3964 3968//3968 3969//3969
f 3949//3949 4118//4118 4124//4124
f 4119//4119 4113//4113 3946//3946
f 4120//4120 4119//4119 3946//3946
f 3947//3947 3951//3951 3952//3952
f 3947//3947 3952//3952 4120//4120
f 3955//3955 3949//3949 3948//3948
f 3948//3948 3949//3949 4123//4123
f 4128//4128 3955//3955 3948//3948
f 3948//3948 4123//4123 4128//4128
f 3949//3949 3955//3955 3956//3956
f 3969//3969 3966//3966 3965//3965
f 4124//4124 4123//4123 3949//3949
f 3957//3957 3952//3952 3951//3951
f 3958//3958 3953//3953 3952//3952
f 3952//3952 3953//3953 4125//4125
f 3952//3952 3957//3957 3958//3958
f 4125//4125 4120//4120 3952//3952
f 3953//3953 3958//3958 3959//3959
f 3953//3953 3959//3959 4126//4126
f 4126//4126 4125//4125 3953//3953
f 3983//3983 4144//4144 4145//4145
f 3978//3978 4134//4134 4139//4139
f 4140//4140 3983//3983 3979//3979
f 3979//3979 4139//4139 4140//4140
f 4142//4142 3981//3981 3980//3980
f 3980//3980 3987//3987 4148//4148
f 4148//4148 4142//4142 3980//3980
f 4143//4143 4135//4135 3981//3981
f 3981//3981 4142//4142 4143//4143
f 4145//4145 3984//3984 3983//3983
f 3983//3983 4140//4140 4144//4144
f 4139//4139 3979//3979 3978//3978
f 3984//3984 3985//3985 3989//3989
f 4146//4146 3985//3985 3984//3984
f 3989//3989 3988//3988 3984//3984
f 3984//3984 4145//4145 4146//4146
f 4149//4149 3989//3989 3985//3985
f 3985//3985 4146//4146 4149//4149
f 3986//3986 3987//3987 3990//3990
f 4147//4147 3987//3987 3986//3986
f 3986//3986 3990//3990 4151//4151
f 3973//3973 3981//3981 4135//4135
f 3966//3966 3969//3969 3970//3970
f 3971//3971 3972//3972 3977//3977
f 4134//4134 3972//3972 3971//3971
f 3971//3971 3977//3977 4133//4133
f 3971//3971 4133//4133 4134//4134
f 3978//3978 3977//3977 3972//3972
f 4134//4134 3978//3978 3972//3972
f 3973//3973 3974//3974 3981//3981
f 4135//4135 3974//3974 3973//3973
f 3946//3946 3947//3947 4120//4120
f 4136//4136 3975//3975 3974//3974
f 3982//3982 3981//3981 3974//3974
f 3974//3974 4135//4135 4136//4136
f 4138//4138 3976//3976 3975//3975
f 3975//3975 4136//4136 4137//4137
f 3975//3975 4137//4137 4138//4138
f 4132//4132 3977//3977 3976//3976
f 4138//4138 4132//4132 3976//3976
f 3977//3977 4132//4132 4133//4133
f 3922//3922 3924//3924 4089//4089
f 4083//4083 3919//3919 3917//3917
f 3917//3917 4081//4081 4083//4083
f 3918//3918 3920//3920 4084//4084
f 4088//4088 3921//3921 3919//3919
f 3919//3919 4083//4083 4085//4085
f 3919//3919 4085//4085 4088//4088
f 3920//3920 3922//3922 4089//4089
f 4086//4086 4084//4084 3920//3920
f 4089//4089 4086//4086 3920//3920
f 4088//4088 3923//3923 3921//3921
f 4084//4084 4082//4082 3916//3916
f 4093//4093 3926//3926 3923//3923
f 3923//3923 4088//4088 4091//4091
f 4091//4091 4090//4090 3923//3923
f 3923//3923 4090//4090 4093//4093
f 3924//3924 3927//3927 4094//4094
f 4092//4092 4089//4089 3924//3924
f 4094//4094 4092//4092 3924//3924
f 3929//3929 3926//3926 3925//3925
f 3925//3925 3926//3926 4093//4093
f 4077//4077 3913//3913 3911//3911
f 4073//4073 4070//4070 3906//3906
f 4074//4074 3909//3909 3907//3907
f 3907//3907 4071//4071 4074//4074
f 3908//3908 3910//3910 4076//4076
f 4076//4076 4073//4073 3908//3908
f 4077//4077 3911//3911 3909//3909
f 3909//3909 4074//4074 4077//4077
f 3910//3910 3912//3912 4078//4078
f 4078//4078 4076//4076 3910//3910
f 3925//3925 3928//3928 3929//3929
f 3912//3912 3914//3914 4080//4080
f 4080//4080 4078//4078 3912//3912
f 4081//4081 3915//3915 3913//3913
f 3913//3913 4077//4077 4079//4079
f 3913//3913 4079//4079 4081//4081
f 3914//3914 3916//3916 4080//4080
f 4081//4081 3917//3917 3915//3915
f 3916//3916 3918//3918 4084//4084
f 4082//4082 4080//4080 3916//3916
f 3941//3941 3942//3942 4112//4112
f 4106//4106 4105//4105 3936//3936
f 3937//3937 3940//3940 4106//4106
f 4112//4112 3942//3942 3938//3938
f 3938//3938 4104//4104 4108//4108
f 3938//3938 4108//4108 4112//4112
f 3943//3943 3940//3940 3939//3939
f 3940//3940 3943//3943 4109//4109
f 4109//4109 4106//4106 3940//3940
f 3944//3944 3942//3942 3941//3941
f 3936//3936 3939//3939 3940//3940
f 4118//4118 3944//3944 3941//3941
f 3941//3941 4112//4112 4118//4118
f 3942//3942 3944//3944 3945//3945
f 3943//3943 3946//3946 4113//4113
f 4113//4113 4109//4109 3943//3943
f 3950//3950 3945//3945 3944//3944
f 3944//3944 3949//3949 3950//3950
f 4118//4118 3949//3949 3944//3944
f 3951//3951 3947//3947 3946//3946
f 3931//3931 4097//4097 4100//4100
f 4095//4095 3928//3928 3925//3925
f 3925//3925 4093//4093 4095//4095
f 3927//3927 3930//3930 4094//4094
f 4097//4097 3931//3931 3928//3928
f 3928//3928 4095//4095 4097//4097
f 3930//3930 3932//3932 4098//4098
f 4096//4096 4094//4094 3930//3930
f 4098//4098 4096//4096 3930//3930
f 4100//4100 3933//3933 3931//3931
f 4147//4147 4151//4151 4289//4289
f 3932//3932 3934//3934 4101//4101
f 4101//4101 4098//4098 3932//3932
f 4100//4100 3935//3935 3933//3933
f 3934//3934 3936//3936 4105//4105
f 4105//4105 4101//4101 3934//3934
f 4104//4104 3938//3938 3935//3935
f 3935//3935 4100//4100 4104//4104
f 3940//3940 3937//3937 3936//3936
f 3936//3936 3937//3937 4106//4106
f 4499//4499 4365//4365 4364//4364
f 4358//4358 4361//4361 4492//4492
f 4489//4489 4487//4487 4358//4358
f 4492//4492 4489//4489 4358//4358
f 4494//4494 4362//4362 4359//4359
f 4359//4359 4491//4491 4494//4494
f 4361//4361 4363//4363 4492//4492
f 4494//4494 4365//4365 4362//4362
f 4363//4363 4366//4366 4495//4495
f 4495//4495 4492//4492 4363//4363
f 4364//4364 4365//4365 4496//4496
f 4358//4358 4360//4360 4361//4361
f 4364//4364 4496//4496 4499//4499
f 4365//4365 4367//4367 4368//4368
f 4499//4499 4367//4367 4365//4365
f 4365//4365 4494//4494 4497//4497
f 4497//4497 4496//4496 4365//4365
f 4366//4366 4369//4369 4500//4500
f 4498//4498 4495//4495 4366//4366
f 4500//4500 4498//4498 4366//4366
f 4370//4370 4368//4368 4367//4367
f 4484//4484 4355//4355 4353//4353
f 4348//4348 4350//4350 4479//4479
f 4480//4480 4351//4351 4349//4349
f 4350//4350 4352//4352 4481//4481
f 4481//4481 4479//4479 4350//4350
f 4484//4484 4353//4353 4351//4351
f 4351//4351 4480//4480 4482//4482
f 4351//4351 4482//4482 4484//4484
f 4352//4352 4354//4354 4483//4483
f 4483//4483 4481//4481 4352//4352
f 4499//4499 4370//4370 4367//4367
f 4354//4354 4356//4356 4487//4487
f 4485//4485 4483//4483 4354//4354
f 4487//4487 4485//4485 4354//4354
f 4486//4486 4357//4357 4355//4355
f 4355//4355 4484//4484 4486//4486
f 4356//4356 4358//4358 4487//4487
f 4491//4491 4359//4359 4357//4357
f 4357//4357 4486//4486 4488//4488
f 4357//4357 4488//4488 4491//4491
f 4382//4382 4514//4514 4521//4521
f 4382//4382 4379//4379 4378//4378
f 4378//4378 4379//4379 4514//4514
f 4514//4514 4382//4382 4378//4378
f 4379//4379 4382//4382 4383//4383
f 4515//4515 4514//4514 4379//4379
f 4385//4385 4381//4381 4380//4380
f 4380//4380 4384//4384 4385//4385
f 4381//4381 4385//4385 4516//4516
f 4388//4388 4383//4383 4382//4382
f 4527//4527 4388//4388 4382//4382
f 4516//4516 4511//4511 4377//4377
f 4382//4382 4521//4521 4527//4527
f 4383//4383 4388//4388 4389//4389
f 4390//4390 4386//4386 4385//4385
f 4385//4385 4386//4386 4523//4523
f 4522//4522 4516//4516 4385//4385
f 4523//4523 4522//4522 4385//4385
f 4386//4386 4390//4390 4391//4391
f 4386//4386 4391//4391 4523//4523
f 4394//4394 4388//4388 4387//4387
f 4374//4374 4376//4376 4506//4506
f 4368//4368 4370//4370 4371//4371
f 4369//4369 4372//4372 4502//4502
f 4502//4502 4500//4500 4369//4369
f 4501//4501 4373//4373 4370//4370
f 4370//4370 4499//4499 4501//4501
f 4372//4372 4374//4374 4502//4502
f 4509//4509 4375//4375 4373//4373
f 4373//4373 4501//4501 4505//4505
f 4373//4373 4505//4505 4509//4509
f 4347//4347 4478//4478 4480//4480
f 4506//4506 4502//4502 4374//4374
f 4515//4515 4379//4379 4375//4375
f 4375//4375 4509//4509 4515//4515
f 4380//4380 4377//4377 4376//4376
f 4376//4376 4377//4377 4511//4511
f 4510//4510 4506//4506 4376//4376
f 4511//4511 4510//4510 4376//4376
f 4377//4377 4380//4380 4381//4381
f 4377//4377 4381//4381 4516//4516
f 4460//4460 4459//4459 4324//4324
f 4318//4318 4324//4324 4459//4459
f 4459//4459 4454//4454 4318//4318
f 4326//4326 4325//4325 4320//4320
f 4321//4321 4322//4322 4457//4457
f 4328//4328 4327//4327 4321//4321
f 4463//4463 4328//4328 4321//4321
f 4321//4321 4457//4457 4463//4463
f 4322//4322 4323//4323 4458//4458
f 4458//4458 4457//4457 4322//4322
f 4324//4324 4325//4325 4460//4460
f 4325//4325 4324//4324 4318//4318
f 4325//4325 4326//4326 4461//4461
f 4461//4461 4460//4460 4325//4325
f 4326//4326 4327//4327 4462//4462
f 4462//4462 4461//4461 4326//4326
f 4327//4327 4328//4328 4462//4462
f 4463//4463 4462//4462 4328//4328
f 5137//5137 4330//4330 5142//5142
f 4330//4330 4329//4329 5143//5143
f 5142//5142 4330//4330 5143//5143
f 4314//4314 4317//4317 4449//4449
f 4309//4309 4313//4313 4447//4447
f 4447//4447 4444//4444 4309//4309
f 4311//4311 4312//4312 4446//4446
f 4451//4451 4316//4316 4311//4311
f 4446//4446 4445//4445 4311//4311
f 4311//4311 4445//4445 4451//4451
f 4312//4312 4443//4443 4446//4446
f 4313//4313 4314//4314 4448//4448
f 4448//4448 4447//4447 4313//4313
f 5143//5143 4329//4329 5144//5144
f 4449//4449 4448//4448 4314//4314
f 4315//4315 4316//4316 4451//4451
f 4458//4458 4323//4323 4315//4315
f 4451//4451 4450//4450 4315//4315
f 4315//4315 4450//4450 4458//4458
f 4317//4317 4318//4318 4454//4454
f 4453//4453 4449//4449 4317//4317
f 4454//4454 4453//4453 4317//4317
f 4318//4318 4319//4319 4325//4325
f 4475//4475 4473//4473 4342//4342
f 4469//4469 4467//4467 4338//4338
f 4470//4470 4341//4341 4339//4339
f 4339//4339 4468//4468 4470//4470
f 4340//4340 4342//4342 4471//4471
f 4471//4471 4469//4469 4340//4340
f 4474//4474 4343//4343 4341//4341
f 4341//4341 4470//4470 4472//4472
f 4341//4341 4472//4472 4474//4474
f 4342//4342 4344//4344 4475//4475
f 4473//4473 4471//4471 4342//4342
f 4338//4338 4340//4340 4469//4469
f 4474//4474 4345//4345 4343//4343
f 4344//4344 4346//4346 4477//4477
f 4477//4477 4475//4475 4344//4344
f 4478//4478 4347//4347 4345//4345
f 4345//4345 4474//4474 4476//4476
f 4345//4345 4476//4476 4478//4478
f 4346//4346 4348//4348 4479//4479
f 4479//4479 4477//4477 4346//4346
f 4480//4480 4349//4349 4347//4347
f 4332//4332 4333//4333 4335//4335
f 5145//5145 4331//4331 5141//5141
f 4329//4329 4330//4330 4333//4333
f 4333//4333 4332//4332 4329//4329
f 4329//4329 4332//4332 5146//5146
f 4329//4329 5146//5146 5144//5144
f 4466//4466 4334//4334 4331//4331
f 4331//4331 5145//5145 5147//5147
f 4331//4331 5147//5147 5148//5148
f 4331//4331 5148//5148 4466//4466
f 4387//4387 4388//4388 4526//4526
f 4332//4332 4335//4335 4465//4465
f 5149//5149 5146//5146 4332//4332
f 4465//4465 5149//5149 4332//4332
f 4336//4336 4335//4335 4333//4333
f 4466//4466 4337//4337 4334//4334
f 4335//4335 4338//4338 4467//4467
f 4467//4467 4465//4465 4335//4335
f 4468//4468 4339//4339 4337//4337
f 4337//4337 4466//4466 4468//4468
f 4579//4579 4578//4578 4448//4448
f 4445//4445 4446//4446 4577//4577
f 4588//4588 4451//4451 4445//4445
f 4577//4577 4576//4576 4445//4445
f 4445//4445 4576//4576 4588//4588
f 4446//4446 4565//4565 4577//4577
f 4447//4447 4448//4448 4578//4578
f 4578//4578 4566//4566 4447//4447
f 4448//4448 4449//4449 4453//4453
f 4453//4453 4452//4452 4448//4448
f 4448//4448 4452//4452 4579//4579
f 4566//4566 4563//4563 4444//4444
f 4450//4450 4451//4451 4587//4587
f 4587//4587 4458//4458 4450//4450
f 4588//4588 4587//4587 4451//4451
f 4452//4452 4453//4453 4580//4580
f 4580//4580 4579//4579 4452//4452
f 4453//4453 4454//4454 4590//4590
f 4589//4589 4580//4580 4453//4453
f 4590//4590 4589//4589 4453//4453
f 4460//4460 4455//4455 4454//4454
f 4442//4442 4441//4441 4439//4439
f 4434//4434 4551//4551 4554//4554
f 4434//4434 4554//4554 4557//4557
f 4435//4435 4437//4437 4558//4558
f 4558//4558 4555//4555 4435//4435
f 4559//4559 4438//4438 4436//4436
f 4436//4436 4557//4557 4559//4559
f 4437//4437 4439//4439 4560//4560
f 4560//4560 4558//4558 4437//4437
f 4559//4559 4440//4440 4438//4438
f 4454//4454 4455//4455 4591//4591
f 4439//4439 4441//4441 4560//4560
f 4565//4565 4443//4443 4440//4440
f 4440//4440 4559//4559 4562//4562
f 4440//4440 4562//4562 4565//4565
f 4441//4441 4442//4442 4563//4563
f 4563//4563 4560//4560 4441//4441
f 4442//4442 4444//4444 4563//4563
f 4565//4565 4446//4446 4443//4443
f 4444//4444 4447//4447 4566//4566
f 4602//4602 4468//4468 4466//4466
f 4464//4464 4595//4595 4600//4600
f 4600//4600 4599//4599 4464//4464
f 5149//5149 4465//4465 5150//5150
f 4602//4602 4466//4466 5148//5148
f 5151//5151 4602//4602 5148//5148
f 5152//5152 4602//4602 5151//5151
f 4465//4465 4467//4467 4604//4604
f 5153//5153 5150//5150 4465//4465
f 4601//4601 5153//5153 4465//4465
f 4604//4604 4601//4601 4465//4465
f 4599//4599 4594//4594 4463//4463
f 4467//4467 4469//4469 4607//4607
f 4607//4607 4604//4604 4467//4467
f 4605//4605 4470//4470 4468//4468
f 4468//4468 4602//4602 4605//4605
f 4469//4469 4471//4471 4607//4607
f 4608//4608 4472//4472 4470//4470
f 4470//4470 4605//4605 4608//4608
f 4471//4471 4473//4473 4612//4612
f 4610//4610 4607//4607 4471//4471
f 4596//4596 4595//4595 4457//4457
f 4454//4454 4459//4459 4460//4460
f 4591//4591 4590//4590 4454//4454
f 4455//4455 4460//4460 4591//4591
f 4456//4456 4461//4461 4462//4462
f 4592//4592 4461//4461 4456//4456
f 4456//4456 4462//4462 4592//4592
f 4457//4457 4458//4458 4596//4596
f 4464//4464 4463//4463 4457//4457
f 4595//4595 4464//4464 4457//4457
f 4557//4557 4436//4436 4434//4434
f 4458//4458 4587//4587 4596//4596
f 4460//4460 4461//4461 4592//4592
f 4597//4597 4591//4591 4460//4460
f 4460//4460 4592//4592 4597//4597
f 4462//4462 4463//4463 4598//4598
f 4593//4593 4592//4592 4462//4462
f 4598//4598 4593//4593 4462//4462
f 4463//4463 4464//4464 4599//4599
f 4463//4463 4594//4594 4598//4598
f 4414//4414 4409//4409 4408//4408
f 4395//4395 4400//4400 4401//4401
f 4402//4402 4398//4398 4397//4397
f 4404//4404 4399//4399 4398//4398
f 4398//4398 4402//4402 4403//4403
f 4398//4398 4403//4403 4404//4404
f 4404//4404 4400//4400 4399//4399
f 4405//4405 4401//4401 4400//4400
f 4400//4400 4404//4404 4405//4405
f 4406//4406 4404//4404 4403//4403
f 4404//4404 4406//4406 4407//4407
f 4394//4394 4526//4526 4531//4531
f 4534//4534 4410//4410 4409//4409
f 4409//4409 4414//4414 4415//4415
f 4409//4409 4415//4415 4534//4534
f 4416//4416 4411//4411 4410//4410
f 4534//4534 4416//4416 4410//4410
f 4411//4411 4416//4416 4417//4417
f 4532//4532 4413//4413 4412//4412
f 4412//4412 4421//4421 4539//4539
f 4539//4539 4532//4532 4412//4412
f 4398//4398 4393//4393 4392//4392
f 4526//4526 4394//4394 4387//4387
f 4388//4388 4394//4394 4395//4395
f 4527//4527 4526//4526 4388//4388
f 4397//4397 4391//4391 4390//4390
f 4390//4390 4396//4396 4397//4397
f 4398//4398 4392//4392 4391//4391
f 4391//4391 4392//4392 4528//4528
f 4391//4391 4397//4397 4398//4398
f 4528//4528 4523//4523 4391//4391
f 4533//4533 4414//4414 4413//4413
f 4392//4392 4393//4393 4529//4529
f 4529//4529 4528//4528 4392//4392
f 4399//4399 4394//4394 4393//4393
f 4393//4393 4394//4394 4531//4531
f 4393//4393 4398//4398 4399//4399
f 4530//4530 4529//4529 4393//4393
f 4531//4531 4530//4530 4393//4393
f 4400//4400 4395//4395 4394//4394
f 4394//4394 4399//4399 4400//4400
f 4548//4548 4544//4544 4429//4429
f 4423//4423 4543//4543 4546//4546
f 4545//4545 4426//4426 4425//4425
f 4425//4425 4429//4429 4544//4544
f 4425//4425 4544//4544 4545//4545
f 4545//4545 4538//4538 4426//4426
f 4546//4546 4428//4428 4427//4427
f 4547//4547 4430//4430 4428//4428
f 4428//4428 4546//4546 4547//4547
f 4429//4429 4433//4433 4548//4548
f 4423//4423 4542//4542 4543//4543
f 4550//4550 4431//4431 4430//4430
f 4430//4430 4547//4547 4550//4550
f 4551//4551 4434//4434 4431//4431
f 4431//4431 4550//4550 4551//4551
f 4552//4552 4433//4433 4432//4432
f 4432//4432 4435//4435 4555//4555
f 4555//4555 4552//4552 4432//4432
f 4553//4553 4548//4548 4433//4433
f 4433//4433 4552//4552 4553//4553
f 4418//4418 4422//4422 4423//4423
f 4413//4413 4532//4532 4533//4533
f 4534//4534 4415//4415 4414//4414
f 4414//4414 4533//4533 4534//4534
f 4535//4535 4417//4417 4416//4416
f 4416//4416 4534//4534 4535//4535
f 4537//4537 4418//4418 4417//4417
f 4417//4417 4535//4535 4536//4536
f 4417//4417 4536//4536 4537//4537
f 4423//4423 4419//4419 4418//4418
f 4309//4309 4310//4310 4313//4313
f 4542//4542 4422//4422 4418//4418
f 4418//4418 4537//4537 4542//4542
f 4538//4538 4421//4421 4420//4420
f 4420//4420 4426//4426 4538//4538
f 4421//4421 4538//4538 4539//4539
f 4542//4542 4423//4423 4422//4422
f 4428//4428 4424//4424 4423//4423
f 4423//4423 4427//4427 4428//4428
f 4546//4546 4427//4427 4423//4423
f 4340//4340 4338//4338 4198//4198
f 4195//4195 4196//4196 4199//4199
f 4338//4338 4196//4196 4195//4195
f 4199//4199 4198//4198 4195//4195
f 4195//4195 4198//4198 4338//4338
f 4196//4196 4335//4335 4336//4336
f 4338//4338 4335//4335 4196//4196
f 4339//4339 4200//4200 4197//4197
f 4197//4197 4337//4337 4339//4339
f 4198//4198 4199//4199 4201//4201
f 4198//4198 4201//4201 4340//4340
f 4337//4337 4197//4197 4194//4194
f 4202//4202 4201//4201 4199//4199
f 4343//4343 4203//4203 4200//4200
f 4200//4200 4339//4339 4341//4341
f 4200//4200 4341//4341 4343//4343
f 4201//4201 4202//4202 4204//4204
f 4201//4201 4204//4204 4344//4344
f 4342//4342 4340//4340 4201//4201
f 4344//4344 4342//4342 4201//4201
f 4205//4205 4204//4204 4202//4202
f 4192//4192 4191//4191 4188//4188
f 5135//5135 4330//4330 5136//5136
f 5136//5136 4330//4330 5137//5137
f 5138//5138 4189//4189 5139//5139
f 4189//4189 4188//4188 5133//5133
f 5139//5139 4189//4189 5133//5133
f 5140//5140 4189//4189 5138//5138
f 4186//4186 4190//4190 4333//4333
f 4333//4333 4330//4330 4186//4186
f 4188//4188 4189//4189 4192//4192
f 4343//4343 4206//4206 4203//4203
f 4334//4334 4192//4192 4189//4189
f 4189//4189 5140//5140 5141//5141
f 4189//4189 5141//5141 4331//4331
f 4189//4189 4331//4331 4334//4334
f 4190//4190 4193//4193 4336//4336
f 4336//4336 4333//4333 4190//4190
f 4337//4337 4194//4194 4192//4192
f 4192//4192 4334//4334 4337//4337
f 4193//4193 4196//4196 4336//4336
f 4358//4358 4356//4356 4219//4219
f 4214//4214 4351//4351 4353//4353
f 4215//4215 4217//4217 4354//4354
f 4354//4354 4352//4352 4215//4215
f 4355//4355 4218//4218 4216//4216
f 4216//4216 4353//4353 4355//4355
f 4217//4217 4219//4219 4354//4354
f 4357//4357 4220//4220 4218//4218
f 4218//4218 4355//4355 4357//4357
f 4219//4219 4221//4221 4358//4358
f 4356//4356 4354//4354 4219//4219
f 4214//4214 4349//4349 4351//4351
f 4357//4357 4222//4222 4220//4220
f 4221//4221 4223//4223 4360//4360
f 4360//4360 4358//4358 4221//4221
f 4362//4362 4225//4225 4222//4222
f 4222//4222 4357//4357 4359//4359
f 4222//4222 4359//4359 4362//4362
f 4223//4223 4224//4224 4361//4361
f 4361//4361 4360//4360 4223//4223
f 4224//4224 4226//4226 4363//4363
f 4211//4211 4210//4210 4208//4208
f 4204//4204 4205//4205 4207//4207
f 4204//4204 4207//4207 4344//4344
f 4208//4208 4207//4207 4205//4205
f 4347//4347 4209//4209 4206//4206
f 4206//4206 4343//4343 4345//4345
f 4206//4206 4345//4345 4347//4347
f 4207//4207 4208//4208 4210//4210
f 4207//4207 4210//4210 4346//4346
f 4346//4346 4344//4344 4207//4207
f 5135//5135 4186//4186 4330//4330
f 4347//4347 4212//4212 4209//4209
f 4210//4210 4213//4213 4348//4348
f 4348//4348 4346//4346 4210//4210
f 4349//4349 4214//4214 4212//4212
f 4212//4212 4347//4347 4349//4349
f 4213//4213 4215//4215 4352//4352
f 4350//4350 4348//4348 4213//4213
f 4352//4352 4350//4350 4213//4213
f 4353//4353 4216//4216 4214//4214
f 4305//4305 4166//4166 4163//4163
f 4158//4158 4159//4159 4162//4162
f 4162//4162 4161//4161 4158//4158
f 4158//4158 4161//4161 4301//4301
f 4305//4305 4163//4163 4160//4160
f 4160//4160 4302//4302 4305//4305
f 4161//4161 4162//4162 4303//4303
f 4303//4303 4301//4301 4161//4161
f 4162//4162 4164//4164 4306//4306
f 4304//4304 4303//4303 4162//4162
f 4306//4306 4304//4304 4162//4162
f 4157//4157 4300//4300 4302//4302
f 4164//4164 4167//4167 4306//4306
f 4165//4165 4166//4166 4308//4308
f 4307//4307 4169//4169 4165//4165
f 4308//4308 4307//4307 4165//4165
f 4166//4166 4305//4305 4308//4308
f 4167//4167 4168//4168 4309//4309
f 4309//4309 4306//4306 4167//4167
f 4168//4168 4170//4170 4313//4313
f 4310//4310 4309//4309 4168//4168
f 4153//4153 4156//4156 4296//4296
f 4147//4147 4289//4289 4290//4290
f 4291//4291 4150//4150 4149//4149
f 4292//4292 4152//4152 4150//4150
f 4150//4150 4291//4291 4292//4292
f 4151//4151 4154//4154 4293//4293
f 4293//4293 4289//4289 4151//4151
f 4295//4295 4155//4155 4152//4152
f 4152//4152 4292//4292 4295//4295
f 4296//4296 4154//4154 4153//4153
f 4313//4313 4310//4310 4168//4168
f 4297//4297 4293//4293 4154//4154
f 4154//4154 4296//4296 4297//4297
f 4300//4300 4157//4157 4155//4155
f 4155//4155 4295//4295 4298//4298
f 4155//4155 4298//4298 4300//4300
f 4156//4156 4158//4158 4301//4301
f 4299//4299 4296//4296 4156//4156
f 4301//4301 4299//4299 4156//4156
f 4302//4302 4160//4160 4157//4157
f 4181//4181 4182//4182 4321//4321
f 4319//4319 4318//4318 4178//4178
f 4325//4325 4319//4319 4178//4178
f 4178//4178 4320//4320 4325//4325
f 4179//4179 4180//4180 4184//4184
f 4179//4179 4184//4184 4326//4326
f 4326//4326 4320//4320 4179//4179
f 4180//4180 4181//4181 4327//4327
f 4185//4185 4184//4184 4180//4180
f 4327//4327 4185//4185 4180//4180
f 4178//4178 4179//4179 4320//4320
f 4181//4181 4321//4321 4327//4327
f 4182//4182 4183//4183 4322//4322
f 4322//4322 4321//4321 4182//4182
f 4323//4323 4322//4322 4183//4183
f 4184//4184 4185//4185 4327//4327
f 4327//4327 4326//4326 4184//4184
f 5128//5128 4187//4187 5134//5134
f 4187//4187 4186//4186 5135//5135
f 5134//5134 4187//4187 5135//5135
f 4173//4173 4174//4174 4182//4182
f 4175//4175 4174//4174 4169//4169
f 4316//4316 4175//4175 4169//4169
f 4169//4169 4307//4307 4311//4311
f 4169//4169 4311//4311 4316//4316
f 4170//4170 4171//4171 4313//4313
f 4171//4171 4172//4172 4176//4176
f 4171//4171 4176//4176 4314//4314
f 4314//4314 4313//4313 4171//4171
f 4177//4177 4176//4176 4172//4172
f 4363//4363 4361//4361 4224//4224
f 4174//4174 4175//4175 4316//4316
f 4183//4183 4182//4182 4174//4174
f 4323//4323 4183//4183 4174//4174
f 4316//4316 4315//4315 4174//4174
f 4174//4174 4315//4315 4323//4323
f 4176//4176 4177//4177 4317//4317
f 4317//4317 4314//4314 4176//4176
f 4177//4177 4178//4178 4318//4318
f 4318//4318 4317//4317 4177//4177
f 4418//4418 4284//4284 4283//4283
f 4417//4417 4282//4282 4278//4278
f 4278//4278 4410//4410 4411//4411
f 4278//4278 4411//4411 4417//4417
f 4412//4412 4280//4280 4279//4279
f 4279//4279 4286//4286 4421//4421
f 4421//4421 4412//4412 4279//4279
f 4414//4414 4281//4281 4280//4280
f 4280//4280 4412//4412 4413//4413
f 4280//4280 4413//4413 4414//4414
f 4417//4417 4283//4283 4282//4282
f 4278//4278 4282//4282 4283//4283
f 4283//4283 4417//4417 4418//4418
f 4423//4423 4287//4287 4284//4284
f 4284//4284 4418//4418 4419//4419
f 4284//4284 4419//4419 4423//4423
f 4421//4421 4286//4286 4285//4285
f 4285//4285 4290//4290 4420//4420
f 4285//4285 4420//4420 4421//4421
f 4424//4424 4288//4288 4287//4287
f 4287//4287 4423//4423 4424//4424
f 4268//4268 4272//4272 4273//4273
f 4262//4262 4404//4404 4407//4407
f 4268//4268 4264//4264 4263//4263
f 4263//4263 4267//4267 4268//4268
f 4264//4264 4268//4268 4269//4269
f 4271//4271 4266//4266 4265//4265
f 4265//4265 4270//4270 4271//4271
f 4271//4271 4267//4267 4266//4266
f 4272//4272 4268//4268 4267//4267
f 4267//4267 4271//4271 4272//4272
f 4424//4424 4291//4291 4288//4288
f 4280//4280 4275//4275 4274//4274
f 4409//4409 4276//4276 4275//4275
f 4275//4275 4280//4280 4281//4281
f 4275//4275 4281//4281 4414//4414
f 4275//4275 4408//4408 4409//4409
f 4414//4414 4408//4408 4275//4275
f 4410//4410 4277//4277 4276//4276
f 4276//4276 4409//4409 4410//4410
f 4410//4410 4278//4278 4277//4277
f 4303//4303 4304//4304 4306//4306
f 4436//4436 4300//4300 4298//4298
f 4298//4298 4434//4434 4436//4436
f 4299//4299 4301//4301 4435//4435
f 4438//4438 4302//4302 4300//4300
f 4300//4300 4436//4436 4438//4438
f 4301//4301 4303//4303 4439//4439
f 4437//4437 4435//4435 4301//4301
f 4439//4439 4437//4437 4301//4301
f 4440//4440 4305//4305 4302//4302
f 4302//4302 4438//4438 4440//4440
f 4435//4435 4432//4432 4296//4296
f 4303//4303 4306//4306 4439//4439
f 4443//4443 4308//4308 4305//4305
f 4305//4305 4440//4440 4443//4443
f 4306//4306 4309//4309 4444//4444
f 4442//4442 4439//4439 4306//4306
f 4444//4444 4442//4442 4306//4306
f 4307//4307 4308//4308 4311//4311
f 4312//4312 4311//4311 4308//4308
f 4443//4443 4312//4312 4308//4308
f 4293//4293 4297//4297 4433//4433
f 4426//4426 4290//4290 4289//4289
f 4289//4289 4293//4293 4425//4425
f 4289//4289 4425//4425 4426//4426
f 4426//4426 4420//4420 4290//4290
f 4295//4295 4292//4292 4291//4291
f 4291//4291 4294//4294 4295//4295
f 4430//4430 4294//4294 4291//4291
f 4291//4291 4424//4424 4428//4428
f 4291//4291 4428//4428 4430//4430
f 4405//4405 4404//4404 4262//4262
f 4429//4429 4425//4425 4293//4293
f 4433//4433 4429//4429 4293//4293
f 4430//4430 4295//4295 4294//4294
f 4434//4434 4298//4298 4295//4295
f 4295//4295 4430//4430 4431//4431
f 4295//4295 4431//4431 4434//4434
f 4433//4433 4297//4297 4296//4296
f 4296//4296 4299//4299 4435//4435
f 4296//4296 4432//4432 4433//4433
f 4380//4380 4376//4376 4240//4240
f 4234//4234 4373//4373 4375//4375
f 4236//4236 4238//4238 4374//4374
f 4374//4374 4372//4372 4236//4236
f 4375//4375 4239//4239 4237//4237
f 4238//4238 4240//4240 4376//4376
f 4376//4376 4374//4374 4238//4238
f 4383//4383 4241//4241 4239//4239
f 4239//4239 4375//4375 4379//4379
f 4239//4239 4379//4379 4383//4383
f 4240//4240 4242//4242 4380//4380
f 4375//4375 4237//4237 4234//4234
f 4389//4389 4245//4245 4241//4241
f 4241//4241 4383//4383 4389//4389
f 4247//4247 4243//4243 4242//4242
f 4242//4242 4243//4243 4385//4385
f 4242//4242 4246//4246 4247//4247
f 4384//4384 4380//4380 4242//4242
f 4385//4385 4384//4384 4242//4242
f 4243//4243 4247//4247 4385//4385
f 4248//4248 4245//4245 4244//4244
f 4230//4230 4233//4233 4369//4369
f 4362//4362 4227//4227 4225//4225
f 4226//4226 4228//4228 4366//4366
f 4366//4366 4363//4363 4226//4226
f 4368//4368 4229//4229 4227//4227
f 4227//4227 4362//4362 4365//4365
f 4227//4227 4365//4365 4368//4368
f 4228//4228 4230//4230 4366//4366
f 4371//4371 4232//4232 4229//4229
f 4229//4229 4368//4368 4371//4371
f 4244//4244 4245//4245 4388//4388
f 4369//4369 4366//4366 4230//4230
f 4235//4235 4232//4232 4231//4231
f 4231//4231 4232//4232 4370//4370
f 4231//4231 4234//4234 4235//4235
f 4373//4373 4234//4234 4231//4231
f 4231//4231 4370//4370 4373//4373
f 4371//4371 4370//4370 4232//4232
f 4233//4233 4236//4236 4372//4372
f 4372//4372 4369//4369 4233//4233
f 4258//4258 4263//4263 4264//4264
f 4259//4259 4256//4256 4255//4255
f 4256//4256 4259//4259 4260//4260
f 4256//4256 4260//4260 4261//4261
f 4256//4256 4261//4261 4403//4403
f 4402//4402 4397//4397 4256//4256
f 4403//4403 4402//4402 4256//4256
f 4263//4263 4258//4258 4257//4257
f 4257//4257 4258//4258 4405//4405
f 4405//4405 4263//4263 4257//4257
f 4253//4253 4401//4401 4405//4405
f 4266//4266 4261//4261 4260//4260
f 4260//4260 4265//4265 4266//4266
f 4266//4266 4262//4262 4261//4261
f 4261//4261 4262//4262 4407//4407
f 4406//4406 4403//4403 4261//4261
f 4407//4407 4406//4406 4261//4261
f 4267//4267 4263//4263 4262//4262
f 4262//4262 4263//4263 4405//4405
f 4262//4262 4266//4266 4267//4267
f 4253//4253 4249//4249 4248//4248
f 4395//4395 4248//4248 4244//4244
f 4244//4244 4388//4388 4395//4395
f 4245//4245 4248//4248 4249//4249
f 4389//4389 4388//4388 4245//4245
f 4251//4251 4247//4247 4246//4246
f 4246//4246 4250//4250 4251//4251
f 4247//4247 4251//4251 4396//4396
f 4390//4390 4385//4385 4247//4247
f 4396//4396 4390//4390 4247//4247
f 2526//2526 2528//2528 2729//2729
f 4401//4401 4253//4253 4248//4248
f 4248//4248 4395//4395 4401//4401
f 4249//4249 4253//4253 4254//4254
f 4255//4255 4252//4252 4251//4251
f 4251//4251 4252//4252 4396//4396
f 4252//4252 4255//4255 4256//4256
f 4252//4252 4256//4256 4397//4397
f 4397//4397 4396//4396 4252//4252
f 4405//4405 4258//4258 4253//4253
f 904//904 903//903 848//848
f 843//843 898//898 900//900
f 843//843 900//900 902//902
f 844//844 845//845 848//848
f 848//848 847//847 844//844
f 844//844 847//847 903//903
f 903//903 901//901 844//844
f 905//905 849//849 846//846
f 846//846 902//902 905//905
f 847//847 848//848 903//903
f 848//848 850//850 904//904
f 902//902 846//846 843//843
f 905//905 859//859 849//849
f 850//850 851//851 860//860
f 850//850 860//860 909//909
f 907//907 904//904 850//850
f 909//909 907//907 850//850
f 851//851 852//852 861//861
f 861//861 860//860 851//851
f 852//852 853//853 862//862
f 862//862 861//861 852//852
f 838//838 840//840 897//897
f 890//890 834//834 833//833
f 833//833 889//889 890//890
f 834//834 890//890 891//891
f 892//892 837//837 835//835
f 836//836 838//838 893//893
f 893//893 886//886 836//836
f 896//896 839//839 837//837
f 837//837 892//892 894//894
f 837//837 894//894 896//896
f 853//853 854//854 864//864
f 895//895 893//893 838//838
f 897//897 895//895 838//838
f 898//898 841//841 839//839
f 839//839 896//896 898//898
f 840//840 842//842 899//899
f 899//899 897//897 840//840
f 898//898 843//843 841//841
f 842//842 844//844 901//901
f 901//901 899//899 842//842
f 917//917 916//916 868//868
f 912//912 911//911 863//863
f 913//913 912//912 863//863
f 864//864 865//865 914//914
f 914//914 913//913 864//864
f 865//865 866//866 914//914
f 866//866 867//867 915//915
f 915//915 914//914 866//866
f 867//867 868//868 916//916
f 916//916 915//915 867//867
f 868//868 869//869 918//918
f 863//863 864//864 913//913
f 918//918 917//917 868//868
f 869//869 908//908 918//918
f 879//879 871//871 870//870
f 870//870 878//878 879//879
f 880//880 872//872 871//871
f 871//871 879//879 880//880
f 880//880 873//873 872//872
f 873//873 880//880 881//881
f 883//883 875//875 874//874
f 858//858 859//859 869//869
f 863//863 862//862 853//853
f 864//864 863//863 853//853
f 854//854 855//855 864//864
f 855//855 856//856 866//866
f 865//865 864//864 855//855
f 866//866 865//865 855//855
f 856//856 857//857 867//867
f 867//867 866//866 856//856
f 857//857 858//858 867//867
f 889//889 833//833 832//832
f 868//868 867//867 858//858
f 869//869 868//868 858//858
f 908//908 869//869 859//859
f 859//859 905//905 908//908
f 860//860 861//861 910//910
f 910//910 909//909 860//860
f 861//861 862//862 910//910
f 862//862 863//863 911//911
f 911//911 910//910 862//862
f 858//858 857//857 806//806
f 851//851 850//850 799//799
f 852//852 851//851 799//799
f 800//800 801//801 853//853
f 853//853 852//852 800//800
f 801//801 802//802 853//853
f 854//854 853//853 802//802
f 855//855 854//854 803//803
f 804//804 805//805 857//857
f 856//856 855//855 804//804
f 857//857 856//856 804//804
f 799//799 800//800 852//852
f 815//815 808//808 807//807
f 816//816 809//809 808//808
f 808//808 815//815 816//816
f 818//818 810//810 809//809
f 809//809 816//816 817//817
f 809//809 817//817 818//818
f 820//820 812//812 811//811
f 811//811 819//819 820//820
f 821//821 813//813 812//812
f 855//855 803//803 795//795
f 791//791 792//792 801//801
f 801//801 800//800 791//791
f 792//792 793//793 801//801
f 793//793 794//794 803//803
f 802//802 801//801 793//793
f 854//854 802//802 793//793
f 793//793 803//803 854//854
f 794//794 795//795 803//803
f 795//795 796//796 804//804
f 812//812 820//820 821//821
f 795//795 804//804 855//855
f 796//796 797//797 806//806
f 805//805 804//804 796//796
f 857//857 805//805 796//796
f 796//796 806//806 857//857
f 797//797 798//798 858//858
f 858//858 806//806 797//797
f 798//798 849//849 859//859
f 859//859 858//858 798//798
f 891//891 882//882 827//827
f 886//886 878//878 823//823
f 831//831 825//825 824//824
f 824//824 830//830 831//831
f 881//881 830//830 824//824
f 824//824 873//873 881//881
f 833//833 827//827 826//826
f 827//827 833//833 834//834
f 827//827 834//834 891//891
f 882//882 874//874 827//827
f 878//878 870//870 823//823
f 892//892 835//835 828//828
f 828//828 877//877 885//885
f 828//828 885//885 892//892
f 829//829 836//836 886//886
f 887//887 831//831 830//830
f 830//830 881//881 887//887
f 889//889 832//832 831//831
f 831//831 887//887 888//888
f 831//831 888//888 889//889
f 873//873 824//824 818//818
f 821//821 814//814 813//813
f 814//814 821//821 822//822
f 870//870 816//816 815//815
f 815//815 823//823 870//870
f 872//872 817//817 816//816
f 816//816 870//870 871//871
f 816//816 871//871 872//872
f 873//873 818//818 817//817
f 817//817 872//872 873//873
f 874//874 882//882 883//883
f 874//874 820//820 819//819
f 819//819 827//827 874//874
f 875//875 821//821 820//820
f 820//820 874//874 875//875
f 877//877 822//822 821//821
f 821//821 875//875 876//876
f 821//821 876//876 877//877
f 877//877 828//828 822//822
f 823//823 829//829 886//886
f 930//930 938//938 939//939
f 972//972 971//971 925//925
f 973//973 972//972 925//925
f 926//926 927//927 973//973
f 927//927 928//928 975//975
f 974//974 973//973 927//927
f 975//975 974//974 927//927
f 928//928 965//965 975//975
f 937//937 930//930 929//929
f 939//939 931//931 930//930
f 930//930 937//937 938//938
f 925//925 926//926 973//973
f 939//939 932//932 931//931
f 932//932 939//939 940//940
f 944//944 934//934 933//933
f 945//945 935//935 934//934
f 934//934 944//944 945//945
f 947//947 936//936 935//935
f 935//935 945//945 946//946
f 935//935 946//946 947//947
f 976//976 938//938 937//937
f 920//920 921//921 967//967
f 926//926 925//925 915//915
f 916//916 917//917 927//927
f 927//927 926//926 916//916
f 917//917 918//918 928//928
f 928//928 927//927 917//917
f 965//965 928//928 918//918
f 918//918 962//962 965//965
f 919//919 920//920 966//966
f 966//966 964//964 919//919
f 937//937 948//948 987//987
f 967//967 966//966 920//920
f 921//921 922//922 968//968
f 968//968 967//967 921//921
f 922//922 923//923 970//970
f 969//969 968//968 922//922
f 970//970 969//969 922//922
f 923//923 924//924 970//970
f 924//924 925//925 971//971
f 971//971 970//970 924//924
f 1001//1001 999//999 952//952
f 996//996 949//949 947//947
f 947//947 986//986 996//996
f 948//948 950//950 997//997
f 997//997 987//987 948//948
f 998//998 951//951 949//949
f 949//949 996//996 998//998
f 950//950 952//952 999//999
f 999//999 997//997 950//950
f 998//998 953//953 951//951
f 952//952 954//954 1001//1001
f 946//946 985//985 986//986
f 1002//1002 955//955 953//953
f 953//953 998//998 1000//1000
f 953//953 1000//1000 1002//1002
f 954//954 956//956 1003//1003
f 1003//1003 1001//1001 954//954
f 1002//1002 957//957 955//955
f 956//956 958//958 1005//1005
f 1005//1005 1003//1003 956//956
f 1004//1004 959//959 957//957
f 941//941 980//980 981//981
f 987//987 976//976 937//937
f 977//977 939//939 938//938
f 938//938 976//976 977//977
f 978//978 940//940 939//939
f 939//939 977//977 978//978
f 979//979 941//941 940//940
f 940//940 978//978 979//979
f 981//981 942//942 941//941
f 941//941 979//979 980//980
f 925//925 924//924 915//915
f 982//982 943//943 942//942
f 942//942 981//981 982//982
f 983//983 944//944 943//943
f 943//943 982//982 983//983
f 983//983 945//945 944//944
f 984//984 946//946 945//945
f 945//945 983//983 984//984
f 986//986 947//947 946//946
f 946//946 984//984 985//985
f 944//944 891//891 890//890
f 885//885 935//935 936//936
f 885//885 936//936 947//947
f 886//886 893//893 937//937
f 937//937 929//929 886//886
f 941//941 888//888 887//887
f 887//887 940//940 941//941
f 942//942 889//889 888//888
f 888//888 941//941 942//942
f 943//943 890//890 889//889
f 889//889 942//942 943//943
f 947//947 892//892 885//885
f 890//890 943//943 944//944
f 944//944 933//933 891//891
f 949//949 894//894 892//892
f 892//892 947//947 949//949
f 893//893 895//895 950//950
f 948//948 937//937 893//893
f 950//950 948//948 893//893
f 951//951 896//896 894//894
f 894//894 949//949 951//951
f 932//932 881//881 880//880
f 883//883 876//876 875//875
f 884//884 877//877 876//876
f 876//876 883//883 884//884
f 877//877 884//884 885//885
f 929//929 879//879 878//878
f 878//878 886//886 929//929
f 931//931 880//880 879//879
f 879//879 929//929 930//930
f 879//879 930//930 931//931
f 895//895 897//897 952//952
f 880//880 931//931 932//932
f 940//940 887//887 881//881
f 881//881 932//932 940//940
f 934//934 883//883 882//882
f 882//882 891//891 933//933
f 882//882 933//933 934//934
f 935//935 884//884 883//883
f 883//883 934//934 935//935
f 935//935 885//885 884//884
f 910//910 911//911 920//920
f 960//960 958//958 906//906
f 961//961 960//960 906//906
f 907//907 909//909 964//964
f 964//964 961//961 907//907
f 962//962 918//918 908//908
f 908//908 959//959 962//962
f 909//909 910//910 920//920
f 920//920 919//919 909//909
f 909//909 919//919 964//964
f 906//906 907//907 961//961
f 911//911 912//912 921//921
f 921//921 920//920 911//911
f 912//912 913//913 923//923
f 922//922 921//921 912//912
f 923//923 922//922 912//912
f 913//913 914//914 923//923
f 914//914 915//915 924//924
f 924//924 923//923 914//914
f 915//915 916//916 926//926
f 900//900 953//953 955//955
f 952//952 950//950 895//895
f 953//953 898//898 896//896
f 896//896 951//951 953//953
f 897//897 899//899 952//952
f 953//953 900//900 898//898
f 899//899 901//901 956//956
f 954//954 952//952 899//899
f 956//956 954//954 899//899
f 957//957 902//902 900//900
f 800//800 799//799 790//790
f 900//900 955//955 957//957
f 901//901 903//903 956//956
f 959//959 905//905 902//902
f 902//902 957//957 959//959
f 903//903 904//904 907//907
f 907//907 906//906 903//903
f 903//903 906//906 958//958
f 958//958 956//956 903//903
f 959//959 908//908 905//905
f 683//683 690//690 748//748
f 751//751 685//685 677//677
f 677//677 735//735 743//743
f 677//677 743//743 751//751
f 680//680 687//687 752//752
f 744//744 736//736 680//680
f 752//752 744//744 680//680
f 689//689 682//682 681//681
f 681//681 688//688 689//689
f 747//747 688//688 681//681
f 748//748 684//684 683//683
f 677//677 685//685 686//686
f 748//748 740//740 684//684
f 751//751 691//691 685//685
f 687//687 692//692 758//758
f 758//758 752//752 687//687
f 753//753 689//689 688//688
f 688//688 747//747 753//753
f 754//754 693//693 689//689
f 689//689 753//753 754//754
f 690//690 694//694 695//695
f 738//738 674//674 673//673
f 668//668 733//733 734//734
f 735//735 677//677 669//669
f 669//669 734//734 735//735
f 679//679 671//671 670//670
f 737//737 672//672 671//671
f 671//671 679//679 680//680
f 671//671 680//680 736//736
f 671//671 736//736 737//737
f 737//737 673//673 672//672
f 690//690 695//695 761//761
f 673//673 737//737 738//738
f 747//747 681//681 674//674
f 674//674 738//738 739//739
f 674//674 739//739 747//747
f 684//684 676//676 675//675
f 675//675 683//683 684//684
f 676//676 684//684 740//740
f 740//740 732//732 676//676
f 686//686 678//678 677//677
f 703//703 770//770 772//772
f 766//766 699//699 698//698
f 698//698 765//765 766//766
f 767//767 700//700 699//699
f 699//699 766//766 767//767
f 770//770 703//703 701//701
f 701//701 763//763 768//768
f 701//701 768//768 770//770
f 702//702 704//704 771//771
f 771//771 769//769 702//702
f 772//772 705//705 703//703
f 769//769 764//764 697//697
f 704//704 706//706 773//773
f 773//773 771//771 704//704
f 772//772 710//710 705//705
f 706//706 707//707 712//712
f 712//712 711//711 706//706
f 706//706 711//711 773//773
f 720//720 719//719 708//708
f 709//709 710//710 721//721
f 721//721 720//720 709//709
f 693//693 698//698 699//699
f 756//756 748//748 690//690
f 690//690 755//755 756//756
f 761//761 755//755 690//690
f 763//763 696//696 691//691
f 691//691 751//751 757//757
f 691//691 757//757 763//763
f 692//692 697//697 764//764
f 764//764 758//758 692//692
f 699//699 694//694 693//693
f 734//734 669//669 668//668
f 765//765 698//698 693//693
f 693//693 754//754 760//760
f 693//693 760//760 765//765
f 699//699 695//695 694//694
f 695//695 699//699 700//700
f 695//695 700//700 767//767
f 767//767 761//761 695//695
f 763//763 701//701 696//696
f 697//697 702//702 769//769
f 640//640 641//641 650//650
f 710//710 647//647 636//636
f 636//636 703//703 705//705
f 636//636 705//705 710//710
f 637//637 638//638 706//706
f 638//638 639//639 648//648
f 638//638 648//648 707//707
f 707//707 706//706 638//638
f 639//639 640//640 650//650
f 649//649 648//648 639//639
f 650//650 649//649 639//639
f 647//647 646//646 636//636
f 641//641 642//642 652//652
f 715//715 650//650 641//641
f 652//652 651//651 641//641
f 641//641 651//651 715//715
f 642//642 643//643 653//653
f 716//716 652//652 642//642
f 642//642 653//653 716//716
f 643//643 644//644 717//717
f 717//717 653//653 643//643
f 642//642 641//641 630//630
f 626//626 637//637 706//706
f 706//706 704//704 626//626
f 627//627 628//628 639//639
f 639//639 638//638 627//627
f 628//628 629//629 639//639
f 629//629 630//630 641//641
f 640//640 639//639 629//629
f 641//641 640//640 629//629
f 630//630 631//631 642//642
f 644//644 645//645 719//719
f 631//631 632//632 643//643
f 643//643 642//642 631//631
f 632//632 633//633 643//643
f 633//633 634//634 645//645
f 644//644 643//643 633//633
f 645//645 644//644 633//633
f 634//634 635//635 645//645
f 635//635 636//636 646//646
f 646//646 645//645 635//635
f 671//671 663//663 662//662
f 665//665 657//657 656//656
f 656//656 663//663 664//664
f 656//656 664//664 665//665
f 667//667 659//659 658//658
f 658//658 666//666 667//667
f 667//667 660//660 659//659
f 669//669 661//661 660//660
f 660//660 667//667 668//668
f 660//660 668//668 669//669
f 663//663 656//656 655//655
f 672//672 664//664 663//663
f 663//663 671//671 672//672
f 673//673 665//665 664//664
f 664//664 672//672 673//673
f 665//665 673//673 674//674
f 732//732 667//667 666//666
f 666//666 676//676 732//732
f 733//733 668//668 667//667
f 667//667 732//732 733//733
f 712//712 707//707 648//648
f 718//718 717//717 644//644
f 719//719 718//718 644//644
f 645//645 646//646 708//708
f 645//645 708//708 719//719
f 646//646 647//647 709//709
f 720//720 708//708 646//646
f 646//646 709//709 720//720
f 710//710 709//709 647//647
f 648//648 649//649 712//712
f 774//774 721//721 710//710
f 649//649 650//650 713//713
f 713//713 712//712 649//649
f 714//714 713//713 650//650
f 715//715 714//714 650//650
f 651//651 652//652 715//715
f 716//716 715//715 652//652
f 717//717 716//716 653//653
f 663//663 655//655 654//654
f 654//654 662//662 663//663
f 833//833 826//826 767//767
f 827//827 762//762 761//761
f 761//761 767//767 826//826
f 761//761 826//826 827//827
f 828//828 768//768 763//763
f 764//764 769//769 836//836
f 836//836 829//829 764//764
f 832//832 766//766 765//765
f 765//765 831//831 832//832
f 833//833 767//767 766//766
f 766//766 832//832 833//833
f 760//760 825//825 831//831
f 837//837 770//770 768//768
f 768//768 828//828 835//835
f 768//768 835//835 837//837
f 769//769 771//771 836//836
f 839//839 772//772 770//770
f 770//770 837//837 839//839
f 771//771 773//773 840//840
f 838//838 836//836 771//771
f 840//840 838//838 771//771
f 819//819 811//811 756//756
f 815//815 807//807 752//752
f 823//823 815//815 752//752
f 760//760 754//754 753//753
f 753//753 759//759 760//760
f 818//818 759//759 753//753
f 753//753 810//810 818//818
f 761//761 756//756 755//755
f 756//756 761//761 762//762
f 756//756 762//762 827//827
f 839//839 774//774 772//772
f 827//827 819//819 756//756
f 828//828 763//763 757//757
f 757//757 822//822 828//828
f 758//758 764//764 829//829
f 829//829 823//823 758//758
f 824//824 760//760 759//759
f 759//759 818//818 824//824
f 831//831 765//765 760//760
f 760//760 824//824 825//825
f 797//797 796//796 787//787
f 783//783 784//784 794//794
f 793//793 792//792 783//783
f 794//794 793//793 783//783
f 784//784 785//785 794//794
f 785//785 786//786 796//796
f 795//795 794//794 785//785
f 796//796 795//795 785//785
f 786//786 787//787 796//796
f 787//787 788//788 797//797
f 792//792 791//791 782//782
f 798//798 797//797 788//788
f 849//849 798//798 788//788
f 788//788 843//843 846//846
f 788//788 846//846 849//849
f 789//789 790//790 799//799
f 789//789 799//799 850//850
f 848//848 845//845 789//789
f 850//850 848//848 789//789
f 790//790 791//791 800//800
f 777//777 841//841 843//843
f 773//773 775//775 842//842
f 842//842 840//840 773//773
f 841//841 777//777 774//774
f 774//774 839//839 841//841
f 775//775 776//776 779//779
f 779//779 778//778 775//775
f 775//775 778//778 844//844
f 844//844 842//842 775//775
f 843//843 788//788 777//777
f 752//752 758//758 823//823
f 778//778 779//779 844//844
f 779//779 780//780 789//789
f 779//779 789//789 845//845
f 845//845 844//844 779//779
f 780//780 781//781 790//790
f 790//790 789//789 780//780
f 781//781 782//782 791//791
f 791//791 790//790 781//781
f 782//782 783//783 792//792
f 781//781 780//780 723//723
f 730//730 729//729 719//719
f 720//720 721//721 731//731
f 731//731 730//730 720//720
f 788//788 731//731 721//721
f 721//721 774//774 777//777
f 721//721 777//777 788//788
f 722//722 723//723 780//780
f 779//779 776//776 722//722
f 780//780 779//779 722//722
f 723//723 724//724 781//781
f 729//729 728//728 719//719
f 724//724 725//725 782//782
f 782//782 781//781 724//724
f 725//725 726//726 782//782
f 726//726 727//727 783//783
f 783//783 782//782 726//726
f 727//727 728//728 785//785
f 784//784 783//783 727//727
f 785//785 784//784 727//727
f 728//728 729//729 785//785
f 724//724 723//723 714//714
f 710//710 772//772 774//774
f 711//711 712//712 775//775
f 775//775 773//773 711//711
f 712//712 713//713 723//723
f 723//723 722//722 712//712
f 712//712 722//722 776//776
f 776//776 775//775 712//712
f 713//713 714//714 723//723
f 714//714 715//715 725//725
f 729//729 730//730 787//787
f 725//725 724//724 714//714
f 715//715 716//716 725//725
f 716//716 717//717 726//726
f 726//726 725//725 716//716
f 717//717 718//718 727//727
f 727//727 726//726 717//717
f 718//718 719//719 728//728
f 728//728 727//727 718//718
f 719//719 720//720 730//730
f 746//746 809//809 810//810
f 750//750 743//743 742//742
f 742//742 749//749 750//750
f 743//743 750//750 751//751
f 808//808 745//745 744//744
f 744//744 752//752 807//807
f 744//744 807//807 808//808
f 808//808 746//746 745//745
f 810//810 747//747 746//746
f 746//746 808//808 809//809
f 749//749 742//742 741//741
f 810//810 753//753 747//747
f 748//748 756//756 811//811
f 812//812 750//750 749//749
f 749//749 811//811 812//812
f 814//814 751//751 750//750
f 750//750 812//812 813//813
f 750//750 813//813 814//814
f 822//822 757//757 751//751
f 751//751 814//814 822//822
f 735//735 742//742 743//743
f 786//786 785//785 729//729
f 787//787 786//786 729//729
f 730//730 731//731 788//788
f 788//788 787//787 730//730
f 740//740 733//733 732//732
f 742//742 734//734 733//733
f 733//733 740//740 741//741
f 733//733 741//741 742//742
f 742//742 735//735 734//734
f 957//957 1002//1002 1004//1004
f 744//744 737//737 736//736
f 745//745 738//738 737//737
f 737//737 744//744 745//745
f 747//747 739//739 738//738
f 738//738 745//745 746//746
f 738//738 746//746 747//747
f 749//749 741//741 740//740
f 740//740 748//748 811//811
f 811//811 749//749 740//740
f 1173//1173 1174//1174 1237//1237
f 1232//1232 1231//1231 1167//1167
f 1168//1168 1169//1169 1233//1233
f 1233//1233 1232//1232 1168//1168
f 1169//1169 1170//1170 1233//1233
f 1170//1170 1171//1171 1234//1234
f 1234//1234 1233//1233 1170//1170
f 1171//1171 1172//1172 1235//1235
f 1235//1235 1234//1234 1171//1171
f 1172//1172 1173//1173 1236//1236
f 1236//1236 1235//1235 1172//1172
f 1167//1167 1168//1168 1232//1232
f 1237//1237 1236//1236 1173//1173
f 1174//1174 1175//1175 1238//1238
f 1238//1238 1237//1237 1174//1174
f 1239//1239 1238//1238 1175//1175
f 1176//1176 1177//1177 1185//1185
f 1252//1252 1177//1177 1176//1176
f 1176//1176 1185//1185 1260//1260
f 1176//1176 1251//1251 1252//1252
f 1260//1260 1251//1251 1176//1176
f 1173//1173 1172//1172 1162//1162
f 1158//1158 1159//1159 1169//1169
f 1169//1169 1168//1168 1158//1158
f 1159//1159 1160//1160 1170//1170
f 1170//1170 1169//1169 1159//1159
f 1160//1160 1161//1161 1171//1171
f 1171//1171 1170//1170 1160//1160
f 1161//1161 1162//1162 1171//1171
f 1162//1162 1163//1163 1173//1173
f 1172//1172 1171//1171 1162//1162
f 1177//1177 1178//1178 1186//1186
f 1163//1163 1164//1164 1173//1173
f 1164//1164 1165//1165 1174//1174
f 1174//1174 1173//1173 1164//1164
f 1175//1175 1174//1174 1165//1165
f 1239//1239 1175//1175 1165//1165
f 1165//1165 1226//1226 1229//1229
f 1165//1165 1229//1229 1239//1239
f 1166//1166 1167//1167 1231//1231
f 1231//1231 1230//1230 1166//1166
f 1185//1185 1186//1186 1196//1196
f 1182//1182 1183//1183 1192//1192
f 1266//1266 1183//1183 1182//1182
f 1191//1191 1190//1190 1182//1182
f 1192//1192 1191//1191 1182//1182
f 1183//1183 1184//1184 1192//1192
f 1267//1267 1184//1184 1183//1183
f 1183//1183 1266//1266 1267//1267
f 1193//1193 1192//1192 1184//1184
f 1268//1268 1193//1193 1184//1184
f 1184//1184 1267//1267 1268//1268
f 1181//1181 1265//1265 1266//1266
f 1196//1196 1195//1195 1185//1185
f 1185//1185 1195//1195 1269//1269
f 1270//1270 1260//1260 1185//1185
f 1185//1185 1269//1269 1270//1270
f 1186//1186 1187//1187 1198//1198
f 1197//1197 1196//1196 1186//1186
f 1198//1198 1197//1197 1186//1186
f 1187//1187 1188//1188 1198//1198
f 1188//1188 1189//1189 1200//1200
f 1263//1263 1180//1180 1179//1179
f 1262//1262 1178//1178 1177//1177
f 1186//1186 1185//1185 1177//1177
f 1177//1177 1252//1252 1261//1261
f 1177//1177 1261//1261 1262//1262
f 1178//1178 1179//1179 1187//1187
f 1263//1263 1179//1179 1178//1178
f 1187//1187 1186//1186 1178//1178
f 1178//1178 1262//1262 1263//1263
f 1179//1179 1180//1180 1188//1188
f 1168//1168 1167//1167 1157//1157
f 1188//1188 1187//1187 1179//1179
f 1180//1180 1181//1181 1190//1190
f 1264//1264 1181//1181 1180//1180
f 1189//1189 1188//1188 1180//1180
f 1190//1190 1189//1189 1180//1180
f 1180//1180 1263//1263 1264//1264
f 1181//1181 1182//1182 1190//1190
f 1266//1266 1182//1182 1181//1181
f 1181//1181 1264//1264 1265//1265
f 1207//1207 1200//1200 1130//1130
f 1134//1134 1133//1133 1124//1124
f 1204//1204 1134//1134 1124//1124
f 1196//1196 1126//1126 1125//1125
f 1125//1125 1136//1136 1206//1206
f 1206//1206 1196//1196 1125//1125
f 1207//1207 1130//1130 1129//1129
f 1129//1129 1199//1199 1200//1200
f 1129//1129 1200//1200 1207//1207
f 1201//1201 1131//1131 1130//1130
f 1130//1130 1200//1200 1201//1201
f 1123//1123 1203//1203 1204//1204
f 1204//1204 1135//1135 1134//1134
f 1210//1210 1137//1137 1135//1135
f 1135//1135 1204//1204 1208//1208
f 1135//1135 1208//1208 1210//1210
f 1136//1136 1138//1138 1209//1209
f 1209//1209 1206//1206 1136//1136
f 1210//1210 1139//1139 1137//1137
f 1138//1138 1140//1140 1213//1213
f 1211//1211 1209//1209 1138//1138
f 1202//1202 1122//1122 1121//1121
f 1127//1127 1126//1126 1118//1118
f 1128//1128 1127//1127 1118//1118
f 1118//1118 1197//1197 1198//1198
f 1119//1119 1120//1120 1129//1129
f 1198//1198 1120//1120 1119//1119
f 1129//1129 1128//1128 1119//1119
f 1199//1199 1129//1129 1120//1120
f 1120//1120 1198//1198 1199//1199
f 1121//1121 1122//1122 1131//1131
f 1213//1213 1211//1211 1138//1138
f 1121//1121 1131//1131 1201//1201
f 1121//1121 1201//1201 1202//1202
f 1122//1122 1123//1123 1133//1133
f 1203//1203 1123//1123 1122//1122
f 1132//1132 1131//1131 1122//1122
f 1133//1133 1132//1132 1122//1122
f 1122//1122 1202//1202 1203//1203
f 1123//1123 1124//1124 1133//1133
f 1204//1204 1124//1124 1123//1123
f 1152//1152 1155//1155 1225//1225
f 1222//1222 1151//1151 1149//1149
f 1149//1149 1220//1220 1222//1222
f 1150//1150 1152//1152 1225//1225
f 1225//1225 1223//1223 1150//1150
f 1226//1226 1154//1154 1151//1151
f 1151//1151 1222//1222 1224//1224
f 1151//1151 1224//1224 1226//1226
f 1152//1152 1153//1153 1156//1156
f 1156//1156 1155//1155 1152//1152
f 1223//1223 1221//1221 1148//1148
f 1226//1226 1165//1165 1154//1154
f 1155//1155 1156//1156 1227//1227
f 1227//1227 1225//1225 1155//1155
f 1156//1156 1157//1157 1167//1167
f 1167//1167 1166//1166 1156//1156
f 1156//1156 1166//1166 1230//1230
f 1228//1228 1227//1227 1156//1156
f 1230//1230 1228//1228 1156//1156
f 1157//1157 1158//1158 1168//1168
f 1143//1143 1216//1216 1218//1218
f 1214//1214 1141//1141 1139//1139
f 1139//1139 1210//1210 1212//1212
f 1139//1139 1212//1212 1214//1214
f 1140//1140 1142//1142 1215//1215
f 1215//1215 1213//1213 1140//1140
f 1214//1214 1143//1143 1141//1141
f 1142//1142 1144//1144 1215//1215
f 1218//1218 1145//1145 1143//1143
f 1143//1143 1214//1214 1216//1216
f 1199//1199 1198//1198 1188//1188
f 1144//1144 1146//1146 1219//1219
f 1217//1217 1215//1215 1144//1144
f 1219//1219 1217//1217 1144//1144
f 1218//1218 1147//1147 1145//1145
f 1146//1146 1148//1148 1219//1219
f 1220//1220 1149//1149 1147//1147
f 1147//1147 1218//1218 1220//1220
f 1148//1148 1150//1150 1223//1223
f 1221//1221 1219//1219 1148//1148
f 1341//1341 1335//1335 1246//1246
f 1244//1244 1245//1245 1253//1253
f 1334//1334 1245//1245 1244//1244
f 1244//1244 1333//1333 1334//1334
f 1245//1245 1246//1246 1255//1255
f 1341//1341 1246//1246 1245//1245
f 1254//1254 1253//1253 1245//1245
f 1255//1255 1254//1254 1245//1245
f 1245//1245 1334//1334 1341//1341
f 1246//1246 1247//1247 1255//1255
f 1342//1342 1247//1247 1246//1246
f 1253//1253 1252//1252 1243//1243
f 1246//1246 1335//1335 1342//1342
f 1247//1247 1248//1248 1256//1256
f 1344//1344 1248//1248 1247//1247
f 1256//1256 1255//1255 1247//1247
f 1247//1247 1342//1342 1343//1343
f 1247//1247 1343//1343 1344//1344
f 1248//1248 1249//1249 1257//1257
f 1344//1344 1249//1249 1248//1248
f 1257//1257 1256//1256 1248//1248
f 1240//1240 1331//1331 1332//1332
f 1237//1237 1238//1238 1307//1307
f 1306//1306 1305//1305 1237//1237
f 1307//1307 1306//1306 1237//1237
f 1238//1238 1239//1239 1308//1308
f 1308//1308 1307//1307 1238//1238
f 1239//1239 1297//1297 1308//1308
f 1243//1243 1242//1242 1240//1240
f 1240//1240 1242//1242 1340//1340
f 1332//1332 1243//1243 1240//1240
f 1249//1249 1250//1250 1259//1259
f 1340//1340 1331//1331 1240//1240
f 1241//1241 1244//1244 1332//1332
f 1333//1333 1244//1244 1241//1241
f 1241//1241 1332//1332 1333//1333
f 1242//1242 1243//1243 1252//1252
f 1252//1252 1251//1251 1242//1242
f 1242//1242 1251//1251 1340//1340
f 1243//1243 1244//1244 1253//1253
f 1332//1332 1244//1244 1243//1243
f 1351//1351 1270//1270 1269//1269
f 1266//1266 1265//1265 1257//1257
f 1258//1258 1259//1259 1267//1267
f 1267//1267 1266//1266 1258//1258
f 1268//1268 1267//1267 1259//1259
f 1348//1348 1268//1268 1259//1259
f 1260//1260 1270//1270 1352//1352
f 1352//1352 1349//1349 1260//1260
f 1353//1353 1271//1271 1268//1268
f 1268//1268 1348//1348 1350//1350
f 1268//1268 1350//1350 1353//1353
f 1257//1257 1258//1258 1266//1266
f 1269//1269 1273//1273 1351//1351
f 1270//1270 1351//1351 1352//1352
f 1353//1353 1272//1272 1271//1271
f 1356//1356 1274//1274 1272//1272
f 1272//1272 1353//1353 1354//1354
f 1272//1272 1354//1354 1356//1356
f 1273//1273 1275//1275 1355//1355
f 1355//1355 1351//1351 1273//1273
f 1358//1358 1276//1276 1274//1274
f 1349//1349 1347//1347 1251//1251
f 1345//1345 1250//1250 1249//1249
f 1258//1258 1257//1257 1249//1249
f 1259//1259 1258//1258 1249//1249
f 1249//1249 1344//1344 1345//1345
f 1348//1348 1259//1259 1250//1250
f 1250//1250 1345//1345 1346//1346
f 1250//1250 1346//1346 1348//1348
f 1251//1251 1260//1260 1349//1349
f 1347//1347 1340//1340 1251//1251
f 1236//1236 1237//1237 1305//1305
f 1252//1252 1253//1253 1262//1262
f 2720//2720 2520//2520 2516//2516
f 1253//1253 1254//1254 1263//1263
f 1263//1263 1262//1262 1253//1253
f 1254//1254 1255//1255 1264//1264
f 1264//1264 1263//1263 1254//1254
f 1255//1255 1256//1256 1265//1265
f 1265//1265 1264//1264 1255//1255
f 1256//1256 1257//1257 1265//1265
f 1210//1210 1278//1278 1280//1280
f 1276//1276 1208//1208 1205//1205
f 1205//1205 1272//1272 1274//1274
f 1205//1205 1274//1274 1276//1276
f 1206//1206 1209//1209 1277//1277
f 1277//1277 1275//1275 1206//1206
f 1278//1278 1210//1210 1208//1208
f 1208//1208 1276//1276 1278//1278
f 1209//1209 1211//1211 1279//1279
f 1279//1279 1277//1277 1209//1209
f 1280//1280 1212//1212 1210//1210
f 1204//1204 1205//1205 1208//1208
f 1211//1211 1213//1213 1281//1281
f 1281//1281 1279//1279 1211//1211
f 1280//1280 1214//1214 1212//1212
f 1213//1213 1215//1215 1283//1283
f 1283//1283 1281//1281 1213//1213
f 1284//1284 1216//1216 1214//1214
f 1214//1214 1280//1280 1282//1282
f 1214//1214 1282//1282 1284//1284
f 1215//1215 1217//1217 1285//1285
f 1193//1193 1194//1194 1205//1205
f 1200//1200 1199//1199 1188//1188
f 1189//1189 1190//1190 1201//1201
f 1201//1201 1200//1200 1189//1189
f 1190//1190 1191//1191 1202//1202
f 1202//1202 1201//1201 1190//1190
f 1191//1191 1192//1192 1202//1202
f 1192//1192 1193//1193 1204//1204
f 1203//1203 1202//1202 1192//1192
f 1204//1204 1203//1203 1192//1192
f 1285//1285 1283//1283 1215//1215
f 1272//1272 1194//1194 1193//1193
f 1205//1205 1204//1204 1193//1193
f 1193//1193 1268//1268 1271//1271
f 1193//1193 1271//1271 1272//1272
f 1272//1272 1205//1205 1194//1194
f 1195//1195 1196//1196 1206//1206
f 1195//1195 1206//1206 1275//1275
f 1273//1273 1269//1269 1195//1195
f 1275//1275 1273//1273 1195//1195
f 1300//1300 1299//1299 1231//1231
f 1294//1294 1229//1229 1226//1226
f 1227//1227 1228//1228 1230//1230
f 1227//1227 1230//1230 1296//1296
f 1296//1296 1295//1295 1227//1227
f 1297//1297 1239//1239 1229//1229
f 1229//1229 1294//1294 1297//1297
f 1230//1230 1231//1231 1299//1299
f 1299//1299 1296//1296 1230//1230
f 1231//1231 1232//1232 1300//1300
f 1295//1295 1293//1293 1225//1225
f 1232//1232 1233//1233 1302//1302
f 1301//1301 1300//1300 1232//1232
f 1302//1302 1301//1301 1232//1232
f 1233//1233 1234//1234 1303//1303
f 1303//1303 1302//1302 1233//1233
f 1234//1234 1235//1235 1304//1304
f 1304//1304 1303//1303 1234//1234
f 1235//1235 1236//1236 1305//1305
f 1305//1305 1304//1304 1235//1235
f 1221//1221 1223//1223 1291//1291
f 1284//1284 1218//1218 1216//1216
f 1217//1217 1219//1219 1285//1285
f 1288//1288 1220//1220 1218//1218
f 1218//1218 1284//1284 1286//1286
f 1218//1218 1286//1286 1288//1288
f 1219//1219 1221//1221 1287//1287
f 1287//1287 1285//1285 1219//1219
f 1290//1290 1222//1222 1220//1220
f 1220//1220 1288//1288 1290//1290
f 1198//1198 1119//1119 1118//1118
f 1289//1289 1287//1287 1221//1221
f 1291//1291 1289//1289 1221//1221
f 1292//1292 1224//1224 1222//1222
f 1222//1222 1290//1290 1292//1292
f 1223//1223 1225//1225 1293//1293
f 1293//1293 1291//1291 1223//1223
f 1294//1294 1226//1226 1224//1224
f 1224//1224 1292//1292 1294//1294
f 1225//1225 1227//1227 1295//1295
f 1056//1056 1054//1054 1012//1012
f 1050//1050 1048//1048 1007//1007
f 1049//1049 1011//1011 1008//1008
f 1009//1009 1010//1010 1050//1050
f 1010//1010 1012//1012 1054//1054
f 1051//1051 1050//1050 1010//1010
f 1054//1054 1051//1051 1010//1010
f 1052//1052 1016//1016 1011//1011
f 1011//1011 1049//1049 1052//1052
f 1018//1018 1017//1017 1012//1012
f 1012//1012 1017//1017 1056//1056
f 1007//1007 1009//1009 1050//1050
f 1019//1019 1018//1018 1013//1013
f 1022//1022 1021//1021 1014//1014
f 1023//1023 1022//1022 1015//1015
f 1026//1026 1025//1025 1016//1016
f 1065//1065 1026//1026 1016//1016
f 1016//1016 1052//1052 1055//1055
f 1016//1016 1055//1055 1065//1065
f 1017//1017 1018//1018 1056//1056
f 1018//1018 1019//1019 1057//1057
f 1003//1003 1005//1005 1044//1044
f 1039//1039 1000//1000 998//998
f 998//998 1037//1037 1039//1039
f 999//999 1001//1001 1040//1040
f 1043//1043 1002//1002 1000//1000
f 1000//1000 1039//1039 1041//1041
f 1000//1000 1041//1041 1043//1043
f 1001//1001 1003//1003 1042//1042
f 1042//1042 1040//1040 1001//1001
f 1043//1043 1004//1004 1002//1002
f 1057//1057 1056//1056 1018//1018
f 1044//1044 1042//1042 1003//1003
f 1047//1047 1006//1006 1004//1004
f 1004//1004 1043//1043 1045//1045
f 1004//1004 1045//1045 1047//1047
f 1005//1005 1007//1007 1048//1048
f 1046//1046 1044//1044 1005//1005
f 1048//1048 1046//1046 1005//1005
f 1049//1049 1008//1008 1006//1006
f 1006//1006 1047//1047 1049//1049
f 1083//1083 1035//1035 1034//1034
f 1028//1028 1077//1077 1078//1078
f 1078//1078 1030//1030 1029//1029
f 1079//1079 1031//1031 1030//1030
f 1030//1030 1078//1078 1079//1079
f 1081//1081 1032//1032 1031//1031
f 1031//1031 1079//1079 1080//1080
f 1031//1031 1080//1080 1081//1081
f 1082//1082 1033//1033 1032//1032
f 1032//1032 1081//1081 1082//1082
f 1082//1082 1034//1034 1033//1033
f 1078//1078 1029//1029 1028//1028
f 1034//1034 1082//1082 1083//1083
f 1085//1085 1036//1036 1035//1035
f 1035//1035 1083//1083 1084//1084
f 1035//1035 1084//1084 1085//1085
f 1086//1086 1037//1037 1036//1036
f 1036//1036 1085//1085 1086//1086
f 1088//1088 1039//1039 1037//1037
f 1037//1037 1086//1086 1088//1088
f 1038//1038 1040//1040 1089//1089
f 1023//1023 1024//1024 1062//1062
f 1019//1019 1020//1020 1059//1059
f 1058//1058 1057//1057 1019//1019
f 1059//1059 1058//1058 1019//1019
f 1020//1020 1021//1021 1059//1059
f 1021//1021 1022//1022 1060//1060
f 1060//1060 1059//1059 1021//1021
f 1022//1022 1023//1023 1062//1062
f 1061//1061 1060//1060 1022//1022
f 1062//1062 1061//1061 1022//1022
f 1040//1040 1038//1038 997//997
f 1024//1024 1025//1025 1064//1064
f 1063//1063 1062//1062 1024//1024
f 1064//1064 1063//1063 1024//1024
f 1025//1025 1026//1026 1064//1064
f 1065//1065 1064//1064 1026//1026
f 1077//1077 1028//1028 1027//1027
f 1027//1027 1038//1038 1087//1087
f 1027//1027 1076//1076 1077//1077
f 1087//1087 1076//1076 1027//1027
f 972//972 973//973 1023//1023
f 967//967 1013//1013 1018//1018
f 968//968 969//969 1020//1020
f 1019//1019 1013//1013 968//968
f 1020//1020 1019//1019 968//968
f 969//969 970//970 1014//1014
f 969//969 1014//1014 1021//1021
f 1021//1021 1020//1020 969//969
f 970//970 971//971 1014//1014
f 971//971 972//972 1022//1022
f 1022//1022 1014//1014 971//971
f 1018//1018 1012//1012 967//967
f 972//972 1015//1015 1022//1022
f 1023//1023 1015//1015 972//972
f 973//973 974//974 1024//1024
f 1024//1024 1023//1023 973//973
f 974//974 975//975 1016//1016
f 974//974 1016//1016 1025//1025
f 1025//1025 1024//1024 974//974
f 987//987 977//977 976//976
f 989//989 978//978 977//977
f 963//963 964//964 1009//1009
f 958//958 960//960 1007//1007
f 1007//1007 1005//1005 958//958
f 1008//1008 962//962 959//959
f 959//959 1004//1004 1006//1006
f 959//959 1006//1006 1008//1008
f 960//960 961//961 964//964
f 964//964 963//963 960//960
f 960//960 963//963 1007//1007
f 1008//1008 965//965 962//962
f 977//977 987//987 988//988
f 1009//1009 1007//1007 963//963
f 964//964 966//966 1010//1010
f 1010//1010 1009//1009 964//964
f 1016//1016 975//975 965//965
f 965//965 1008//1008 1011//1011
f 965//965 1011//1011 1016//1016
f 966//966 967//967 1012//1012
f 1012//1012 1010//1010 966//966
f 967//967 968//968 1013//1013
f 992//992 1032//1032 1033//1033
f 987//987 997//997 1038//1038
f 1038//1038 1027//1027 987//987
f 1029//1029 989//989 988//988
f 988//988 1027//1027 1028//1028
f 988//988 1028//1028 1029//1029
f 989//989 1029//1029 1030//1030
f 1031//1031 991//991 990//990
f 990//990 1030//1030 1031//1031
f 1033//1033 993//993 992//992
f 1027//1027 988//988 987//987
f 1035//1035 994//994 993//993
f 993//993 1033//1033 1034//1034
f 993//993 1034//1034 1035//1035
f 1036//1036 995//995 994//994
f 994//994 1035//1035 1036//1036
f 1036//1036 996//996 995//995
f 1037//1037 998//998 996//996
f 996//996 1036//1036 1037//1037
f 997//997 999//999 1040//1040
f 1032//1032 992//992 981//981
f 977//977 988//988 989//989
f 989//989 979//979 978//978
f 991//991 980//980 979//979
f 979//979 989//989 1030//1030
f 979//979 990//990 991//991
f 1030//1030 990//990 979//979
f 1031//1031 981//981 980//980
f 980//980 991//991 1031//1031
f 992//992 982//982 981//981
f 1089//1089 1087//1087 1038//1038
f 981//981 1031//1031 1032//1032
f 992//992 983//983 982//982
f 993//993 984//984 983//983
f 983//983 992//992 993//993
f 995//995 985//985 984//984
f 984//984 993//993 994//994
f 984//984 994//994 995//995
f 995//995 986//986 985//985
f 986//986 995//995 996//996
f 1145//1145 1096//1096 1094//1094
f 1089//1089 1091//1091 1140//1140
f 1140//1140 1138//1138 1089//1089
f 1141//1141 1092//1092 1090//1090
f 1090//1090 1137//1137 1139//1139
f 1090//1090 1139//1139 1141//1141
f 1091//1091 1093//1093 1140//1140
f 1141//1141 1094//1094 1092//1092
f 1093//1093 1095//1095 1144//1144
f 1142//1142 1140//1140 1093//1093
f 1144//1144 1142//1142 1093//1093
f 1088//1088 1135//1135 1137//1137
f 1094//1094 1141//1141 1143//1143
f 1094//1094 1143//1143 1145//1145
f 1095//1095 1097//1097 1144//1144
f 1145//1145 1098//1098 1096//1096
f 1097//1097 1099//1099 1148//1148
f 1146//1146 1144//1144 1097//1097
f 1148//1148 1146//1146 1097//1097
f 1149//1149 1100//1100 1098//1098
f 1098//1098 1145//1145 1147//1147
f 1083//1083 1132//1132 1133//1133
f 1079//1079 1127//1127 1128//1128
f 1079//1079 1128//1128 1129//1129
f 1130//1130 1081//1081 1080//1080
f 1080//1080 1129//1129 1130//1130
f 1131//1131 1082//1082 1081//1081
f 1081//1081 1130//1130 1131//1131
f 1131//1131 1083//1083 1082//1082
f 1133//1133 1084//1084 1083//1083
f 1083//1083 1131//1131 1132//1132
f 1098//1098 1147//1147 1149//1149
f 1133//1133 1085//1085 1084//1084
f 1134//1134 1086//1086 1085//1085
f 1085//1085 1133//1133 1134//1134
f 1135//1135 1088//1088 1086//1086
f 1086//1086 1134//1134 1135//1135
f 1087//1087 1089//1089 1138//1138
f 1136//1136 1125//1125 1087//1087
f 1138//1138 1136//1136 1087//1087
f 1137//1137 1090//1090 1088//1088
f 1114//1114 1115//1115 1163//1163
f 1110//1110 1111//1111 1160//1160
f 1159//1159 1158//1158 1110//1110
f 1160//1160 1159//1159 1110//1110
f 1111//1111 1112//1112 1160//1160
f 1112//1112 1113//1113 1162//1162
f 1161//1161 1160//1160 1112//1112
f 1162//1162 1161//1161 1112//1112
f 1113//1113 1114//1114 1163//1163
f 1163//1163 1162//1162 1113//1113
f 1158//1158 1157//1157 1109//1109
f 1115//1115 1116//1116 1165//1165
f 1164//1164 1163//1163 1115//1115
f 1165//1165 1164//1164 1115//1115
f 1116//1116 1154//1154 1165//1165
f 1117//1117 1118//1118 1126//1126
f 1197//1197 1118//1118 1117//1117
f 1117//1117 1126//1126 1196//1196
f 1117//1117 1196//1196 1197//1197
f 1118//1118 1119//1119 1128//1128
f 1104//1104 1105//1105 1153//1153
f 1099//1099 1101//1101 1148//1148
f 1151//1151 1103//1103 1100//1100
f 1100//1100 1149//1149 1151//1151
f 1101//1101 1102//1102 1104//1104
f 1101//1101 1104//1104 1152//1152
f 1150//1150 1148//1148 1101//1101
f 1152//1152 1150//1150 1101//1101
f 1105//1105 1104//1104 1102//1102
f 1151//1151 1106//1106 1103//1103
f 1129//1129 1080//1080 1079//1079
f 1153//1153 1152//1152 1104//1104
f 1105//1105 1107//1107 1153//1153
f 1154//1154 1116//1116 1106//1106
f 1106//1106 1151//1151 1154//1154
f 1107//1107 1108//1108 1156//1156
f 1156//1156 1153//1153 1107//1107
f 1108//1108 1109//1109 1157//1157
f 1157//1157 1156//1156 1108//1108
f 1109//1109 1110//1110 1158//1158
f 1105//1105 1102//1102 1054//1054
f 1049//1049 1098//1098 1100//1100
f 1050//1050 1051//1051 1054//1054
f 1054//1054 1053//1053 1050//1050
f 1050//1050 1053//1053 1101//1101
f 1099//1099 1097//1097 1050//1050
f 1101//1101 1099//1099 1050//1050
f 1100//1100 1055//1055 1052//1052
f 1053//1053 1054//1054 1102//1102
f 1102//1102 1101//1101 1053//1053
f 1054//1054 1056//1056 1105//1105
f 1049//1049 1096//1096 1098//1098
f 1103//1103 1065//1065 1055//1055
f 1055//1055 1100//1100 1103//1103
f 1056//1056 1057//1057 1066//1066
f 1056//1056 1066//1066 1107//1107
f 1107//1107 1105//1105 1056//1056
f 1057//1057 1058//1058 1068//1068
f 1067//1067 1066//1066 1057//1057
f 1068//1068 1067//1067 1057//1057
f 1058//1058 1059//1059 1069//1069
f 1044//1044 1046//1046 1095//1095
f 1088//1088 1041//1041 1039//1039
f 1040//1040 1042//1042 1091//1091
f 1091//1091 1089//1089 1040//1040
f 1090//1090 1043//1043 1041//1041
f 1041//1041 1088//1088 1090//1090
f 1042//1042 1044//1044 1091//1091
f 1094//1094 1045//1045 1043//1043
f 1043//1043 1090//1090 1092//1092
f 1043//1043 1092//1092 1094//1094
f 1069//1069 1068//1068 1058//1058
f 1093//1093 1091//1091 1044//1044
f 1095//1095 1093//1093 1044//1044
f 1094//1094 1047//1047 1045//1045
f 1046//1046 1048//1048 1095//1095
f 1096//1096 1049//1049 1047//1047
f 1047//1047 1094//1094 1096//1096
f 1048//1048 1050//1050 1097//1097
f 1097//1097 1095//1095 1048//1048
f 1100//1100 1052//1052 1049//1049
f 1115//1115 1114//1114 1073//1073
f 1110//1110 1109//1109 1069//1069
f 1070//1070 1071//1071 1112//1112
f 1111//1111 1110//1110 1070//1070
f 1112//1112 1111//1111 1070//1070
f 1071//1071 1072//1072 1112//1112
f 1072//1072 1073//1073 1113//1113
f 1113//1113 1112//1112 1072//1072
f 1073//1073 1074//1074 1115//1115
f 1114//1114 1113//1113 1073//1073
f 1069//1069 1070//1070 1110//1110
f 1074//1074 1075//1075 1116//1116
f 1116//1116 1115//1115 1074//1074
f 1075//1075 1106//1106 1116//1116
f 1126//1126 1077//1077 1076//1076
f 1076//1076 1087//1087 1125//1125
f 1076//1076 1125//1125 1126//1126
f 1127//1127 1078//1078 1077//1077
f 1077//1077 1126//1126 1127//1127
f 1127//1127 1079//1079 1078//1078
f 1064//1064 1065//1065 1074//1074
f 1059//1059 1060//1060 1069//1069
f 1060//1060 1061//1061 1071//1071
f 1070//1070 1069//1069 1060//1060
f 1071//1071 1070//1070 1060//1060
f 1061//1061 1062//1062 1072//1072
f 1072//1072 1071//1071 1061//1061
f 1062//1062 1063//1063 1072//1072
f 1063//1063 1064//1064 1073//1073
f 1073//1073 1072//1072 1063//1063
f 638//638 637//637 626//626
f 1074//1074 1073//1073 1064//1064
f 1075//1075 1074//1074 1065//1065
f 1106//1106 1075//1075 1065//1065
f 1065//1065 1103//1103 1106//1106
f 1066//1066 1067//1067 1107//1107
f 1067//1067 1068//1068 1109//1109
f 1108//1108 1107//1107 1067//1067
f 1109//1109 1108//1108 1067//1067
f 1068//1068 1069//1069 1109//1109
f 212//212 211//211 199//199
f 193//193 287//287 293//293
f 194//194 202//202 294//294
f 294//294 288//288 194//194
f 290//290 196//196 195//195
f 195//195 289//289 290//290
f 290//290 207//207 196//196
f 197//197 208//208 297//297
f 297//297 291//291 197//197
f 211//211 210//210 198//198
f 199//199 200//200 212//212
f 293//293 201//201 193//193
f 200//200 201//201 212//212
f 213//213 212//212 201//201
f 299//299 213//213 201//201
f 201//201 293//293 299//299
f 202//202 203//203 215//215
f 215//215 214//214 202//202
f 202//202 214//214 300//300
f 300//300 294//294 202//202
f 203//203 204//204 215//215
f 189//189 194//194 288//288
f 271//271 190//190 184//184
f 184//184 261//261 271//271
f 185//185 190//190 191//191
f 192//192 187//187 186//186
f 187//187 192//192 283//283
f 283//283 272//272 187//187
f 287//287 193//193 188//188
f 188//188 266//266 276//276
f 188//188 276//276 287//287
f 204//204 205//205 217//217
f 288//288 277//277 189//189
f 196//196 191//191 190//190
f 190//190 195//195 196//196
f 289//289 195//195 190//190
f 190//190 271//271 281//281
f 190//190 281//281 289//289
f 192//192 197//197 291//291
f 192//192 282//282 283//283
f 291//291 282//282 192//192
f 230//230 229//229 217//217
f 304//304 225//225 213//213
f 213//213 299//299 304//304
f 214//214 215//215 227//227
f 227//227 226//226 214//214
f 214//214 226//226 300//300
f 215//215 216//216 228//228
f 228//228 227//227 215//215
f 216//216 217//217 229//229
f 229//229 228//228 216//216
f 217//217 218//218 230//230
f 225//225 224//224 213//213
f 218//218 219//219 231//231
f 231//231 230//230 218//218
f 302//302 231//231 219//219
f 219//219 296//296 302//302
f 220//220 221//221 233//233
f 233//233 232//232 220//220
f 220//220 232//232 307//307
f 307//307 303//303 220//220
f 221//221 222//222 234//234
f 208//208 220//220 303//303
f 216//216 215//215 204//204
f 217//217 216//216 204//204
f 205//205 206//206 218//218
f 218//218 217//217 205//205
f 206//206 207//207 218//218
f 219//219 218//218 207//207
f 296//296 219//219 207//207
f 207//207 290//290 296//296
f 208//208 209//209 220//220
f 190//190 185//185 184//184
f 303//303 297//297 208//208
f 209//209 210//210 222//222
f 221//221 220//220 209//209
f 222//222 221//221 209//209
f 210//210 211//211 222//222
f 211//211 212//212 224//224
f 223//223 222//222 211//211
f 224//224 223//223 211//211
f 212//212 213//213 224//224
f 171//171 160//160 159//159
f 164//164 154//154 153//153
f 153//153 162//162 163//163
f 153//153 163//163 164//164
f 165//165 155//155 154//154
f 154//154 164//164 165//165
f 166//166 156//156 155//155
f 155//155 165//165 166//166
f 168//168 158//158 157//157
f 169//169 159//159 158//158
f 158//158 168//168 169//169
f 162//162 153//153 152//152
f 159//159 169//169 170//170
f 159//159 170//170 171//171
f 171//171 161//161 160//160
f 161//161 171//171 172//172
f 174//174 163//163 162//162
f 162//162 173//173 174//174
f 175//175 164//164 163//163
f 163//163 174//174 175//175
f 176//176 165//165 164//164
f 154//154 146//146 145//145
f 140//140 141//141 205//205
f 205//205 204//204 140//140
f 141//141 142//142 206//206
f 206//206 205//205 141//141
f 207//207 206//206 142//142
f 152//152 144//144 143//143
f 154//154 145//145 144//144
f 144//144 152//152 153//153
f 144//144 153//153 154//154
f 164//164 175//175 176//176
f 146//146 154//154 155//155
f 157//157 148//148 147//147
f 158//158 149//149 148//148
f 148//148 157//157 158//158
f 159//159 150//150 149//149
f 149//149 158//158 159//159
f 160//160 151//151 150//150
f 150//150 159//159 160//160
f 151//151 160//160 161//161
f 186//186 180//180 179//179
f 174//174 257//257 258//258
f 259//259 176//176 175//175
f 175//175 258//258 259//259
f 260//260 177//177 176//176
f 176//176 259//259 260//260
f 185//185 178//178 177//177
f 177//177 184//184 185//185
f 261//261 184//184 177//177
f 177//177 260//260 261//261
f 258//258 175//175 174//174
f 262//262 181//181 180//180
f 180//180 186//186 187//187
f 180//180 187//187 272//272
f 272//272 262//262 180//180
f 181//181 262//262 263//263
f 266//266 188//188 182//182
f 183//183 189//189 277//277
f 267//267 257//257 183//183
f 277//277 267//267 183//183
f 169//169 254//254 264//264
f 176//176 166//166 165//165
f 166//166 176//176 177//177
f 180//180 168//168 167//167
f 167//167 179//179 180//180
f 180//180 169//169 168//168
f 264//264 170//170 169//169
f 169//169 180//180 181//181
f 169//169 181//181 263//263
f 263//263 254//254 169//169
f 234//234 233//233 221//221
f 264//264 171//171 170//170
f 255//255 172//172 171//171
f 265//265 255//255 171//171
f 171//171 264//264 265//265
f 266//266 182//182 172//172
f 172//172 255//255 256//256
f 172//172 256//256 266//266
f 257//257 174//174 173//173
f 173//173 183//183 257//257
f 280//280 360//360 361//361
f 275//275 285//285 286//286
f 276//276 286//286 287//287
f 359//359 278//278 277//277
f 277//277 288//288 367//367
f 277//277 358//358 359//359
f 367//367 358//358 277//277
f 360//360 279//279 278//278
f 278//278 359//359 360//360
f 360//360 280//280 279//279
f 361//361 281//281 280//280
f 286//286 276//276 275//275
f 361//361 289//289 281//281
f 291//291 283//283 282//282
f 363//363 284//284 283//283
f 283//283 291//291 292//292
f 283//283 292//292 362//362
f 283//283 362//362 363//363
f 364//364 285//285 284//284
f 284//284 363//363 364//364
f 364//364 286//286 285//285
f 268//268 278//278 279//279
f 263//263 272//272 273//273
f 275//275 265//265 264//264
f 264//264 273//273 274//274
f 264//264 274//274 275//275
f 276//276 266//266 265//265
f 265//265 275//275 276//276
f 277//277 268//268 267//267
f 279//279 269//269 268//268
f 268//268 277//277 278//278
f 365//365 287//287 286//286
f 279//279 270//270 269//269
f 281//281 271//271 270//270
f 270//270 279//279 280//280
f 270//270 280//280 281//281
f 284//284 273//273 272//272
f 272//272 283//283 284//284
f 285//285 274//274 273//273
f 273//273 284//284 285//285
f 285//285 275//275 274//274
f 301//301 381//381 389//389
f 295//295 371//371 381//381
f 296//296 301//301 302//302
f 383//383 298//298 297//297
f 297//297 303//303 382//382
f 297//297 382//382 383//383
f 383//383 372//372 298//298
f 387//387 304//304 299//299
f 300//300 305//305 393//393
f 393//393 388//388 300//300
f 395//395 302//302 301//301
f 381//381 301//301 295//295
f 301//301 389//389 395//395
f 395//395 306//306 302//302
f 303//303 307//307 390//390
f 390//390 382//382 303//303
f 392//392 308//308 304//304
f 304//304 387//387 392//392
f 305//305 309//309 393//393
f 395//395 311//311 306//306
f 307//307 312//312 403//403
f 292//292 297//297 298//298
f 286//286 364//364 365//365
f 366//366 293//293 287//287
f 287//287 365//365 366//366
f 288//288 294//294 367//367
f 295//295 290//290 289//289
f 371//371 295//295 289//289
f 289//289 361//361 371//371
f 290//290 295//295 296//296
f 297//297 292//292 291//291
f 273//273 264//264 263//263
f 292//292 298//298 372//372
f 372//372 362//362 292//292
f 387//387 299//299 293//293
f 293//293 366//366 376//376
f 293//293 376//376 387//387
f 294//294 300//300 388//388
f 377//377 367//367 294//294
f 388//388 377//377 294//294
f 301//301 296//296 295//295
f 234//234 235//235 247//247
f 243//243 242//242 231//231
f 311//311 243//243 231//231
f 231//231 302//302 306//306
f 231//231 306//306 311//311
f 232//232 233//233 244//244
f 232//232 244//244 312//312
f 312//312 307//307 232//232
f 233//233 234//234 246//246
f 245//245 244//244 233//233
f 246//246 245//245 233//233
f 242//242 241//241 230//230
f 247//247 246//246 234//234
f 235//235 236//236 248//248
f 248//248 247//247 235//235
f 236//236 237//237 308//308
f 316//316 248//248 236//236
f 236//236 308//308 317//317
f 317//317 316//316 236//236
f 238//238 239//239 309//309
f 239//239 240//240 249//249
f 226//226 238//238 309//309
f 222//222 223//223 234//234
f 223//223 224//224 235//235
f 235//235 234//234 223//223
f 224//224 225//225 236//236
f 236//236 235//235 224//224
f 237//237 236//236 225//225
f 308//308 237//237 225//225
f 225//225 304//304 308//308
f 226//226 227//227 238//238
f 239//239 249//249 319//319
f 305//305 300//300 226//226
f 309//309 305//305 226//226
f 227//227 228//228 239//239
f 239//239 238//238 227//227
f 228//228 229//229 240//240
f 240//240 239//239 228//228
f 229//229 230//230 241//241
f 241//241 240//240 229//229
f 230//230 231//231 242//242
f 255//255 265//265 266//266
f 250//250 251//251 320//320
f 320//320 319//319 250//250
f 251//251 252//252 322//322
f 321//321 320//320 251//251
f 322//322 321//321 251//251
f 252//252 253//253 322//322
f 323//323 322//322 253//253
f 254//254 263//263 264//264
f 266//266 256//256 255//255
f 249//249 250//250 319//319
f 267//267 258//258 257//257
f 268//268 259//259 258//258
f 258//258 267//267 268//268
f 270//270 260//260 259//259
f 259//259 268//268 269//269
f 259//259 269//269 270//270
f 271//271 261//261 260//260
f 260//260 270//270 271//271
f 272//272 263//263 262//262
f 323//323 253//253 243//243
f 310//310 309//309 239//239
f 319//319 310//310 239//239
f 240//240 241//241 251//251
f 250//250 249//249 240//240
f 251//251 250//250 240//240
f 241//241 242//242 252//252
f 252//252 251//251 241//241
f 242//242 243//243 253//253
f 253//253 252//252 242//242
f 139//139 140//140 204//204
f 243//243 311//311 323//323
f 244//244 245//245 313//313
f 313//313 312//312 244//244
f 245//245 246//246 314//314
f 314//314 313//313 245//245
f 246//246 247//247 315//315
f 315//315 314//314 246//246
f 247//247 248//248 315//315
f 316//316 315//315 248//248
f 48//48 47//47 38//38
f 79//79 78//78 33//33
f 33//33 78//78 87//87
f 35//35 36//36 46//46
f 46//46 45//45 35//35
f 35//35 45//45 89//89
f 89//89 80//80 35//35
f 36//36 37//37 46//46
f 37//37 38//38 47//47
f 47//47 46//46 37//37
f 38//38 39//39 92//92
f 87//87 44//44 33//33
f 92//92 48//48 38//38
f 82//82 81//81 39//39
f 39//39 81//81 93//93
f 93//93 92//92 39//39
f 40//40 41//41 84//84
f 84//84 83//83 40//40
f 41//41 42//42 84//84
f 42//42 43//43 86//86
f 85//85 84//84 42//42
f 76//76 66//66 29//29
f 39//39 38//38 26//26
f 27//27 28//28 39//39
f 75//75 28//28 27//27
f 27//27 74//74 75//75
f 82//82 39//39 28//28
f 28//28 75//75 82//82
f 29//29 30//30 41//41
f 41//41 40//40 29//29
f 29//29 40//40 83//83
f 86//86 85//85 42//42
f 83//83 76//76 29//29
f 30//30 31//31 42//42
f 42//42 41//41 30//30
f 31//31 32//32 42//42
f 32//32 33//33 44//44
f 43//43 42//42 32//32
f 87//87 43//43 32//32
f 32//32 44//44 87//87
f 33//33 34//34 79//79
f 155//155 64//64 63//63
f 57//57 69//69 70//70
f 57//57 70//70 71//71
f 72//72 60//60 59//59
f 143//143 61//61 60//60
f 60//60 72//72 73//73
f 60//60 73//73 143//143
f 144//144 62//62 61//61
f 61//61 143//143 144//144
f 145//145 63//63 62//62
f 62//62 144//144 145//145
f 71//71 58//58 57//57
f 63//63 145//145 146//146
f 63//63 146//146 155//155
f 74//74 65//65 64//64
f 155//155 74//74 64//64
f 76//76 67//67 66//66
f 147//147 68//68 67//67
f 67//67 76//76 77//77
f 67//67 77//77 157//157
f 157//157 147//147 67//67
f 50//50 62//62 63//63
f 87//87 86//86 43//43
f 45//45 46//46 89//89
f 46//46 47//47 90//90
f 90//90 89//89 46//46
f 47//47 48//48 91//91
f 91//91 90//90 47//47
f 92//92 91//91 48//48
f 63//63 51//51 50//50
f 50//50 61//61 62//62
f 38//38 37//37 26//26
f 63//63 52//52 51//51
f 52//52 63//63 64//64
f 66//66 54//54 53//53
f 68//68 55//55 54//54
f 54//54 66//66 67//67
f 54//54 67//67 68//68
f 68//68 56//56 55//55
f 69//69 57//57 56//56
f 56//56 68//68 69//69
f 5129//5129 5124//5124 5207//5207
f 15//15 65//65 74//74
f 16//16 17//17 30//30
f 30//30 29//29 16//16
f 16//16 29//29 66//66
f 66//66 53//53 16//16
f 17//17 18//18 30//30
f 18//18 19//19 32//32
f 31//31 30//30 18//18
f 32//32 31//31 18//18
f 19//19 20//20 32//32
f 15//15 64//64 65//65
f 5130//5130 5129//5129 5207//5207
f 5131//5131 5130//5130 5207//5207
f 5132//5132 5131//5131 5207//5207
f 5133//5133 5132//5132 5207//5207
f 5138//5138 5133//5133 5207//5207
f 5140//5140 5138//5138 5207//5207
f 5141//5141 5140//5140 5207//5207
f 5145//5145 5141//5141 5207//5207
f 5147//5147 5145//5145 5207//5207
f 12//12 13//13 25//25
f 10//10 11//11 23//23
f 60//60 11//11 10//10
f 23//23 22//22 10//10
f 10//10 22//22 72//72
f 10//10 59//59 60//60
f 72//72 59//59 10//10
f 11//11 12//12 24//24
f 60//60 12//12 11//11
f 24//24 23//23 11//11
f 5148//5148 5147//5147 5207//5207
f 25//25 24//24 12//12
f 61//61 49//49 12//12
f 12//12 60//60 61//61
f 13//13 14//14 25//25
f 14//14 15//15 26//26
f 26//26 25//25 14//14
f 27//27 26//26 15//15
f 74//74 27//27 15//15
f 15//15 52//52 64//64
f 22//22 23//23 73//73
f 5115//5115 5204//5204 5207//5207
f 20//20 21//21 34//34
f 71//71 21//21 20//20
f 33//33 32//32 20//20
f 34//34 33//33 20//20
f 20//20 57//57 58//58
f 20//20 58//58 71//71
f 79//79 34//34 21//21
f 21//21 71//71 79//79
f 5204//5204 5200//5200 5207//5207
f 73//73 72//72 22//22
f 23//23 24//24 35//35
f 23//23 35//35 80//80
f 80//80 73//73 23//23
f 24//24 25//25 37//37
f 36//36 35//35 24//24
f 37//37 36//36 24//24
f 25//25 26//26 37//37
f 26//26 27//27 39//39
f 5173//5173 5171//5171 5207//5207
f 5152//5152 5148//5148 5207//5207
f 5156//5156 5152//5152 5207//5207
f 5158//5158 5156//5156 5207//5207
f 5159//5159 5158//5158 5207//5207
f 5160//5160 5159//5159 5207//5207
f 5164//5164 5160//5160 5207//5207
f 5166//5166 5164//5164 5207//5207
f 5168//5168 5166//5166 5207//5207
f 5171//5171 5168//5168 5207//5207
f 148//148 69//69 68//68
f 5177//5177 5173//5173 5207//5207
f 5185//5185 5177//5177 5207//5207
f 5183//5183 5185//5185 5207//5207
f 5206//5206 5205//5205 5207//5207
f 5186//5186 5184//5184 5207//5207
f 5191//5191 5186//5186 5207//5207
f 5201//5201 5191//5191 5207//5207
f 5199//5199 5201//5201 5207//5207
f 5200//5200 5199//5199 5207//5207
f 130//130 129//129 117//117
f 113//113 125//125 189//189
f 189//189 183//183 113//113
f 114//114 115//115 127//127
f 126//126 125//125 114//114
f 127//127 126//126 114//114
f 115//115 116//116 128//128
f 128//128 127//127 115//115
f 116//116 117//117 129//129
f 129//129 128//128 116//116
f 117//117 118//118 130//130
f 113//113 114//114 125//125
f 196//196 130//130 118//118
f 118//118 191//191 196//196
f 119//119 120//120 132//132
f 132//132 131//131 119//119
f 119//119 131//131 197//197
f 197//197 192//192 119//119
f 120//120 121//121 133//133
f 133//133 132//132 120//120
f 121//121 122//122 133//133
f 192//192 186//186 107//107
f 116//116 115//115 104//104
f 117//117 116//116 104//104
f 105//105 106//106 118//118
f 118//118 117//117 105//105
f 191//191 118//118 106//106
f 106//106 185//185 191//191
f 107//107 108//108 120//120
f 120//120 119//119 107//107
f 107//107 119//119 192//192
f 122//122 123//123 134//134
f 108//108 109//109 120//120
f 109//109 110//110 122//122
f 121//121 120//120 109//109
f 122//122 121//121 109//109
f 110//110 111//111 122//122
f 111//111 112//112 123//123
f 123//123 122//122 111//111
f 124//124 123//123 112//112
f 188//188 124//124 112//112
f 134//134 135//135 199//199
f 207//207 142//142 130//130
f 130//130 196//196 207//207
f 131//131 132//132 208//208
f 208//208 197//197 131//131
f 132//132 133//133 210//210
f 209//209 208//208 132//132
f 210//210 209//209 132//132
f 133//133 134//134 198//198
f 133//133 198//198 210//210
f 142//142 141//141 129//129
f 211//211 198//198 134//134
f 134//134 199//199 211//211
f 135//135 136//136 201//201
f 200//200 199//199 135//135
f 201//201 200//200 135//135
f 137//137 138//138 202//202
f 138//138 139//139 204//204
f 203//203 202//202 138//138
f 204//204 203//203 138//138
f 125//125 137//137 202//202
f 134//134 133//133 122//122
f 123//123 124//124 136//136
f 135//135 134//134 123//123
f 136//136 135//135 123//123
f 201//201 136//136 124//124
f 124//124 188//188 193//193
f 124//124 193//193 201//201
f 125//125 126//126 138//138
f 138//138 137//137 125//125
f 104//104 105//105 117//117
f 194//194 189//189 125//125
f 202//202 194//194 125//125
f 126//126 127//127 139//139
f 139//139 138//138 126//126
f 127//127 128//128 140//140
f 140//140 139//139 127//127
f 128//128 129//129 140//140
f 129//129 130//130 142//142
f 141//141 140//140 129//129
f 83//83 167//167 168//168
f 78//78 79//79 88//88
f 88//88 87//87 78//78
f 161//161 88//88 79//79
f 80//80 89//89 162//162
f 177//177 93//93 81//81
f 81//81 166//166 177//177
f 83//83 84//84 96//96
f 168//168 84//84 83//83
f 96//96 95//95 83//83
f 83//83 95//95 179//179
f 168//168 157//157 77//77
f 179//179 167//167 83//83
f 84//84 85//85 96//96
f 85//85 86//86 98//98
f 97//97 96//96 85//85
f 98//98 97//97 85//85
f 86//86 87//87 98//98
f 87//87 88//88 100//100
f 99//99 98//98 87//87
f 100//100 99//99 87//87
f 152//152 143//143 73//73
f 68//68 147//147 148//148
f 149//149 70//70 69//69
f 69//69 148//148 149//149
f 150//150 71//71 70//70
f 70//70 149//149 150//150
f 161//161 79//79 71//71
f 71//71 150//150 151//151
f 71//71 151//151 161//161
f 73//73 80//80 162//162
f 182//182 100//100 88//88
f 162//162 152//152 73//73
f 82//82 75//75 74//74
f 74//74 81//81 82//82
f 166//166 81//81 74//74
f 74//74 155//155 156//156
f 74//74 156//156 166//166
f 84//84 77//77 76//76
f 76//76 83//83 84//84
f 77//77 84//84 168//168
f 111//111 110//110 99//99
f 108//108 107//107 95//95
f 95//95 107//107 186//186
f 186//186 179//179 95//95
f 96//96 97//97 108//108
f 97//97 98//98 110//110
f 109//109 108//108 97//97
f 110//110 109//109 97//97
f 98//98 99//99 110//110
f 99//99 100//100 112//112
f 95//95 96//96 108//108
f 112//112 111//111 99//99
f 188//188 112//112 100//100
f 100//100 182//182 188//188
f 101//101 102//102 114//114
f 114//114 113//113 101//101
f 101//101 113//113 183//183
f 102//102 103//103 115//115
f 115//115 114//114 102//102
f 103//103 104//104 115//115
f 103//103 102//102 91//91
f 88//88 161//161 172//172
f 88//88 172//172 182//182
f 89//89 90//90 102//102
f 102//102 101//101 89//89
f 89//89 101//101 183//183
f 173//173 162//162 89//89
f 183//183 173//173 89//89
f 90//90 91//91 102//102
f 91//91 92//92 103//103
f 396//396 390//390 307//307
f 92//92 93//93 105//105
f 104//104 103//103 92//92
f 105//105 104//104 92//92
f 93//93 94//94 105//105
f 177//177 94//94 93//93
f 106//106 105//105 94//94
f 185//185 106//106 94//94
f 94//94 177//177 178//178
f 94//94 178//178 185//185
f 608//608 523//523 520//520
f 515//515 594//594 601//601
f 515//515 601//601 608//608
f 516//516 517//517 603//603
f 603//603 595//595 516//516
f 517//517 522//522 610//610
f 610//610 603//603 517//517
f 605//605 519//519 518//518
f 519//519 605//605 606//606
f 519//519 606//606 607//607
f 520//520 521//521 608//608
f 608//608 521//521 515//515
f 522//522 524//524 610//610
f 619//619 531//531 523//523
f 523//523 608//608 614//614
f 523//523 614//614 619//619
f 524//524 532//532 615//615
f 615//615 610//610 524//524
f 525//525 526//526 537//537
f 536//536 535//535 525//525
f 537//537 536//536 525//525
f 511//511 518//518 519//519
f 512//512 507//507 506//506
f 507//507 512//512 513//513
f 507//507 513//513 591//591
f 594//594 515//515 508//508
f 508//508 587//587 594//594
f 509//509 510//510 517//517
f 517//517 516//516 509//509
f 509//509 516//516 595//595
f 519//519 512//512 511//511
f 526//526 527//527 538//538
f 605//605 518//518 511//511
f 511//511 597//597 598//598
f 511//511 598//598 605//605
f 519//519 513//513 512//512
f 513//513 519//519 607//607
f 599//599 591//591 513//513
f 607//607 599//599 513//513
f 514//514 515//515 520//520
f 521//521 520//520 515//515
f 540//540 541//541 551//551
f 546//546 545//545 535//535
f 536//536 537//537 548//548
f 547//547 546//546 536//536
f 548//548 547//547 536//536
f 537//537 538//538 549//549
f 549//549 548//548 537//537
f 538//538 539//539 549//549
f 539//539 540//540 551//551
f 550//550 549//549 539//539
f 551//551 550//550 539//539
f 535//535 536//536 546//546
f 541//541 542//542 553//553
f 552//552 551//551 541//541
f 553//553 552//552 541//541
f 621//621 553//553 542//542
f 543//543 544//544 555//555
f 555//555 554//554 543//543
f 543//543 554//554 622//622
f 544//544 545//545 556//556
f 556//556 555//555 544//544
f 621//621 542//542 531//531
f 538//538 537//537 526//526
f 527//527 528//528 539//539
f 539//539 538//538 527//527
f 528//528 529//529 539//539
f 529//529 530//530 540//540
f 540//540 539//539 529//529
f 530//530 531//531 542//542
f 541//541 540//540 530//530
f 542//542 541//541 530//530
f 597//597 511//511 505//505
f 531//531 619//619 621//621
f 532//532 533//533 543//543
f 532//532 543//543 622//622
f 620//620 615//615 532//532
f 622//622 620//620 532//532
f 533//533 534//534 544//544
f 544//544 543//543 533//533
f 534//534 535//535 545//545
f 545//545 544//544 534//534
f 569//569 561//561 481//481
f 476//476 486//486 487//487
f 476//476 487//487 488//488
f 488//488 478//478 477//477
f 478//478 488//488 489//489
f 490//490 480//480 479//479
f 492//492 481//481 480//480
f 480//480 490//490 491//491
f 480//480 491//491 492//492
f 561//561 482//482 481//481
f 481//481 492//492 569//569
f 488//488 477//477 476//476
f 562//562 483//483 482//482
f 482//482 561//561 562//562
f 571//571 493//493 483//483
f 483//483 562//562 571//571
f 495//495 485//485 484//484
f 484//484 494//494 495//495
f 564//564 486//486 485//485
f 485//485 495//495 572//572
f 485//485 563//563 564//564
f 480//480 471//471 470//470
f 464//464 472//472 473//473
f 475//475 466//466 465//465
f 465//465 474//474 475//475
f 475//475 467//467 466//466
f 477//477 468//468 467//467
f 467//467 475//475 476//476
f 467//467 476//476 477//477
f 468//468 477//477 478//478
f 479//479 470//470 469//469
f 572//572 563//563 485//485
f 470//470 479//479 480//480
f 481//481 472//472 471//471
f 471//471 480//480 481//481
f 483//483 473//473 472//472
f 472//472 481//481 482//482
f 472//472 482//482 483//483
f 485//485 475//475 474//474
f 486//486 476//476 475//475
f 475//475 485//485 486//486
f 501//501 582//582 583//583
f 577//577 567//567 497//497
f 505//505 499//499 498//498
f 498//498 504//504 505//505
f 581//581 504//504 498//498
f 498//498 571//571 581//581
f 582//582 501//501 500//500
f 500//500 507//507 591//591
f 591//591 582//582 500//500
f 583//583 572//572 501//501
f 497//497 503//503 577//577
f 587//587 508//508 502//502
f 503//503 509//509 595//595
f 588//588 577//577 503//503
f 595//595 588//588 503//503
f 597//597 505//505 504//504
f 504//504 581//581 590//590
f 504//504 590//590 597//597
f 512//512 506//506 505//505
f 505//505 511//511 512//512
f 490//490 497//497 567//567
f 565//565 487//487 486//486
f 486//486 564//564 565//565
f 566//566 488//488 487//487
f 487//487 565//565 566//566
f 576//576 489//489 488//488
f 488//488 566//566 575//575
f 488//488 575//575 576//576
f 576//576 496//496 489//489
f 568//568 491//491 490//490
f 545//545 546//546 556//556
f 490//490 567//567 568//568
f 569//569 492//492 491//491
f 491//491 568//568 569//569
f 571//571 498//498 493//493
f 500//500 495//495 494//494
f 495//495 500//500 501//501
f 495//495 501//501 572//572
f 587//587 502//502 496//496
f 496//496 576//576 587//587
f 602//602 603//603 679//679
f 679//679 670//670 595//595
f 605//605 598//598 597//597
f 597//597 604//604 605//605
f 674//674 604//604 597//597
f 676//676 600//600 599//599
f 599//599 607//607 675//675
f 599//599 675//675 676//676
f 609//609 608//608 601//601
f 678//678 609//609 601//601
f 601//601 677//677 678//678
f 595//595 670//670 671//671
f 603//603 610//610 680//680
f 680//680 679//679 603//603
f 681//681 605//605 604//604
f 604//604 674//674 681//681
f 612//612 606//606 605//605
f 605//605 611//611 612//612
f 689//689 611//611 605//605
f 605//605 681//681 682//682
f 605//605 682//682 689//689
f 592//592 599//599 600//600
f 586//586 660//660 661//661
f 587//587 593//593 594//594
f 595//595 589//589 588//588
f 589//589 595//595 596//596
f 589//589 596//596 671//671
f 671//671 662//662 589//589
f 674//674 597//597 590//590
f 590//590 665//665 674//674
f 599//599 592//592 591//591
f 613//613 607//607 606//606
f 592//592 600//600 676//676
f 676//676 666//666 592//592
f 601//601 594//594 593//593
f 677//677 601//601 593//593
f 593//593 661//661 669//669
f 593//593 669//669 677//677
f 671//671 596//596 595//595
f 603//603 602//602 595//595
f 595//595 602//602 679//679
f 620//620 622//622 697//697
f 615//615 620//620 697//697
f 697//697 692//692 615//615
f 693//693 617//617 616//616
f 694//694 618//618 617//617
f 617//617 693//693 694//694
f 694//694 690//690 618//618
f 701//701 621//621 619//619
f 619//619 691//691 696//696
f 619//619 696//696 701//701
f 691//691 619//619 614//614
f 703//703 625//625 621//621
f 621//621 701//701 703//703
f 622//622 626//626 704//704
f 702//702 697//697 622//622
f 704//704 702//702 622//622
f 624//624 625//625 635//635
f 636//636 635//635 625//625
f 703//703 636//636 625//625
f 626//626 627//627 638//638
f 687//687 680//680 610//610
f 606//606 612//612 613//613
f 607//607 613//613 683//683
f 683//683 675//675 607//607
f 608//608 609//609 685//685
f 691//691 614//614 608//608
f 608//608 685//685 691//691
f 609//609 678//678 686//686
f 686//686 685//685 609//609
f 610//610 615//615 692//692
f 661//661 593//593 586//586
f 692//692 687//687 610//610
f 617//617 612//612 611//611
f 611//611 616//616 617//617
f 693//693 616//616 611//611
f 611//611 689//689 693//693
f 617//617 613//613 612//612
f 613//613 617//617 618//618
f 613//613 618//618 690//690
f 690//690 683//683 613//613
f 631//631 630//630 559//559
f 554//554 555//555 626//626
f 626//626 622//622 554//554
f 555//555 556//556 628//628
f 627//627 626//626 555//555
f 628//628 627//627 555//555
f 556//556 557//557 629//629
f 629//629 628//628 556//556
f 557//557 558//558 629//629
f 558//558 559//559 630//630
f 630//630 629//629 558//558
f 553//553 621//621 625//625
f 632//632 631//631 559//559
f 633//633 632//632 560//560
f 571//571 562//562 561//561
f 561//561 569//569 570//570
f 561//561 570//570 571//571
f 573//573 564//564 563//563
f 563//563 572//572 573//573
f 573//573 565//565 564//564
f 574//574 566//566 565//565
f 550//550 551//551 623//623
f 546//546 547//547 558//558
f 557//557 556//556 546//546
f 558//558 557//557 546//546
f 547//547 548//548 559//559
f 559//559 558//558 547//547
f 548//548 549//549 559//559
f 549//549 550//550 560//560
f 632//632 559//559 549//549
f 549//549 560//560 632//632
f 565//565 573//573 574//574
f 633//633 560//560 550//550
f 550//550 623//623 634//634
f 634//634 633//633 550//550
f 551//551 552//552 634//634
f 634//634 623//623 551//551
f 552//552 553//553 625//625
f 625//625 624//624 552//552
f 552//552 624//624 635//635
f 635//635 634//634 552//552
f 591//591 583//583 582//582
f 578//578 589//589 662//662
f 578//578 654//654 655//655
f 662//662 654//654 578//578
f 656//656 580//580 579//579
f 579//579 655//655 656//656
f 656//656 581//581 580//580
f 665//665 590//590 581//581
f 581//581 656//656 657//657
f 581//581 657//657 665//665
f 578//578 588//588 589//589
f 659//659 584//584 583//583
f 583//583 591//591 592//592
f 583//583 592//592 666//666
f 583//583 658//658 659//659
f 666//666 658//658 583//583
f 659//659 585//585 584//584
f 660//660 586//586 585//585
f 585//585 659//659 660//660
f 593//593 587//587 586//586
f 584//584 573//573 572//572
f 566//566 574//574 575//575
f 578//578 568//568 567//567
f 567//567 577//577 578//578
f 579//579 569//569 568//568
f 568//568 578//578 579//579
f 580//580 570//570 569//569
f 569//569 579//579 580//580
f 580//580 571//571 570//570
f 571//571 580//580 581//581
f 463//463 471//471 472//472
f 572//572 583//583 584//584
f 585//585 574//574 573//573
f 573//573 584//584 585//585
f 585//585 575//575 574//574
f 587//587 576//576 575//575
f 575//575 585//585 586//586
f 575//575 586//586 587//587
f 588//588 578//578 577//577
f 655//655 579//579 578//578
f 428//428 427//427 355//355
f 349//349 422//422 433//433
f 350//350 351//351 423//423
f 423//423 422//422 350//350
f 351//351 352//352 423//423
f 352//352 415//415 424//424
f 424//424 423//423 352//352
f 353//353 354//354 426//426
f 354//354 355//355 427//427
f 427//427 426//426 354//354
f 355//355 356//356 429//429
f 433//433 421//421 349//349
f 429//429 428//428 355//355
f 356//356 357//357 429//429
f 430//430 429//429 357//357
f 367//367 359//359 358//358
f 368//368 360//360 359//359
f 359//359 367//367 368//368
f 370//370 361//361 360//360
f 360//360 368//368 369//369
f 360//360 369//369 370//370
f 357//357 356//356 346//346
f 418//418 412//412 342//342
f 426//426 418//418 342//342
f 343//343 344//344 354//354
f 354//354 353//353 343//343
f 344//344 345//345 355//355
f 355//355 354//354 344//344
f 345//345 346//346 356//356
f 356//356 355//355 345//345
f 346//346 347//347 431//431
f 361//361 370//370 371//371
f 430//430 357//357 346//346
f 431//431 430//430 346//346
f 347//347 348//348 419//419
f 347//347 419//419 431//431
f 348//348 349//349 421//421
f 420//420 419//419 348//348
f 433//433 420//420 348//348
f 348//348 421//421 433//433
f 349//349 350//350 422//422
f 471//471 463//463 379//379
f 385//385 375//375 374//374
f 387//387 376//376 375//375
f 375//375 385//385 386//386
f 375//375 386//386 387//387
f 470//470 378//378 377//377
f 377//377 388//388 470//470
f 471//471 379//379 378//378
f 470//470 462//462 378//378
f 378//378 462//462 471//471
f 463//463 380//380 379//379
f 373//373 384//384 385//385
f 464//464 381//381 380//380
f 380//380 463//463 464//464
f 473//473 389//389 381//381
f 381//381 464//464 473//473
f 390//390 383//383 382//382
f 466//466 384//384 383//383
f 383//383 390//390 391//391
f 383//383 391//391 474//474
f 383//383 465//465 466//466
f 367//367 377//377 378//378
f 372//372 363//363 362//362
f 374//374 364//364 363//363
f 363//363 372//372 373//373
f 363//363 373//373 374//374
f 375//375 365//365 364//364
f 364//364 374//374 375//375
f 376//376 366//366 365//365
f 365//365 375//375 376//376
f 378//378 368//368 367//367
f 342//342 353//353 426//426
f 379//379 369//369 368//368
f 368//368 378//378 379//379
f 379//379 370//370 369//369
f 381//381 371//371 370//370
f 370//370 379//379 380//380
f 370//370 380//380 381//381
f 384//384 373//373 372//372
f 372//372 383//383 384//384
f 385//385 374//374 373//373
f 319//319 320//320 331//331
f 328//328 327//327 315//315
f 329//329 328//328 315//315
f 316//316 317//317 329//329
f 330//330 329//329 317//317
f 410//410 330//330 317//317
f 317//317 404//404 410//410
f 318//318 319//319 331//331
f 318//318 331//331 411//411
f 405//405 399//399 318//318
f 411//411 405//405 318//318
f 315//315 316//316 329//329
f 320//320 321//321 333//333
f 332//332 331//331 320//320
f 333//333 332//332 320//320
f 321//321 322//322 333//333
f 322//322 323//323 335//335
f 334//334 333//333 322//322
f 335//335 334//334 322//322
f 323//323 324//324 335//335
f 324//324 325//325 337//337
f 402//402 324//324 311//311
f 403//403 396//396 307//307
f 404//404 317//317 308//308
f 308//308 392//392 398//398
f 308//308 398//398 404//404
f 309//309 310//310 319//319
f 319//319 318//318 309//309
f 309//309 318//318 399//399
f 399//399 393//393 309//309
f 324//324 323//323 311//311
f 407//407 325//325 324//324
f 311//311 395//395 401//401
f 311//311 401//401 402//402
f 312//312 313//313 326//326
f 326//326 325//325 312//312
f 312//312 325//325 407//407
f 407//407 403//403 312//312
f 313//313 314//314 326//326
f 314//314 315//315 327//327
f 327//327 326//326 314//314
f 349//349 348//348 337//337
f 344//344 343//343 333//333
f 334//334 335//335 346//346
f 345//345 344//344 334//334
f 346//346 345//345 334//334
f 335//335 336//336 347//347
f 347//347 346//346 335//335
f 336//336 337//337 348//348
f 348//348 347//347 336//336
f 337//337 338//338 349//349
f 333//333 334//334 344//344
f 338//338 339//339 350//350
f 350//350 349//349 338//338
f 339//339 340//340 351//351
f 351//351 350//350 339//339
f 340//340 341//341 351//351
f 352//352 351//351 341//341
f 415//415 352//352 341//341
f 341//341 409//409 415//415
f 342//342 343//343 353//353
f 340//340 339//339 328//328
f 336//336 335//335 324//324
f 337//337 336//336 324//324
f 324//324 402//402 407//407
f 325//325 326//326 337//337
f 326//326 327//327 339//339
f 338//338 337//337 326//326
f 339//339 338//338 326//326
f 327//327 328//328 339//339
f 328//328 329//329 341//341
f 474//474 465//465 383//383
f 341//341 340//340 328//328
f 329//329 330//330 410//410
f 409//409 341//341 329//329
f 410//410 409//409 329//329
f 331//331 332//332 343//343
f 343//343 342//342 331//331
f 331//331 342//342 412//412
f 412//412 411//411 331//331
f 332//332 333//333 343//343
f 450//450 449//449 438//438
f 434//434 435//435 445//445
f 445//445 444//444 434//434
f 435//435 436//436 447//447
f 446//446 445//445 435//435
f 447//447 446//446 435//435
f 520//520 447//447 436//436
f 437//437 438//438 448//448
f 437//437 448//448 522//522
f 438//438 439//439 450//450
f 449//449 448//448 438//438
f 433//433 434//434 444//444
f 439//439 440//440 451//451
f 451//451 450//450 439//439
f 440//440 441//441 451//451
f 441//441 442//442 452//452
f 452//452 451//451 441//441
f 442//442 443//443 454//454
f 453//453 452//452 442//442
f 454//454 453//453 442//442
f 443//443 444//444 455//455
f 428//428 429//429 440//440
f 520//520 436//436 424//424
f 424//424 514//514 520//520
f 515//515 514//514 425//425
f 426//426 427//427 438//438
f 438//438 437//437 426//426
f 426//426 437//437 522//522
f 522//522 517//517 426//426
f 427//427 428//428 439//439
f 439//439 438//438 427//427
f 455//455 454//454 443//443
f 440//440 439//439 428//428
f 429//429 430//430 441//441
f 441//441 440//440 429//429
f 430//430 431//431 441//441
f 431//431 432//432 443//443
f 442//442 441//441 431//431
f 443//443 442//442 431//431
f 432//432 433//433 444//444
f 444//444 443//443 432//432
f 529//529 528//528 456//456
f 451//451 525//525 535//535
f 452//452 453//453 525//525
f 453//453 454//454 526//526
f 526//526 525//525 453//453
f 454//454 455//455 528//528
f 527//527 526//526 454//454
f 528//528 527//527 454//454
f 455//455 456//456 528//528
f 456//456 457//457 529//529
f 535//535 461//461 451//451
f 457//457 458//458 531//531
f 530//530 529//529 457//457
f 531//531 530//530 457//457
f 458//458 523//523 531//531
f 459//459 460//460 532//532
f 533//533 532//532 460//460
f 535//535 534//534 461//461
f 462//462 470//470 471//471
f 472//472 464//464 463//463
f 448//448 459//459 532//532
f 444//444 445//445 455//455
f 445//445 446//446 457//457
f 456//456 455//455 445//445
f 457//457 456//456 445//445
f 446//446 447//447 458//458
f 458//458 457//457 446//446
f 523//523 458//458 447//447
f 447//447 520//520 523//523
f 448//448 449//449 459//459
f 436//436 435//435 424//424
f 524//524 522//522 448//448
f 532//532 524//524 448//448
f 449//449 450//450 461//461
f 460//460 459//459 449//449
f 533//533 460//460 449//449
f 449//449 461//461 534//534
f 534//534 533//533 449//449
f 450//450 451//451 461//461
f 451//451 452//452 525//525
f 490//490 479//479 399//399
f 395//395 400//400 401//401
f 485//485 397//397 396//396
f 396//396 403//403 494//494
f 396//396 484//484 485//485
f 494//494 484//484 396//396
f 485//485 474//474 397//397
f 496//496 404//404 398//398
f 398//398 478//478 489//489
f 398//398 489//489 496//496
f 399//399 405//405 497//497
f 483//483 400//400 394//394
f 497//497 490//490 399//399
f 406//406 401//401 400//400
f 498//498 406//406 400//400
f 400//400 483//483 493//493
f 400//400 493//493 498//498
f 407//407 402//402 401//401
f 401//401 406//406 407//407
f 403//403 407//407 408//408
f 403//403 408//408 494//494
f 389//389 394//394 395//395
f 467//467 385//385 384//384
f 384//384 466//466 467//467
f 467//467 386//386 385//385
f 468//468 387//387 386//386
f 386//386 467//467 468//468
f 478//478 392//392 387//387
f 387//387 468//468 478//478
f 388//388 393//393 469//469
f 388//388 469//469 470//470
f 502//502 410//410 404//404
f 483//483 394//394 389//389
f 389//389 473//473 483//483
f 396//396 391//391 390//390
f 391//391 396//396 397//397
f 391//391 397//397 474//474
f 478//478 398//398 392//392
f 393//393 399//399 479//479
f 479//479 469//469 393//393
f 400//400 395//395 394//394
f 510//510 509//509 418//418
f 413//413 505//505 506//506
f 414//414 506//506 507//507
f 415//415 416//416 425//425
f 425//425 424//424 415//415
f 515//515 425//425 416//416
f 416//416 502//502 508//508
f 416//416 508//508 515//515
f 417//417 418//418 509//509
f 418//418 426//426 517//517
f 506//506 414//414 413//413
f 517//517 510//510 418//418
f 419//419 420//420 432//432
f 432//432 431//431 419//419
f 433//433 432//432 420//420
f 422//422 423//423 434//434
f 434//434 433//433 422//422
f 423//423 424//424 435//435
f 435//435 434//434 423//423
f 424//424 425//425 514//514
f 408//408 414//414 507//507
f 404//404 496//496 502//502
f 405//405 411//411 503//503
f 503//503 497//497 405//405
f 413//413 407//407 406//406
f 505//505 413//413 406//406
f 406//406 498//498 499//499
f 406//406 499//499 505//505
f 414//414 408//408 407//407
f 407//407 413//413 414//414
f 1262//1262 1261//1261 1252//1252
f 500//500 494//494 408//408
f 507//507 500//500 408//408
f 409//409 410//410 416//416
f 416//416 415//415 409//409
f 502//502 416//416 410//410
f 411//411 412//412 418//418
f 418//418 417//417 411//411
f 411//411 417//417 509//509
f 509//509 503//503 411//411
f 2095//2095 2101//2101 2229//2229
f 2225//2225 2218//2218 2091//2091
f 2091//2091 2224//2224 2225//2225
f 2092//2092 2093//2093 2097//2097
f 2093//2093 2094//2094 2098//2098
f 2227//2227 2094//2094 2093//2093
f 2098//2098 2097//2097 2093//2093
f 2093//2093 2226//2226 2227//2227
f 2099//2099 2098//2098 2094//2094
f 2227//2227 2099//2099 2094//2094
f 2095//2095 2096//2096 2101//2101
f 2097//2097 2096//2096 2091//2091
f 2230//2230 2224//2224 2095//2095
f 2095//2095 2229//2229 2230//2230
f 2096//2096 2097//2097 2102//2102
f 2102//2102 2101//2101 2096//2096
f 2097//2097 2098//2098 2104//2104
f 2103//2103 2102//2102 2097//2097
f 2098//2098 2099//2099 2105//2105
f 2105//2105 2104//2104 2098//2098
f 2106//2106 2105//2105 2099//2099
f 2219//2219 2089//2089 2088//2088
f 2206//2206 2205//2205 2084//2084
f 2085//2085 2086//2086 2207//2207
f 2207//2207 2206//2206 2085//2085
f 2087//2087 2088//2088 2092//2092
f 2219//2219 2088//2088 2087//2087
f 2092//2092 2091//2091 2087//2087
f 2087//2087 2091//2091 2218//2218
f 2087//2087 2218//2218 2219//2219
f 2088//2088 2089//2089 2092//2092
f 2232//2232 2106//2106 2099//2099
f 2093//2093 2092//2092 2089//2089
f 2226//2226 2093//2093 2089//2089
f 2089//2089 2219//2219 2220//2220
f 2089//2089 2220//2220 2226//2226
f 2090//2090 2091//2091 2095//2095
f 2224//2224 2091//2091 2090//2090
f 2090//2090 2095//2095 2224//2224
f 2091//2091 2092//2092 2097//2097
f 2096//2096 2095//2095 2091//2091
f 2247//2247 2120//2120 2116//2116
f 2113//2113 2114//2114 2118//2118
f 2243//2243 2114//2114 2113//2113
f 2118//2118 2117//2117 2113//2113
f 2113//2113 2117//2117 2246//2246
f 2246//2246 2243//2243 2113//2113
f 2244//2244 2240//2240 2114//2114
f 2114//2114 2243//2243 2244//2244
f 2115//2115 2116//2116 2120//2120
f 2245//2245 2116//2116 2115//2115
f 2120//2120 2119//2119 2115//2115
f 2112//2112 2241//2241 2245//2245
f 2116//2116 2245//2245 2247//2247
f 2117//2117 2118//2118 2121//2121
f 2117//2117 2121//2121 2246//2246
f 2247//2247 2122//2122 2120//2120
f 2121//2121 2123//2123 2248//2248
f 2248//2248 2246//2246 2121//2121
f 2249//2249 2124//2124 2122//2122
f 2122//2122 2247//2247 2249//2249
f 2123//2123 2125//2125 2250//2250
f 2110//2110 2109//2109 2105//2105
f 2099//2099 2227//2227 2231//2231
f 2099//2099 2231//2231 2232//2232
f 2100//2100 2101//2101 2107//2107
f 2233//2233 2101//2101 2100//2100
f 2100//2100 2107//2107 2236//2236
f 2236//2236 2233//2233 2100//2100
f 2108//2108 2107//2107 2101//2101
f 2233//2233 2229//2229 2101//2101
f 2105//2105 2106//2106 2110//2110
f 2205//2205 2204//2204 2084//2084
f 2234//2234 2110//2110 2106//2106
f 2106//2106 2232//2232 2234//2234
f 2107//2107 2111//2111 2236//2236
f 2237//2237 2112//2112 2110//2110
f 2110//2110 2234//2234 2237//2237
f 2111//2111 2114//2114 2240//2240
f 2240//2240 2236//2236 2111//2111
f 2245//2245 2115//2115 2112//2112
f 2112//2112 2237//2237 2241//2241
f 2179//2179 2062//2062 2060//2060
f 2175//2175 2056//2056 2054//2054
f 2054//2054 2172//2172 2175//2175
f 2055//2055 2057//2057 2173//2173
f 2177//2177 2058//2058 2056//2056
f 2056//2056 2175//2175 2177//2177
f 2057//2057 2059//2059 2176//2176
f 2176//2176 2173//2173 2057//2057
f 2177//2177 2060//2060 2058//2058
f 2059//2059 2061//2061 2178//2178
f 2178//2178 2176//2176 2059//2059
f 2053//2053 2171//2171 2172//2172
f 2060//2060 2177//2177 2179//2179
f 2061//2061 2063//2063 2182//2182
f 2180//2180 2178//2178 2061//2061
f 2182//2182 2180//2180 2061//2061
f 2183//2183 2064//2064 2062//2062
f 2062//2062 2179//2179 2181//2181
f 2062//2062 2181//2181 2183//2183
f 2063//2063 2065//2065 2184//2184
f 2184//2184 2182//2182 2063//2063
f 2049//2049 2165//2165 2167//2167
f 2163//2163 2047//2047 2045//2045
f 2045//2045 2160//2160 2163//2163
f 2046//2046 2048//2048 2166//2166
f 2166//2166 2164//2164 2046//2046
f 2165//2165 2049//2049 2047//2047
f 2047//2047 2163//2163 2165//2165
f 2048//2048 2050//2050 2168//2168
f 2168//2168 2166//2166 2048//2048
f 2167//2167 2051//2051 2049//2049
f 2185//2185 2066//2066 2064//2064
f 2050//2050 2052//2052 2170//2170
f 2170//2170 2168//2168 2050//2050
f 2051//2051 2053//2053 2054//2054
f 2171//2171 2053//2053 2051//2051
f 2051//2051 2167//2167 2169//2169
f 2051//2051 2169//2169 2171//2171
f 2052//2052 2055//2055 2173//2173
f 2173//2173 2170//2170 2052//2052
f 2172//2172 2054//2054 2053//2053
f 2079//2079 2080//2080 2200//2200
f 2194//2194 2193//2193 2073//2073
f 2074//2074 2078//2078 2194//2194
f 2075//2075 2076//2076 2197//2197
f 2207//2207 2086//2086 2075//2075
f 2075//2075 2197//2197 2207//2207
f 2198//2198 2197//2197 2076//2076
f 2078//2078 2079//2079 2200//2200
f 2199//2199 2194//2194 2078//2078
f 2200//2200 2199//2199 2078//2078
f 2073//2073 2077//2077 2078//2078
f 2080//2080 2081//2081 2202//2202
f 2201//2201 2200//2200 2080//2080
f 2202//2202 2201//2201 2080//2080
f 2081//2081 2082//2082 2202//2202
f 2082//2082 2083//2083 2204//2204
f 2203//2203 2202//2202 2082//2082
f 2204//2204 2203//2203 2082//2082
f 2083//2083 2084//2084 2204//2204
f 2084//2084 2085//2085 2206//2206
f 2192//2192 2072//2072 2070//2070
f 2064//2064 2183//2183 2185//2185
f 2065//2065 2067//2067 2186//2186
f 2186//2186 2184//2184 2065//2065
f 2185//2185 2068//2068 2066//2066
f 2067//2067 2069//2069 2186//2186
f 2187//2187 2070//2070 2068//2068
f 2068//2068 2185//2185 2187//2187
f 2069//2069 2071//2071 2188//2188
f 2188//2188 2186//2186 2069//2069
f 2250//2250 2248//2248 2123//2123
f 2070//2070 2187//2187 2189//2189
f 2070//2070 2189//2189 2192//2192
f 2071//2071 2073//2073 2193//2193
f 2190//2190 2188//2188 2071//2071
f 2193//2193 2190//2190 2071//2071
f 2198//2198 2076//2076 2072//2072
f 2072//2072 2192//2192 2198//2198
f 2078//2078 2074//2074 2073//2073
f 2073//2073 2074//2074 2194//2194
f 2311//2311 2181//2181 2179//2179
f 2173//2173 2176//2176 2305//2305
f 2305//2305 2302//2302 2173//2173
f 2303//2303 2175//2175 2174//2174
f 2307//2307 2177//2177 2175//2175
f 2175//2175 2303//2303 2304//2304
f 2175//2175 2304//2304 2307//2307
f 2176//2176 2178//2178 2308//2308
f 2308//2308 2305//2305 2176//2176
f 2307//2307 2179//2179 2177//2177
f 2178//2178 2180//2180 2308//2308
f 2171//2171 2301//2301 2303//2303
f 2179//2179 2307//2307 2309//2309
f 2179//2179 2309//2309 2311//2311
f 2180//2180 2182//2182 2310//2310
f 2310//2310 2308//2308 2180//2180
f 2311//2311 2183//2183 2181//2181
f 2182//2182 2184//2184 2314//2314
f 2312//2312 2310//2310 2182//2182
f 2314//2314 2312//2312 2182//2182
f 2315//2315 2185//2185 2183//2183
f 2168//2168 2170//2170 2300//2300
f 2163//2163 2292//2292 2295//2295
f 2164//2164 2166//2166 2293//2293
f 2293//2293 2290//2290 2164//2164
f 2297//2297 2167//2167 2165//2165
f 2165//2165 2295//2295 2297//2297
f 2166//2166 2168//2168 2296//2296
f 2296//2296 2293//2293 2166//2166
f 2299//2299 2169//2169 2167//2167
f 2167//2167 2297//2297 2299//2299
f 2183//2183 2311//2311 2313//2313
f 2298//2298 2296//2296 2168//2168
f 2300//2300 2298//2298 2168//2168
f 2299//2299 2171//2171 2169//2169
f 2170//2170 2173//2173 2302//2302
f 2302//2302 2300//2300 2170//2170
f 2175//2175 2172//2172 2171//2171
f 2171//2171 2174//2174 2175//2175
f 2303//2303 2174//2174 2171//2171
f 2171//2171 2299//2299 2301//2301
f 2196//2196 2326//2326 2334//2334
f 2323//2323 2322//2322 2192//2192
f 2193//2193 2194//2194 2324//2324
f 2199//2199 2195//2195 2194//2194
f 2194//2194 2195//2195 2324//2324
f 2195//2195 2199//2199 2200//2200
f 2195//2195 2200//2200 2325//2325
f 2325//2325 2324//2324 2195//2195
f 2206//2206 2197//2197 2196//2196
f 2196//2196 2197//2197 2326//2326
f 2334//2334 2206//2206 2196//2196
f 2192//2192 2319//2319 2323//2323
f 2197//2197 2206//2206 2207//2207
f 2327//2327 2326//2326 2197//2197
f 2200//2200 2201//2201 2328//2328
f 2328//2328 2325//2325 2200//2200
f 2201//2201 2202//2202 2330//2330
f 2329//2329 2328//2328 2201//2201
f 2330//2330 2329//2329 2201//2201
f 2202//2202 2203//2203 2330//2330
f 2203//2203 2204//2204 2332//2332
f 2188//2188 2190//2190 2318//2318
f 2183//2183 2313//2313 2315//2315
f 2184//2184 2186//2186 2314//2314
f 2317//2317 2187//2187 2185//2185
f 2185//2185 2315//2315 2317//2317
f 2186//2186 2188//2188 2318//2318
f 2316//2316 2314//2314 2186//2186
f 2318//2318 2316//2316 2186//2186
f 2319//2319 2189//2189 2187//2187
f 2187//2187 2317//2317 2319//2319
f 2163//2163 2289//2289 2292//2292
f 2319//2319 2192//2192 2189//2189
f 2190//2190 2193//2193 2324//2324
f 2320//2320 2318//2318 2190//2190
f 2324//2324 2320//2320 2190//2190
f 2197//2197 2192//2192 2191//2191
f 2191//2191 2192//2192 2322//2322
f 2327//2327 2197//2197 2191//2191
f 2191//2191 2322//2322 2327//2327
f 2192//2192 2197//2197 2198//2198
f 2137//2137 2139//2139 2267//2267
f 2259//2259 2256//2256 2132//2132
f 2133//2133 2135//2135 2263//2263
f 2260//2260 2259//2259 2133//2133
f 2263//2263 2260//2260 2133//2133
f 2261//2261 2136//2136 2134//2134
f 2135//2135 2137//2137 2265//2265
f 2265//2265 2263//2263 2135//2135
f 2266//2266 2138//2138 2136//2136
f 2136//2136 2261//2261 2264//2264
f 2136//2136 2264//2264 2266//2266
f 2132//2132 2133//2133 2259//2259
f 2267//2267 2265//2265 2137//2137
f 2268//2268 2140//2140 2138//2138
f 2138//2138 2266//2266 2268//2268
f 2139//2139 2141//2141 2269//2269
f 2269//2269 2267//2267 2139//2139
f 2270//2270 2143//2143 2140//2140
f 2140//2140 2268//2268 2270//2270
f 2141//2141 2144//2144 2269//2269
f 2142//2142 2143//2143 2145//2145
f 2258//2258 2131//2131 2128//2128
f 2253//2253 2126//2126 2124//2124
f 2124//2124 2249//2249 2251//2251
f 2124//2124 2251//2251 2253//2253
f 2125//2125 2127//2127 2252//2252
f 2252//2252 2250//2250 2125//2125
f 2255//2255 2128//2128 2126//2126
f 2126//2126 2253//2253 2255//2255
f 2127//2127 2130//2130 2254//2254
f 2254//2254 2252//2252 2127//2127
f 2272//2272 2145//2145 2143//2143
f 2128//2128 2255//2255 2258//2258
f 2129//2129 2130//2130 2133//2133
f 2256//2256 2130//2130 2129//2129
f 2133//2133 2132//2132 2129//2129
f 2129//2129 2132//2132 2256//2256
f 2257//2257 2254//2254 2130//2130
f 2130//2130 2256//2256 2257//2257
f 2261//2261 2134//2134 2131//2131
f 2131//2131 2258//2258 2261//2261
f 2287//2287 2160//2160 2158//2158
f 2281//2281 2154//2154 2153//2153
f 2285//2285 2156//2156 2154//2154
f 2154//2154 2281//2281 2282//2282
f 2154//2154 2282//2282 2285//2285
f 2155//2155 2157//2157 2283//2283
f 2285//2285 2158//2158 2156//2156
f 2157//2157 2159//2159 2288//2288
f 2286//2286 2283//2283 2157//2157
f 2288//2288 2286//2286 2157//2157
f 2283//2283 2279//2279 2152//2152
f 2158//2158 2285//2285 2287//2287
f 2159//2159 2162//2162 2288//2288
f 2289//2289 2163//2163 2160//2160
f 2160//2160 2287//2287 2289//2289
f 2164//2164 2162//2162 2161//2161
f 2162//2162 2164//2164 2290//2290
f 2291//2291 2288//2288 2162//2162
f 2162//2162 2290//2290 2291//2291
f 2295//2295 2165//2165 2163//2163
f 2276//2276 2151//2151 2148//2148
f 2143//2143 2270//2270 2272//2272
f 2147//2147 2146//2146 2144//2144
f 2144//2144 2146//2146 2271//2271
f 2271//2271 2269//2269 2144//2144
f 2272//2272 2148//2148 2145//2145
f 2146//2146 2147//2147 2274//2274
f 2274//2274 2271//2271 2146//2146
f 2147//2147 2150//2150 2275//2275
f 2275//2275 2274//2274 2147//2147
f 2164//2164 2161//2161 2043//2043
f 2148//2148 2272//2272 2276//2276
f 2152//2152 2150//2150 2149//2149
f 2150//2150 2152//2152 2279//2279
f 2277//2277 2275//2275 2150//2150
f 2279//2279 2277//2277 2150//2150
f 2281//2281 2153//2153 2151//2151
f 2151//2151 2276//2276 2278//2278
f 2151//2151 2278//2278 2281//2281
f 2152//2152 2155//2155 2283//2283
f 2055//2055 2052//2052 1939//1939
f 2048//2048 2046//2046 1934//1934
f 2051//2051 1937//1937 1935//1935
f 1935//1935 2047//2047 2049//2049
f 1935//1935 2049//2049 2051//2051
f 1936//1936 1939//1939 2050//2050
f 2050//2050 2048//2048 1936//1936
f 1940//1940 1938//1938 1937//1937
f 2051//2051 1940//1940 1937//1937
f 1939//1939 1941//1941 2055//2055
f 2052//2052 2050//2050 1939//1939
f 1934//1934 1936//1936 2048//2048
f 2056//2056 1942//1942 1940//1940
f 1940//1940 2051//2051 2054//2054
f 1940//1940 2054//2054 2056//2056
f 1941//1941 1943//1943 2055//2055
f 2056//2056 1944//1944 1942//1942
f 1943//1943 1945//1945 2057//2057
f 2057//2057 2055//2055 1943//1943
f 2060//2060 1946//1946 1944//1944
f 1944//1944 2056//2056 2058//2058
f 1928//1928 2042//2042 2045//2045
f 2038//2038 1926//1926 1924//1924
f 1924//1924 2036//2036 2038//2038
f 1925//1925 1927//1927 2041//2041
f 2041//2041 2039//2039 1925//1925
f 2042//2042 1928//1928 1926//1926
f 1926//1926 2038//2038 2040//2040
f 1926//1926 2040//2040 2042//2042
f 1927//1927 1930//1930 2041//2041
f 2045//2045 1931//1931 1928//1928
f 1944//1944 2058//2058 2060//2060
f 2043//2043 1930//1930 1929//1929
f 1929//1929 1932//1932 2046//2046
f 2046//2046 2043//2043 1929//1929
f 2044//2044 2041//2041 1930//1930
f 1930//1930 2043//2043 2044//2044
f 2045//2045 1933//1933 1931//1931
f 1932//1932 1934//1934 2046//2046
f 2047//2047 1935//1935 1933//1933
f 1933//1933 2045//2045 2047//2047
f 2086//2086 1970//1970 1960//1960
f 1955//1955 1957//1957 2069//2069
f 2072//2072 1958//1958 1956//1956
f 1956//1956 2068//2068 2070//2070
f 1956//1956 2070//2070 2072//2072
f 1957//1957 1959//1959 2073//2073
f 2071//2071 2069//2069 1957//1957
f 2073//2073 2071//2071 1957//1957
f 2072//2072 1960//1960 1958//1958
f 1959//1959 1961//1961 2077//2077
f 2077//2077 2073//2073 1959//1959
f 2068//2068 1956//1956 1954//1954
f 1960//1960 2072//2072 2076//2076
f 2076//2076 2075//2075 1960//1960
f 1960//1960 2075//2075 2086//2086
f 1961//1961 1962//1962 2079//2079
f 2078//2078 2077//2077 1961//1961
f 2079//2079 2078//2078 1961//1961
f 1962//1962 1963//1963 1971//1971
f 1962//1962 1971//1971 2079//2079
f 1963//1963 1964//1964 2080//2080
f 2064//2064 1952//1952 1950//1950
f 1945//1945 1947//1947 2061//2061
f 2059//2059 2057//2057 1945//1945
f 2061//2061 2059//2059 1945//1945
f 2062//2062 1948//1948 1946//1946
f 1946//1946 2060//2060 2062//2062
f 1947//1947 1949//1949 2063//2063
f 2063//2063 2061//2061 1947//1947
f 2062//2062 1950//1950 1948//1948
f 1949//1949 1951//1951 2063//2063
f 2039//2039 2037//2037 1923//1923
f 1950//1950 2062//2062 2064//2064
f 1951//1951 1953//1953 2067//2067
f 2065//2065 2063//2063 1951//1951
f 2067//2067 2065//2065 1951//1951
f 2068//2068 1954//1954 1952//1952
f 1952//1952 2064//2064 2066//2066
f 1952//1952 2066//2066 2068//2068
f 1953//1953 1955//1955 2069//2069
f 2069//2069 2067//2067 1953//1953
f 1899//1899 1901//1901 2016//2016
f 2010//2010 2008//2008 1890//1890
f 1895//1895 1894//1894 1891//1891
f 2011//2011 1896//1896 1893//1893
f 1893//1893 2009//2009 2011//2011
f 1894//1894 1897//1897 2012//2012
f 2012//2012 2010//2010 1894//1894
f 1274//1274 1356//1356 1358//1358
f 1896//1896 2011//2011 2013//2013
f 1897//1897 1899//1899 2012//2012
f 2013//2013 1900//1900 1898//1898
f 1890//1890 1894//1894 2010//2010
f 2014//2014 2012//2012 1899//1899
f 2016//2016 2014//2014 1899//1899
f 2017//2017 1902//1902 1900//1900
f 1900//1900 2013//2013 2015//2015
f 1900//1900 2015//2015 2017//2017
f 1901//1901 1903//1903 2018//2018
f 2018//2018 2016//2016 1901//1901
f 2019//2019 1904//1904 1902//1902
f 1902//1902 2017//2017 2019//2019
f 2008//2008 2004//2004 1886//1886
f 1882//1882 1883//1883 1887//1887
f 1882//1882 1887//1887 2005//2005
f 2001//2001 1997//1997 1882//1882
f 2005//2005 2001//2001 1882//1882
f 2006//2006 1888//1888 1885//1885
f 1885//1885 2002//2002 2006//2006
f 1886//1886 1887//1887 1890//1890
f 2004//2004 1887//1887 1886//1886
f 1886//1886 1890//1890 2008//2008
f 1903//1903 1905//1905 2020//2020
f 1891//1891 1890//1890 1887//1887
f 1887//1887 2004//2004 2005//2005
f 1888//1888 1889//1889 1893//1893
f 2007//2007 1889//1889 1888//1888
f 1893//1893 1892//1892 1888//1888
f 1888//1888 2006//2006 2007//2007
f 2009//2009 1893//1893 1889//1889
f 1889//1889 2007//2007 2009//2009
f 1890//1890 1891//1891 1894//1894
f 2034//2034 2030//2030 1917//1917
f 1918//1918 1915//1915 1914//1914
f 1914//1914 1917//1917 1918//1918
f 1915//1915 1918//1918 2031//2031
f 2028//2028 2026//2026 1915//1915
f 2031//2031 2028//2028 1915//1915
f 2029//2029 1919//1919 1916//1916
f 2031//2031 1918//1918 1917//1917
f 1917//1917 1921//1921 2034//2034
f 1917//1917 2030//2030 2031//2031
f 1913//1913 2027//2027 2029//2029
f 2032//2032 1920//1920 1919//1919
f 1919//1919 2029//2029 2032//2032
f 2036//2036 1922//1922 1920//1920
f 1920//1920 2032//2032 2033//2033
f 1920//1920 2033//2033 2036//2036
f 1921//1921 1923//1923 2034//2034
f 2036//2036 1924//1924 1922//1922
f 1923//1923 1925//1925 2039//2039
f 2037//2037 2034//2034 1923//1923
f 1907//1907 1911//1911 2025//2025
f 2020//2020 2018//2018 1903//1903
f 2019//2019 1906//1906 1904//1904
f 1905//1905 1907//1907 2022//2022
f 2022//2022 2020//2020 1905//1905
f 2024//2024 1910//1910 1906//1906
f 1906//1906 2019//2019 2021//2021
f 1906//1906 2021//2021 2024//2024
f 1907//1907 1908//1908 1912//1912
f 1912//1912 1911//1911 1907//1907
f 1972//1972 1971//1971 1963//1963
f 2025//2025 2022//2022 1907//1907
f 1909//1909 1910//1910 2024//2024
f 2027//2027 1913//1913 1909//1909
f 2024//2024 2023//2023 1909//1909
f 1909//1909 2023//2023 2027//2027
f 1911//1911 1912//1912 2025//2025
f 1912//1912 1915//1915 2026//2026
f 2026//2026 2025//2025 1912//1912
f 2029//2029 1916//1916 1913//1913
f 2139//2139 2137//2137 2018//2018
f 2013//2013 2128//2128 2131//2131
f 2013//2013 2131//2131 2134//2134
f 2014//2014 2016//2016 2133//2133
f 2136//2136 2017//2017 2015//2015
f 2015//2015 2134//2134 2136//2136
f 2016//2016 2018//2018 2137//2137
f 2135//2135 2133//2133 2016//2016
f 2137//2137 2135//2135 2016//2016
f 2136//2136 2019//2019 2017//2017
f 2018//2018 2020//2020 2139//2139
f 2134//2134 2015//2015 2013//2013
f 2138//2138 2021//2021 2019//2019
f 2019//2019 2136//2136 2138//2138
f 2020//2020 2022//2022 2139//2139
f 2143//2143 2024//2024 2021//2021
f 2021//2021 2138//2138 2140//2140
f 2021//2021 2140//2140 2143//2143
f 2022//2022 2025//2025 2141//2141
f 2141//2141 2139//2139 2022//2022
f 2023//2023 2024//2024 2143//2143
f 2008//2008 2010//2010 2127//2127
f 2005//2005 2004//2004 2001//2001
f 2121//2121 2118//2118 2001//2001
f 2002//2002 2003//2003 2007//2007
f 2007//2007 2006//2006 2002//2002
f 2124//2124 2007//2007 2003//2003
f 2003//2003 2122//2122 2124//2124
f 2004//2004 2008//2008 2123//2123
f 2126//2126 2009//2009 2007//2007
f 2007//2007 2124//2124 2126//2126
f 2142//2142 2027//2027 2023//2023
f 2125//2125 2123//2123 2008//2008
f 2127//2127 2125//2125 2008//2008
f 2126//2126 2011//2011 2009//2009
f 2010//2010 2012//2012 2130//2130
f 2130//2130 2127//2127 2010//2010
f 2128//2128 2013//2013 2011//2011
f 2011//2011 2126//2126 2128//2128
f 2012//2012 2014//2014 2133//2133
f 2133//2133 2130//2130 2012//2012
f 2159//2159 2157//2157 2039//2039
f 2153//2153 2036//2036 2035//2035
f 2035//2035 2151//2151 2153//2153
f 2154//2154 2038//2038 2036//2036
f 2036//2036 2153//2153 2154//2154
f 2037//2037 2039//2039 2157//2157
f 2155//2155 2152//2152 2037//2037
f 2157//2157 2155//2155 2037//2037
f 2156//2156 2040//2040 2038//2038
f 2038//2038 2154//2154 2156//2156
f 2039//2039 2041//2041 2159//2159
f 2152//2152 2149//2149 2034//2034
f 2160//2160 2042//2042 2040//2040
f 2040//2040 2156//2156 2158//2158
f 2040//2040 2158//2158 2160//2160
f 2041//2041 2044//2044 2162//2162
f 2162//2162 2159//2159 2041//2041
f 2160//2160 2045//2045 2042//2042
f 2162//2162 2044//2044 2043//2043
f 2043//2043 2046//2046 2164//2164
f 2043//2043 2161//2161 2162//2162
f 2150//2150 2147//2147 2028//2028
f 2143//2143 2142//2142 2023//2023
f 2025//2025 2026//2026 2144//2144
f 2144//2144 2141//2141 2025//2025
f 2026//2026 2028//2028 2147//2147
f 2147//2147 2144//2144 2026//2026
f 2148//2148 2029//2029 2027//2027
f 2027//2027 2142//2142 2145//2145
f 2027//2027 2145//2145 2148//2148
f 2028//2028 2031//2031 2150//2150
f 2123//2123 2121//2121 2000//2000
f 2151//2151 2032//2032 2029//2029
f 2029//2029 2148//2148 2151//2151
f 2149//2149 2031//2031 2030//2030
f 2030//2030 2034//2034 2149//2149
f 2031//2031 2149//2149 2150//2150
f 2036//2036 2033//2033 2032//2032
f 2032//2032 2035//2035 2036//2036
f 2151//2151 2035//2035 2032//2032
f 2034//2034 2037//2037 2152//2152
f 1983//1983 1982//1982 1977//1977
f 1975//1975 1978//1978 2103//2103
f 2103//2103 2097//2097 1975//1975
f 1976//1976 1977//1977 1982//1982
f 2102//2102 1977//1977 1976//1976
f 1982//1982 1981//1981 1976//1976
f 1976//1976 1981//1981 2108//2108
f 1976//1976 2101//2101 2102//2102
f 2108//2108 2101//2101 1976//1976
f 1977//1977 1978//1978 1983//1983
f 2102//2102 1978//1978 1977//1977
f 2097//2097 1978//1978 1975//1975
f 1978//1978 1979//1979 1984//1984
f 2097//2097 1979//1979 1978//1978
f 1984//1984 1983//1983 1978//1978
f 1978//1978 2102//2102 2103//2103
f 1979//1979 1980//1980 1984//1984
f 2105//2105 1980//1980 1979//1979
f 1979//1979 2097//2097 2104//2104
f 1979//1979 2104//2104 2105//2105
f 1985//1985 1984//1984 1980//1980
f 2083//2083 1974//1974 1966//1966
f 2080//2080 1972//1972 1963//1963
f 1964//1964 1965//1965 2082//2082
f 2081//2081 2080//2080 1964//1964
f 2082//2082 2081//2081 1964//1964
f 1965//1965 1966//1966 1973//1973
f 1965//1965 1973//1973 1974//1974
f 1965//1965 1974//1974 2082//2082
f 1966//1966 1967//1967 2084//2084
f 1974//1974 1973//1973 1966//1966
f 2105//2105 1985//1985 1980//1980
f 2084//2084 2083//2083 1966//1966
f 1967//1967 1968//1968 2085//2085
f 2085//2085 2084//2084 1967//1967
f 1968//1968 1969//1969 2086//2086
f 2086//2086 2085//2085 1968//1968
f 1969//1969 1970//1970 2086//2086
f 1971//1971 1972//1972 2080//2080
f 2080//2080 2079//2079 1971//1971
f 2083//2083 2082//2082 1974//1974
f 1998//1998 1999//1999 2003//2003
f 2112//2112 1996//1996 1992//1992
f 1992//1992 2110//2110 2112//2112
f 1993//1993 1994//1994 1997//1997
f 1993//1993 1997//1997 2114//2114
f 2114//2114 2111//2111 1993//1993
f 2115//2115 1998//1998 1996//1996
f 1996//1996 2112//2112 2115//2115
f 1997//1997 2001//2001 2118//2118
f 2118//2118 2114//2114 1997//1997
f 1996//1996 1995//1995 1991//1991
f 2120//2120 1999//1999 1998//1998
f 2003//2003 2002//2002 1998//1998
f 1998//1998 2115//2115 2119//2119
f 1998//1998 2119//2119 2120//2120
f 2122//2122 2003//2003 1999//1999
f 1999//1999 2120//2120 2122//2122
f 2000//2000 2001//2001 2004//2004
f 2121//2121 2001//2001 2000//2000
f 2000//2000 2004//2004 2123//2123
f 1992//1992 1991//1991 1985//1985
f 1981//1981 1982//1982 1987//1987
f 1981//1981 1987//1987 2107//2107
f 1981//1981 2107//2107 2108//2108
f 1982//1982 1983//1983 1988//1988
f 1988//1988 1987//1987 1982//1982
f 1983//1983 1984//1984 1989//1989
f 1984//1984 1985//1985 1990//1990
f 1990//1990 1989//1989 1984//1984
f 1991//1991 1990//1990 1985//1985
f 2331//2331 2330//2330 2203//2203
f 2110//2110 1992//1992 1985//1985
f 1985//1985 2105//2105 2109//2109
f 1985//1985 2109//2109 2110//2110
f 1986//1986 1987//1987 1993//1993
f 2111//2111 1987//1987 1986//1986
f 1986//1986 1993//1993 2111//2111
f 1994//1994 1993//1993 1987//1987
f 2111//2111 2107//2107 1987//1987
f 1991//1991 1992//1992 1996//1996
f 2420//2420 2417//2417 2416//2416
f 2411//2411 2562//2562 2565//2565
f 2564//2564 2413//2413 2412//2412
f 2412//2412 2415//2415 2566//2566
f 2412//2412 2563//2563 2564//2564
f 2566//2566 2563//2563 2412//2412
f 2564//2564 2561//2561 2413//2413
f 2568//2568 2416//2416 2414//2414
f 2414//2414 2565//2565 2568//2568
f 2415//2415 2418//2418 2569//2569
f 2569//2569 2566//2566 2415//2415
f 2565//2565 2414//2414 2411//2411
f 2416//2416 2419//2419 2420//2420
f 2570//2570 2419//2419 2416//2416
f 2416//2416 2568//2568 2570//2570
f 2418//2418 2421//2421 2569//2569
f 2570//2570 2420//2420 2419//2419
f 2571//2571 2422//2422 2420//2420
f 2420//2420 2570//2570 2571//2571
f 2421//2421 2423//2423 2581//2581
f 2572//2572 2569//2569 2421//2421
f 2405//2405 2556//2556 2559//2559
f 2553//2553 2551//2551 2402//2402
f 2555//2555 2553//2553 2402//2402
f 2554//2554 2406//2406 2403//2403
f 2403//2403 2552//2552 2554//2554
f 2404//2404 2407//2407 2558//2558
f 2558//2558 2555//2555 2404//2404
f 2405//2405 2406//2406 2557//2557
f 2559//2559 2408//2408 2405//2405
f 2557//2557 2556//2556 2405//2405
f 2581//2581 2572//2572 2421//2421
f 2406//2406 2554//2554 2557//2557
f 2410//2410 2409//2409 2407//2407
f 2407//2407 2409//2409 2560//2560
f 2560//2560 2558//2558 2407//2407
f 2562//2562 2411//2411 2408//2408
f 2408//2408 2559//2559 2562//2562
f 2409//2409 2410//2410 2560//2560
f 2410//2410 2413//2413 2561//2561
f 2561//2561 2560//2560 2410//2410
f 2434//2434 2441//2441 2442//2442
f 2430//2430 2435//2435 2436//2436
f 2601//2601 2600//2600 2430//2430
f 2431//2431 2436//2436 2437//2437
f 2431//2431 2437//2437 2601//2601
f 2439//2439 2433//2433 2432//2432
f 2432//2432 2433//2433 2607//2607
f 2606//2606 2439//2439 2432//2432
f 2607//2607 2606//2606 2432//2432
f 2433//2433 2439//2439 2440//2440
f 2442//2442 2435//2435 2434//2434
f 2430//2430 2431//2431 2601//2601
f 2608//2608 2436//2436 2435//2435
f 2435//2435 2442//2442 2608//2608
f 2610//2610 2437//2437 2436//2436
f 2436//2436 2608//2608 2609//2609
f 2436//2436 2609//2609 2610//2610
f 2610//2610 2601//2601 2437//2437
f 2443//2443 2439//2439 2438//2438
f 2438//2438 2439//2439 2605//2605
f 2621//2621 2443//2443 2438//2438
f 2607//2607 2433//2433 2427//2427
f 2580//2580 2424//2424 2422//2422
f 2422//2422 2571//2571 2580//2580
f 2423//2423 2426//2426 2590//2590
f 2590//2590 2581//2581 2423//2423
f 2589//2589 2427//2427 2424//2424
f 2424//2424 2580//2580 2589//2589
f 2429//2429 2426//2426 2425//2425
f 2425//2425 2428//2428 2429//2429
f 2426//2426 2429//2429 2590//2590
f 2402//2402 2404//2404 2555//2555
f 2427//2427 2589//2589 2598//2598
f 2427//2427 2598//2598 2607//2607
f 2434//2434 2429//2429 2428//2428
f 2435//2435 2430//2430 2429//2429
f 2429//2429 2430//2430 2600//2600
f 2429//2429 2434//2434 2435//2435
f 2599//2599 2590//2590 2429//2429
f 2600//2600 2599//2599 2429//2429
f 2436//2436 2431//2431 2430//2430
f 2526//2526 2524//2524 2376//2376
f 2523//2523 2371//2371 2370//2370
f 2370//2370 2522//2522 2523//2523
f 2375//2375 2374//2374 2371//2371
f 2525//2525 2375//2375 2371//2371
f 2371//2371 2523//2523 2525//2525
f 2372//2372 2376//2376 2524//2524
f 2524//2524 2521//2521 2372//2372
f 2527//2527 2377//2377 2375//2375
f 2375//2375 2525//2525 2527//2527
f 2376//2376 2378//2378 2528//2528
f 2370//2370 2371//2371 2374//2374
f 2528//2528 2526//2526 2376//2376
f 2529//2529 2379//2379 2377//2377
f 2377//2377 2527//2527 2529//2529
f 2378//2378 2380//2380 2528//2528
f 2529//2529 2381//2381 2379//2379
f 2380//2380 2382//2382 2530//2530
f 2530//2530 2528//2528 2380//2380
f 2531//2531 2383//2383 2381//2381
f 2381//2381 2529//2529 2531//2531
f 2517//2517 2366//2366 2365//2365
f 2359//2359 2363//2363 2515//2515
f 2515//2515 2512//2512 2359//2359
f 2516//2516 2364//2364 2362//2362
f 2362//2362 2513//2513 2516//2516
f 2363//2363 2366//2366 2518//2518
f 2518//2518 2515//2515 2363//2363
f 2519//2519 2367//2367 2364//2364
f 2364//2364 2516//2516 2519//2519
f 2365//2365 2366//2366 2369//2369
f 2382//2382 2384//2384 2532//2532
f 2369//2369 2368//2368 2365//2365
f 2365//2365 2368//2368 2517//2517
f 2366//2366 2517//2517 2518//2518
f 2522//2522 2370//2370 2367//2367
f 2367//2367 2519//2519 2522//2522
f 2368//2368 2369//2369 2372//2372
f 2368//2368 2372//2372 2521//2521
f 2521//2521 2517//2517 2368//2368
f 2373//2373 2372//2372 2369//2369
f 2396//2396 2398//2398 2549//2549
f 2542//2542 2394//2394 2392//2392
f 2392//2392 2539//2539 2542//2542
f 2393//2393 2395//2395 2546//2546
f 2546//2546 2543//2543 2393//2393
f 2548//2548 2397//2397 2394//2394
f 2394//2394 2542//2542 2545//2545
f 2394//2394 2545//2545 2548//2548
f 2395//2395 2396//2396 2547//2547
f 2547//2547 2546//2546 2395//2395
f 2543//2543 2540//2540 2390//2390
f 2549//2549 2547//2547 2396//2396
f 2548//2548 2399//2399 2397//2397
f 2398//2398 2400//2400 2551//2551
f 2551//2551 2549//2549 2398//2398
f 2550//2550 2401//2401 2399//2399
f 2399//2399 2548//2548 2550//2550
f 2400//2400 2402//2402 2551//2551
f 2552//2552 2403//2403 2401//2401
f 2401//2401 2550//2550 2552//2552
f 2536//2536 2534//2534 2386//2386
f 2532//2532 2530//2530 2382//2382
f 2533//2533 2385//2385 2383//2383
f 2383//2383 2531//2531 2533//2533
f 2384//2384 2386//2386 2534//2534
f 2534//2534 2532//2532 2384//2384
f 2537//2537 2387//2387 2385//2385
f 2385//2385 2533//2533 2535//2535
f 2385//2385 2535//2535 2537//2537
f 2386//2386 2388//2388 2538//2538
f 2438//2438 2605//2605 2614//2614
f 2538//2538 2536//2536 2386//2386
f 2537//2537 2389//2389 2387//2387
f 2391//2391 2390//2390 2388//2388
f 2388//2388 2390//2390 2538//2538
f 2539//2539 2392//2392 2389//2389
f 2389//2389 2537//2537 2539//2539
f 2390//2390 2393//2393 2543//2543
f 2541//2541 2538//2538 2390//2390
f 2390//2390 2540//2540 2541//2541
f 2700//2700 2490//2490 2489//2489
f 2491//2491 2490//2490 2484//2484
f 2484//2484 2490//2490 2697//2697
f 2485//2485 2486//2486 2491//2491
f 2486//2486 2487//2487 2492//2492
f 2492//2492 2491//2491 2486//2486
f 2487//2487 2488//2488 2494//2494
f 2493//2493 2492//2492 2487//2487
f 2494//2494 2493//2493 2487//2487
f 2698//2698 2494//2494 2488//2488
f 2489//2489 2490//2490 2495//2495
f 2484//2484 2485//2485 2491//2491
f 2489//2489 2495//2495 2704//2704
f 2704//2704 2700//2700 2489//2489
f 2490//2490 2491//2491 2496//2496
f 2496//2496 2495//2495 2490//2490
f 2701//2701 2697//2697 2490//2490
f 2490//2490 2700//2700 2701//2701
f 2497//2497 2496//2496 2491//2491
f 2493//2493 2494//2494 2499//2499
f 2499//2499 2498//2498 2493//2493
f 2486//2486 2485//2485 2481//2481
f 2675//2675 2674//2674 2477//2477
f 2480//2480 2481//2481 2484//2484
f 2691//2691 2481//2481 2480//2480
f 2480//2480 2484//2484 2697//2697
f 2480//2480 2690//2690 2691//2691
f 2697//2697 2690//2690 2480//2480
f 2481//2481 2482//2482 2486//2486
f 2692//2692 2482//2482 2481//2481
f 2485//2485 2484//2484 2481//2481
f 2500//2500 2499//2499 2494//2494
f 2481//2481 2691//2691 2692//2692
f 2482//2482 2483//2483 2486//2486
f 2693//2693 2483//2483 2482//2482
f 2482//2482 2692//2692 2693//2693
f 2487//2487 2486//2486 2483//2483
f 2488//2488 2487//2487 2483//2483
f 2698//2698 2488//2488 2483//2483
f 2483//2483 2693//2693 2694//2694
f 2483//2483 2694//2694 2698//2698
f 2511//2511 2514//2514 2718//2718
f 2710//2710 2510//2510 2508//2508
f 2508//2508 2707//2707 2710//2710
f 2509//2509 2512//2512 2712//2712
f 2712//2712 2709//2709 2509//2509
f 2716//2716 2513//2513 2510//2510
f 2510//2510 2710//2710 2713//2713
f 2510//2510 2713//2713 2716//2716
f 2511//2511 2512//2512 2515//2515
f 2714//2714 2512//2512 2511//2511
f 2515//2515 2514//2514 2511//2511
f 2709//2709 2706//2706 2505//2505
f 2718//2718 2714//2714 2511//2511
f 2715//2715 2712//2712 2512//2512
f 2512//2512 2714//2714 2715//2715
f 2719//2719 2516//2516 2513//2513
f 2513//2513 2716//2716 2719//2719
f 2514//2514 2515//2515 2517//2517
f 2514//2514 2517//2517 2718//2718
f 2518//2518 2517//2517 2515//2515
f 2520//2520 2519//2519 2516//2516
f 2500//2500 2703//2703 2705//2705
f 2703//2703 2500//2500 2494//2494
f 2494//2494 2698//2698 2702//2702
f 2494//2494 2702//2702 2703//2703
f 2495//2495 2496//2496 2501//2501
f 2495//2495 2501//2501 2704//2704
f 2502//2502 2501//2501 2496//2496
f 2499//2499 2500//2500 2504//2504
f 2504//2504 2503//2503 2499//2499
f 2705//2705 2504//2504 2500//2500
f 2477//2477 2478//2478 2675//2675
f 2501//2501 2502//2502 2506//2506
f 2506//2506 2505//2505 2501//2501
f 2501//2501 2505//2505 2706//2706
f 2706//2706 2704//2704 2501//2501
f 2503//2503 2504//2504 2507//2507
f 2508//2508 2507//2507 2504//2504
f 2707//2707 2508//2508 2504//2504
f 2504//2504 2705//2705 2707//2707
f 2505//2505 2509//2509 2709//2709
f 2646//2646 2455//2455 2453//2453
f 2448//2448 2634//2634 2635//2635
f 2452//2452 2450//2450 2449//2449
f 2641//2641 2452//2452 2449//2449
f 2449//2449 2633//2633 2641//2641
f 2450//2450 2452//2452 2453//2453
f 2451//2451 2454//2454 2647//2647
f 2642//2642 2634//2634 2451//2451
f 2647//2647 2642//2642 2451//2451
f 2645//2645 2453//2453 2452//2452
f 2452//2452 2641//2641 2645//2645
f 2635//2635 2624//2624 2448//2448
f 2453//2453 2645//2645 2646//2646
f 2454//2454 2456//2456 2647//2647
f 2653//2653 2457//2457 2455//2455
f 2455//2455 2646//2646 2649//2649
f 2455//2455 2649//2649 2650//2650
f 2455//2455 2650//2650 2653//2653
f 2456//2456 2458//2458 2654//2654
f 2651//2651 2647//2647 2456//2456
f 2654//2654 2651//2651 2456//2456
f 2621//2621 2444//2444 2443//2443
f 2438//2438 2614//2614 2621//2621
f 2444//2444 2440//2440 2439//2439
f 2439//2439 2443//2443 2444//2444
f 2606//2606 2605//2605 2439//2439
f 2440//2440 2444//2444 2445//2445
f 2625//2625 2442//2442 2441//2441
f 2441//2441 2446//2446 2625//2625
f 2615//2615 2608//2608 2442//2442
f 2625//2625 2615//2615 2442//2442
f 2656//2656 2459//2459 2457//2457
f 2622//2622 2445//2445 2444//2444
f 2444//2444 2621//2621 2622//2622
f 2633//2633 2447//2447 2445//2445
f 2445//2445 2622//2622 2623//2623
f 2445//2445 2623//2623 2633//2633
f 2446//2446 2448//2448 2624//2624
f 2446//2446 2624//2624 2625//2625
f 2633//2633 2449//2449 2447//2447
f 2448//2448 2451//2451 2634//2634
f 2471//2471 2669//2669 2675//2675
f 2467//2467 2471//2471 2472//2472
f 2669//2669 2471//2471 2467//2467
f 2467//2467 2665//2665 2669//2669
f 2469//2469 2470//2470 2666//2666
f 2666//2666 2663//2663 2469//2469
f 2470//2470 2473//2473 2667//2667
f 2667//2667 2666//2666 2470//2470
f 2471//2471 2478//2478 2479//2479
f 2675//2675 2478//2478 2471//2471
f 2663//2663 2662//2662 2466//2466
f 2473//2473 2474//2474 2670//2670
f 2670//2670 2667//2667 2473//2473
f 2474//2474 2475//2475 2672//2672
f 2671//2671 2670//2670 2474//2474
f 2672//2672 2671//2671 2474//2474
f 2475//2475 2476//2476 2673//2673
f 2673//2673 2672//2672 2475//2475
f 2476//2476 2477//2477 2674//2674
f 2674//2674 2673//2673 2476//2476
f 2461//2461 2658//2658 2661//2661
f 2457//2457 2653//2653 2656//2656
f 2458//2458 2460//2460 2657//2657
f 2657//2657 2654//2654 2458//2458
f 2656//2656 2461//2461 2459//2459
f 2460//2460 2462//2462 2660//2660
f 2660//2660 2657//2657 2460//2460
f 2661//2661 2464//2464 2461//2461
f 2461//2461 2656//2656 2659//2659
f 2659//2659 2658//2658 2461//2461
f 2358//2358 2510//2510 2513//2513
f 2462//2462 2465//2465 2662//2662
f 2662//2662 2660//2660 2462//2462
f 2468//2468 2464//2464 2463//2463
f 2463//2463 2464//2464 2661//2661
f 2463//2463 2467//2467 2468//2468
f 2665//2665 2467//2467 2463//2463
f 2463//2463 2661//2661 2665//2665
f 2465//2465 2466//2466 2662//2662
f 2466//2466 2469//2469 2663//2663
f 2394//2394 2261//2261 2258//2258
f 2253//2253 2385//2385 2387//2387
f 2253//2253 2387//2387 2389//2389
f 2254//2254 2257//2257 2391//2391
f 2388//2388 2386//2386 2254//2254
f 2391//2391 2388//2388 2254//2254
f 2389//2389 2258//2258 2255//2255
f 2390//2390 2257//2257 2256//2256
f 2256//2256 2259//2259 2393//2393
f 2393//2393 2390//2390 2256//2256
f 2257//2257 2390//2390 2391//2391
f 2389//2389 2255//2255 2253//2253
f 2258//2258 2389//2389 2392//2392
f 2258//2258 2392//2392 2394//2394
f 2259//2259 2260//2260 2263//2263
f 2263//2263 2262//2262 2259//2259
f 2259//2259 2262//2262 2395//2395
f 2395//2395 2393//2393 2259//2259
f 2397//2397 2264//2264 2261//2261
f 2261//2261 2394//2394 2397//2397
f 2262//2262 2263//2263 2395//2395
f 2248//2248 2250//2250 2384//2384
f 2379//2379 2245//2245 2242//2242
f 2242//2242 2377//2377 2379//2379
f 2243//2243 2246//2246 2378//2378
f 2378//2378 2376//2376 2243//2243
f 2379//2379 2247//2247 2245//2245
f 2246//2246 2248//2248 2380//2380
f 2380//2380 2378//2378 2246//2246
f 2381//2381 2249//2249 2247//2247
f 2247//2247 2379//2379 2381//2381
f 2263//2263 2265//2265 2396//2396
f 2382//2382 2380//2380 2248//2248
f 2384//2384 2382//2382 2248//2248
f 2385//2385 2251//2251 2249//2249
f 2249//2249 2381//2381 2383//2383
f 2249//2249 2383//2383 2385//2385
f 2250//2250 2252//2252 2384//2384
f 2385//2385 2253//2253 2251//2251
f 2252//2252 2254//2254 2386//2386
f 2386//2386 2384//2384 2252//2252
f 2414//2414 2281//2281 2278//2278
f 2406//2406 2405//2405 2272//2272
f 2272//2272 2405//2405 2408//2408
f 2274//2274 2275//2275 2277//2277
f 2274//2274 2277//2277 2407//2407
f 2407//2407 2404//2404 2274//2274
f 2408//2408 2278//2278 2276//2276
f 2277//2277 2279//2279 2280//2280
f 2277//2277 2280//2280 2413//2413
f 2410//2410 2407//2407 2277//2277
f 2413//2413 2410//2410 2277//2277
f 2408//2408 2276//2276 2272//2272
f 2278//2278 2408//2408 2411//2411
f 2278//2278 2411//2411 2414//2414
f 2413//2413 2280//2280 2279//2279
f 2279//2279 2283//2283 2415//2415
f 2279//2279 2412//2412 2413//2413
f 2415//2415 2412//2412 2279//2279
f 2285//2285 2282//2282 2281//2281
f 2281//2281 2284//2284 2285//2285
f 2416//2416 2284//2284 2281//2281
f 2402//2402 2400//2400 2267//2267
f 2396//2396 2395//2395 2263//2263
f 2397//2397 2266//2266 2264//2264
f 2265//2265 2267//2267 2400//2400
f 2398//2398 2396//2396 2265//2265
f 2400//2400 2398//2398 2265//2265
f 2401//2401 2268//2268 2266//2266
f 2266//2266 2397//2397 2399//2399
f 2266//2266 2399//2399 2401//2401
f 2267//2267 2269//2269 2402//2402
f 2241//2241 2242//2242 2245//2245
f 2403//2403 2270//2270 2268//2268
f 2268//2268 2401//2401 2403//2403
f 2269//2269 2271//2271 2402//2402
f 2273//2273 2272//2272 2270//2270
f 2406//2406 2273//2273 2270//2270
f 2270//2270 2403//2403 2406//2406
f 2271//2271 2274//2274 2404//2404
f 2404//2404 2402//2402 2271//2271
f 2272//2272 2273//2273 2406//2406
f 2357//2357 2221//2221 2215//2215
f 2218//2218 2217//2217 2211//2211
f 2211//2211 2217//2217 2356//2356
f 2212//2212 2213//2213 2218//2218
f 2213//2213 2214//2214 2219//2219
f 2219//2219 2218//2218 2213//2213
f 2214//2214 2215//2215 2220//2220
f 2357//2357 2215//2215 2214//2214
f 2220//2220 2219//2219 2214//2214
f 2214//2214 2353//2353 2357//2357
f 2221//2221 2220//2220 2215//2215
f 2356//2356 2212//2212 2211//2211
f 2216//2216 2217//2217 2224//2224
f 2359//2359 2217//2217 2216//2216
f 2224//2224 2223//2223 2216//2216
f 2216//2216 2223//2223 2359//2359
f 2217//2217 2218//2218 2224//2224
f 2360//2360 2356//2356 2217//2217
f 2217//2217 2359//2359 2360//2360
f 2225//2225 2224//2224 2218//2218
f 2220//2220 2221//2221 2227//2227
f 2208//2208 2349//2349 2350//2350
f 2332//2332 2331//2331 2203//2203
f 2204//2204 2205//2205 2332//2332
f 2205//2205 2206//2206 2333//2333
f 2333//2333 2332//2332 2205//2205
f 2334//2334 2333//2333 2206//2206
f 2208//2208 2209//2209 2213//2213
f 2351//2351 2209//2209 2208//2208
f 2213//2213 2212//2212 2208//2208
f 2208//2208 2212//2212 2356//2356
f 2227//2227 2226//2226 2220//2220
f 2356//2356 2349//2349 2208//2208
f 2208//2208 2350//2350 2351//2351
f 2209//2209 2210//2210 2214//2214
f 2352//2352 2210//2210 2209//2209
f 2214//2214 2213//2213 2209//2209
f 2209//2209 2351//2351 2352//2352
f 2353//2353 2214//2214 2210//2210
f 2210//2210 2352//2352 2353//2353
f 2211//2211 2212//2212 2218//2218
f 2237//2237 2238//2238 2242//2242
f 2374//2374 2237//2237 2234//2234
f 2234//2234 2367//2367 2370//2370
f 2234//2234 2370//2370 2374//2374
f 2235//2235 2236//2236 2239//2239
f 2372//2372 2236//2236 2235//2235
f 2235//2235 2239//2239 2372//2372
f 2240//2240 2239//2239 2236//2236
f 2373//2373 2369//2369 2236//2236
f 2236//2236 2372//2372 2373//2373
f 2369//2369 2366//2366 2233//2233
f 2375//2375 2238//2238 2237//2237
f 2242//2242 2241//2241 2237//2237
f 2237//2237 2374//2374 2375//2375
f 2377//2377 2242//2242 2238//2238
f 2238//2238 2375//2375 2377//2377
f 2239//2239 2240//2240 2243//2243
f 2239//2239 2243//2243 2376//2376
f 2376//2376 2372//2372 2239//2239
f 2244//2244 2243//2243 2240//2240
f 2363//2363 2359//2359 2223//2223
f 2221//2221 2222//2222 2228//2228
f 2362//2362 2222//2222 2221//2221
f 2228//2228 2227//2227 2221//2221
f 2221//2221 2357//2357 2361//2361
f 2221//2221 2361//2361 2362//2362
f 2364//2364 2228//2228 2222//2222
f 2222//2222 2362//2362 2364//2364
f 2223//2223 2224//2224 2229//2229
f 2223//2223 2229//2229 2366//2366
f 2281//2281 2414//2414 2416//2416
f 2366//2366 2363//2363 2223//2223
f 2230//2230 2229//2229 2224//2224
f 2227//2227 2228//2228 2232//2232
f 2232//2232 2231//2231 2227//2227
f 2367//2367 2232//2232 2228//2228
f 2228//2228 2364//2364 2367//2367
f 2229//2229 2233//2233 2366//2366
f 2367//2367 2234//2234 2232//2232
f 2233//2233 2236//2236 2369//2369
f 2341//2341 2340//2340 2337//2337
f 2479//2479 2478//2478 2333//2333
f 2334//2334 2471//2471 2479//2479
f 2335//2335 2336//2336 2340//2340
f 2492//2492 2336//2336 2335//2335
f 2340//2340 2339//2339 2335//2335
f 2335//2335 2339//2339 2491//2491
f 2335//2335 2491//2491 2492//2492
f 2336//2336 2337//2337 2340//2340
f 2493//2493 2337//2337 2336//2336
f 2336//2336 2492//2492 2493//2493
f 2333//2333 2334//2334 2479//2479
f 2493//2493 2341//2341 2337//2337
f 2338//2338 2339//2339 2343//2343
f 2496//2496 2339//2339 2338//2338
f 2338//2338 2343//2343 2496//2496
f 2339//2339 2340//2340 2345//2345
f 2344//2344 2343//2343 2339//2339
f 2345//2345 2344//2344 2339//2339
f 2497//2497 2491//2491 2339//2339
f 2339//2339 2496//2496 2497//2497
f 2328//2328 2329//2329 2473//2473
f 2323//2323 2464//2464 2468//2468
f 2324//2324 2325//2325 2470//2470
f 2469//2469 2466//2466 2324//2324
f 2470//2470 2469//2469 2324//2324
f 2325//2325 2328//2328 2473//2473
f 2473//2473 2470//2470 2325//2325
f 2326//2326 2327//2327 2471//2471
f 2471//2471 2334//2334 2326//2326
f 2472//2472 2471//2471 2327//2327
f 2340//2340 2341//2341 2345//2345
f 2329//2329 2330//2330 2475//2475
f 2474//2474 2473//2473 2329//2329
f 2475//2475 2474//2474 2329//2329
f 2330//2330 2331//2331 2476//2476
f 2476//2476 2475//2475 2330//2330
f 2331//2331 2332//2332 2476//2476
f 2332//2332 2333//2333 2478//2478
f 2477//2477 2476//2476 2332//2332
f 2478//2478 2477//2477 2332//2332
f 2508//2508 2358//2358 2354//2354
f 2348//2348 2349//2349 2356//2356
f 2505//2505 2349//2349 2348//2348
f 2356//2356 2355//2355 2348//2348
f 2348//2348 2355//2355 2505//2505
f 2349//2349 2505//2505 2506//2506
f 2353//2353 2354//2354 2358//2358
f 2508//2508 2354//2354 2353//2353
f 2358//2358 2357//2357 2353//2353
f 2353//2353 2503//2503 2507//2507
f 2353//2353 2507//2507 2508//2508
f 2347//2347 2499//2499 2503//2503
f 2355//2355 2356//2356 2359//2359
f 2355//2355 2359//2359 2512//2512
f 2509//2509 2505//2505 2355//2355
f 2512//2512 2509//2509 2355//2355
f 2360//2360 2359//2359 2356//2356
f 2357//2357 2358//2358 2362//2362
f 2362//2362 2361//2361 2357//2357
f 2513//2513 2362//2362 2358//2358
f 2358//2358 2508//2508 2510//2510
f 2343//2343 2349//2349 2506//2506
f 2341//2341 2342//2342 2346//2346
f 2499//2499 2342//2342 2341//2341
f 2346//2346 2345//2345 2341//2341
f 2341//2341 2493//2493 2498//2498
f 2341//2341 2498//2498 2499//2499
f 2347//2347 2346//2346 2342//2342
f 2499//2499 2347//2347 2342//2342
f 2343//2343 2344//2344 2350//2350
f 2350//2350 2349//2349 2343//2343
f 2322//2322 2467//2467 2472//2472
f 2502//2502 2496//2496 2343//2343
f 2506//2506 2502//2502 2343//2343
f 2344//2344 2345//2345 2350//2350
f 2345//2345 2346//2346 2351//2351
f 2351//2351 2350//2350 2345//2345
f 2346//2346 2347//2347 2352//2352
f 2352//2352 2351//2351 2346//2346
f 2353//2353 2352//2352 2347//2347
f 2503//2503 2353//2353 2347//2347
f 2298//2298 2300//2300 2441//2441
f 2425//2425 2294//2294 2293//2293
f 2293//2293 2296//2296 2425//2425
f 2294//2294 2425//2425 2426//2426
f 2433//2433 2297//2297 2295//2295
f 2295//2295 2427//2427 2433//2433
f 2296//2296 2298//2298 2434//2434
f 2428//2428 2425//2425 2296//2296
f 2434//2434 2428//2428 2296//2296
f 2440//2440 2299//2299 2297//2297
f 2297//2297 2433//2433 2440//2440
f 2292//2292 2424//2424 2427//2427
f 2441//2441 2434//2434 2298//2298
f 2440//2440 2301//2301 2299//2299
f 2300//2300 2302//2302 2441//2441
f 2447//2447 2303//2303 2301//2301
f 2301//2301 2440//2440 2445//2445
f 2301//2301 2445//2445 2447//2447
f 2302//2302 2305//2305 2448//2448
f 2446//2446 2441//2441 2302//2302
f 2448//2448 2446//2446 2302//2302
f 2287//2287 2420//2420 2422//2422
f 2283//2283 2286//2286 2418//2418
f 2418//2418 2415//2415 2283//2283
f 2416//2416 2285//2285 2284//2284
f 2420//2420 2287//2287 2285//2285
f 2285//2285 2416//2416 2417//2417
f 2285//2285 2417//2417 2420//2420
f 2286//2286 2288//2288 2421//2421
f 2421//2421 2418//2418 2286//2286
f 2422//2422 2289//2289 2287//2287
f 2306//2306 2304//2304 2303//2303
f 2288//2288 2291//2291 2423//2423
f 2423//2423 2421//2421 2288//2288
f 2424//2424 2292//2292 2289//2289
f 2289//2289 2422//2422 2424//2424
f 2293//2293 2291//2291 2290//2290
f 2291//2291 2293//2293 2294//2294
f 2291//2291 2294//2294 2426//2426
f 2426//2426 2423//2423 2291//2291
f 2427//2427 2295//2295 2292//2292
f 2318//2318 2320//2320 2465//2465
f 2314//2314 2316//2316 2460//2460
f 2458//2458 2456//2456 2314//2314
f 2460//2460 2458//2458 2314//2314
f 2459//2459 2317//2317 2315//2315
f 2316//2316 2318//2318 2462//2462
f 2462//2462 2460//2460 2316//2316
f 2464//2464 2319//2319 2317//2317
f 2317//2317 2459//2459 2461//2461
f 2317//2317 2461//2461 2464//2464
f 2313//2313 2457//2457 2459//2459
f 2465//2465 2462//2462 2318//2318
f 2464//2464 2323//2323 2319//2319
f 2324//2324 2321//2321 2320//2320
f 2320//2320 2321//2321 2466//2466
f 2466//2466 2465//2465 2320//2320
f 2321//2321 2324//2324 2466//2466
f 2322//2322 2323//2323 2468//2468
f 2472//2472 2327//2327 2322//2322
f 2468//2468 2467//2467 2322//2322
f 2451//2451 2448//2448 2308//2308
f 2447//2447 2306//2306 2303//2303
f 2304//2304 2306//2306 2307//2307
f 2305//2305 2308//2308 2448//2448
f 2449//2449 2307//2307 2306//2306
f 2306//2306 2447//2447 2449//2449
f 2453//2453 2309//2309 2307//2307
f 2307//2307 2449//2449 2450//2450
f 2307//2307 2450//2450 2453//2453
f 2308//2308 2310//2310 2454//2454
f 2013//2013 1898//1898 1896//1896
f 2454//2454 2451//2451 2308//2308
f 2455//2455 2311//2311 2309//2309
f 2309//2309 2453//2453 2455//2455
f 2310//2310 2312//2312 2454//2454
f 2457//2457 2313//2313 2311//2311
f 2311//2311 2455//2455 2457//2457
f 2312//2312 2314//2314 2456//2456
f 2456//2456 2454//2454 2312//2312
f 2459//2459 2315//2315 2313//2313
f 1482//1482 1483//1483 1490//1490
f 1585//1585 1581//1581 1477//1477
f 1588//1588 1585//1585 1477//1477
f 1478//1478 1479//1479 1485//1485
f 1479//1479 1480//1480 1487//1487
f 1486//1486 1485//1485 1479//1479
f 1487//1487 1486//1486 1479//1479
f 1480//1480 1481//1481 1487//1487
f 1481//1481 1482//1482 1489//1489
f 1488//1488 1487//1487 1481//1481
f 1489//1489 1488//1488 1481//1481
f 1477//1477 1484//1484 1588//1588
f 1490//1490 1489//1489 1482//1482
f 1589//1589 1490//1490 1483//1483
f 1483//1483 1582//1582 1587//1587
f 1587//1587 1586//1586 1483//1483
f 1483//1483 1586//1586 1589//1589
f 1484//1484 1485//1485 1493//1493
f 1484//1484 1492//1492 1588//1588
f 1485//1485 1486//1486 1493//1493
f 1486//1486 1487//1487 1495//1495
f 1480//1480 1479//1479 1473//1473
f 1476//1476 1475//1475 1469//1469
f 1578//1578 1476//1476 1469//1469
f 1470//1470 1471//1471 1478//1478
f 1478//1478 1477//1477 1470//1470
f 1470//1470 1477//1477 1581//1581
f 1471//1471 1472//1472 1478//1478
f 1472//1472 1473//1473 1479//1479
f 1479//1479 1478//1478 1472//1472
f 1473//1473 1474//1474 1480//1480
f 1495//1495 1494//1494 1486//1486
f 1474//1474 1475//1475 1481//1481
f 1481//1481 1480//1480 1474//1474
f 1475//1475 1476//1476 1482//1482
f 1482//1482 1481//1481 1475//1475
f 1483//1483 1482//1482 1476//1476
f 1582//1582 1483//1483 1476//1476
f 1476//1476 1578//1578 1582//1582
f 1477//1477 1478//1478 1485//1485
f 1485//1485 1484//1484 1477//1477
f 1605//1605 1602//1602 1507//1507
f 1503//1503 1505//1505 1600//1600
f 1598//1598 1596//1596 1503//1503
f 1600//1600 1598//1598 1503//1503
f 1599//1599 1506//1506 1504//1504
f 1504//1504 1597//1597 1599//1599
f 1505//1505 1507//1507 1600//1600
f 1601//1601 1508//1508 1506//1506
f 1506//1506 1599//1599 1601//1601
f 1507//1507 1510//1510 1605//1605
f 1602//1602 1600//1600 1507//1507
f 1597//1597 1504//1504 1502//1502
f 1606//1606 1511//1511 1508//1508
f 1508//1508 1601//1601 1603//1603
f 1508//1508 1603//1603 1606//1606
f 1604//1604 1510//1510 1509//1509
f 1509//1509 1512//1512 1607//1607
f 1607//1607 1604//1604 1509//1509
f 1510//1510 1604//1604 1605//1605
f 1606//1606 1513//1513 1511//1511
f 1512//1512 1515//1515 1607//1607
f 1591//1591 1588//1588 1492//1492
f 1488//1488 1489//1489 1496//1496
f 1489//1489 1490//1490 1497//1497
f 1497//1497 1496//1496 1489//1489
f 1498//1498 1497//1497 1490//1490
f 1589//1589 1498//1498 1490//1490
f 1591//1591 1492//1492 1491//1491
f 1491//1491 1499//1499 1593//1593
f 1491//1491 1590//1590 1591//1591
f 1593//1593 1590//1590 1491//1491
f 1468//1468 1577//1577 1578//1578
f 1595//1595 1500//1500 1498//1498
f 1498//1498 1589//1589 1592//1592
f 1498//1498 1592//1592 1594//1594
f 1498//1498 1594//1594 1595//1595
f 1499//1499 1501//1501 1596//1596
f 1596//1596 1593//1593 1499//1499
f 1597//1597 1502//1502 1500//1500
f 1500//1500 1595//1595 1597//1597
f 1501//1501 1503//1503 1596//1596
f 1459//1459 1458//1458 1448//1448
f 1444//1444 1454//1454 1542//1542
f 1540//1540 1539//1539 1444//1444
f 1542//1542 1540//1540 1444//1444
f 1445//1445 1446//1446 1455//1455
f 1446//1446 1447//1447 1457//1457
f 1456//1456 1455//1455 1446//1446
f 1457//1457 1456//1456 1446//1446
f 1447//1447 1448//1448 1458//1458
f 1458//1458 1457//1457 1447//1447
f 1448//1448 1449//1449 1459//1459
f 1455//1455 1454//1454 1444//1444
f 1449//1449 1450//1450 1459//1459
f 1450//1450 1451//1451 1460//1460
f 1460//1460 1459//1459 1450//1450
f 1451//1451 1452//1452 1461//1461
f 1549//1549 1460//1460 1451//1451
f 1451//1451 1461//1461 1549//1549
f 1452//1452 1453//1453 1541//1541
f 1462//1462 1461//1461 1452//1452
f 1550//1550 1462//1462 1452//1452
f 1438//1438 1534//1534 1536//1536
f 1434//1434 1530//1530 1532//1532
f 1435//1435 1437//1437 1531//1531
f 1531//1531 1529//1529 1435//1435
f 1532//1532 1438//1438 1436//1436
f 1437//1437 1439//1439 1535//1535
f 1533//1533 1531//1531 1437//1437
f 1535//1535 1533//1533 1437//1437
f 1536//1536 1440//1440 1438//1438
f 1438//1438 1532//1532 1534//1534
f 1452//1452 1541//1541 1550//1550
f 1439//1439 1441//1441 1535//1535
f 1538//1538 1442//1442 1440//1440
f 1440//1440 1536//1536 1538//1538
f 1441//1441 1443//1443 1539//1539
f 1537//1537 1535//1535 1441//1441
f 1539//1539 1537//1537 1441//1441
f 1538//1538 1453//1453 1442//1442
f 1443//1443 1444//1444 1539//1539
f 1444//1444 1445//1445 1455//1455
f 1575//1575 1467//1467 1466//1466
f 1464//1464 1465//1465 1472//1472
f 1574//1574 1465//1465 1464//1464
f 1471//1471 1470//1470 1464//1464
f 1472//1472 1471//1471 1464//1464
f 1464//1464 1572//1572 1573//1573
f 1464//1464 1573//1573 1574//1574
f 1465//1465 1466//1466 1472//1472
f 1575//1575 1466//1466 1465//1465
f 1465//1465 1574//1574 1575//1575
f 1466//1466 1467//1467 1474//1474
f 1581//1581 1572//1572 1463//1463
f 1473//1473 1472//1472 1466//1466
f 1474//1474 1473//1473 1466//1466
f 1467//1467 1468//1468 1475//1475
f 1576//1576 1468//1468 1467//1467
f 1475//1475 1474//1474 1467//1467
f 1467//1467 1575//1575 1576//1576
f 1468//1468 1469//1469 1475//1475
f 1578//1578 1469//1469 1468//1468
f 1468//1468 1576//1576 1577//1577
f 1458//1458 1459//1459 1547//1547
f 1453//1453 1538//1538 1541//1541
f 1454//1454 1455//1455 1543//1543
f 1543//1543 1542//1542 1454//1454
f 1455//1455 1456//1456 1543//1543
f 1456//1456 1457//1457 1545//1545
f 1544//1544 1543//1543 1456//1456
f 1545//1545 1544//1544 1456//1456
f 1457//1457 1458//1458 1546//1546
f 1546//1546 1545//1545 1457//1457
f 1609//1609 1514//1514 1513//1513
f 1547//1547 1546//1546 1458//1458
f 1459//1459 1460//1460 1548//1548
f 1548//1548 1547//1547 1459//1459
f 1549//1549 1548//1548 1460//1460
f 1461//1461 1462//1462 1550//1550
f 1550//1550 1549//1549 1461//1461
f 1463//1463 1464//1464 1470//1470
f 1572//1572 1464//1464 1463//1463
f 1463//1463 1470//1470 1581//1581
f 1562//1562 1670//1670 1675//1675
f 1558//1558 1673//1673 1674//1674
f 1559//1559 1560//1560 1566//1566
f 1566//1566 1565//1565 1559//1559
f 1560//1560 1561//1561 1568//1568
f 1567//1567 1566//1566 1560//1560
f 1568//1568 1567//1567 1560//1560
f 1561//1561 1562//1562 1569//1569
f 1569//1569 1568//1568 1561//1561
f 1562//1562 1563//1563 1569//1569
f 1676//1676 1563//1563 1562//1562
f 1674//1674 1666//1666 1558//1558
f 1562//1562 1675//1675 1676//1676
f 1570//1570 1569//1569 1563//1563
f 1676//1676 1570//1570 1563//1563
f 1564//1564 1565//1565 1573//1573
f 1573//1573 1572//1572 1564//1564
f 1564//1564 1572//1572 1679//1679
f 1679//1679 1673//1673 1564//1564
f 1565//1565 1566//1566 1574//1574
f 1574//1574 1573//1573 1565//1565
f 1555//1555 1556//1556 1562//1562
f 1668//1668 1554//1554 1553//1553
f 1559//1559 1558//1558 1553//1553
f 1553//1553 1666//1666 1667//1667
f 1553//1553 1667//1667 1668//1668
f 1554//1554 1555//1555 1561//1561
f 1669//1669 1555//1555 1554//1554
f 1560//1560 1559//1559 1554//1554
f 1561//1561 1560//1560 1554//1554
f 1554//1554 1668//1668 1669//1669
f 1566//1566 1567//1567 1575//1575
f 1670//1670 1556//1556 1555//1555
f 1562//1562 1561//1561 1555//1555
f 1555//1555 1669//1669 1670//1670
f 1670//1670 1562//1562 1556//1556
f 1557//1557 1558//1558 1564//1564
f 1673//1673 1558//1558 1557//1557
f 1557//1557 1564//1564 1673//1673
f 1558//1558 1559//1559 1565//1565
f 1565//1565 1564//1564 1558//1558
f 1584//1584 1585//1585 1688//1688
f 1685//1685 1583//1583 1579//1579
f 1580//1580 1581//1581 1584//1584
f 1580//1580 1584//1584 1688//1688
f 1686//1686 1682//1682 1580//1580
f 1688//1688 1686//1686 1580//1580
f 1585//1585 1584//1584 1581//1581
f 1582//1582 1583//1583 1587//1587
f 1691//1691 1587//1587 1583//1583
f 1583//1583 1685//1685 1687//1687
f 1583//1583 1687//1687 1691//1691
f 1578//1578 1684//1684 1685//1685
f 1585//1585 1588//1588 1689//1689
f 1689//1689 1688//1688 1585//1585
f 1586//1586 1587//1587 1690//1690
f 1693//1693 1589//1589 1586//1586
f 1586//1586 1690//1690 1693//1693
f 1691//1691 1690//1690 1587//1587
f 1588//1588 1591//1591 1695//1695
f 1692//1692 1689//1689 1588//1588
f 1695//1695 1692//1692 1588//1588
f 1571//1571 1572//1572 1580//1580
f 1575//1575 1574//1574 1566//1566
f 1567//1567 1568//1568 1576//1576
f 1576//1576 1575//1575 1567//1567
f 1568//1568 1569//1569 1577//1577
f 1577//1577 1576//1576 1568//1568
f 1569//1569 1570//1570 1577//1577
f 1578//1578 1577//1577 1570//1570
f 1680//1680 1578//1578 1570//1570
f 1570//1570 1676//1676 1680//1680
f 1553//1553 1554//1554 1559//1559
f 1682//1682 1572//1572 1571//1571
f 1571//1571 1580//1580 1682//1682
f 1581//1581 1580//1580 1572//1572
f 1683//1683 1679//1679 1572//1572
f 1572//1572 1682//1682 1683//1683
f 1578//1578 1579//1579 1583//1583
f 1881//1881 1998//1998 2002//2002
f 1583//1583 1582//1582 1578//1578
f 1578//1578 1680//1680 1684//1684
f 1625//1625 1623//1623 1527//1527
f 1523//1523 1525//1525 1621//1621
f 1621//1621 1619//1619 1523//1523
f 1622//1622 1526//1526 1524//1524
f 1524//1524 1618//1618 1620//1620
f 1524//1524 1620//1620 1622//1622
f 1525//1525 1527//1527 1621//1621
f 1624//1624 1528//1528 1526//1526
f 1526//1526 1622//1622 1624//1624
f 1527//1527 1529//1529 1625//1625
f 1623//1623 1621//1621 1527//1527
f 1522//1522 1616//1616 1618//1618
f 1626//1626 1530//1530 1528//1528
f 1528//1528 1624//1624 1626//1626
f 1529//1529 1531//1531 1627//1627
f 1627//1627 1625//1625 1529//1529
f 1626//1626 1532//1532 1530//1530
f 1531//1531 1533//1533 1629//1629
f 1629//1629 1627//1627 1531//1531
f 1628//1628 1534//1534 1532//1532
f 1532//1532 1626//1626 1628//1628
f 1615//1615 1613//1613 1517//1517
f 1513//1513 1606//1606 1608//1608
f 1513//1513 1608//1608 1609//1609
f 1612//1612 1516//1516 1514//1514
f 1514//1514 1609//1609 1612//1612
f 1515//1515 1517//1517 1613//1613
f 1610//1610 1607//1607 1515//1515
f 1613//1613 1610//1610 1515//1515
f 1612//1612 1518//1518 1516//1516
f 1517//1517 1519//1519 1615//1615
f 1533//1533 1535//1535 1629//1629
f 1614//1614 1520//1520 1518//1518
f 1518//1518 1612//1612 1614//1614
f 1519//1519 1521//1521 1615//1615
f 1616//1616 1522//1522 1520//1520
f 1520//1520 1614//1614 1616//1616
f 1521//1521 1523//1523 1619//1619
f 1617//1617 1615//1615 1521//1521
f 1619//1619 1617//1617 1521//1521
f 1618//1618 1524//1524 1522//1522
f 1644//1644 1643//1643 1547//1547
f 1639//1639 1638//1638 1542//1542
f 1543//1543 1544//1544 1640//1640
f 1640//1640 1639//1639 1543//1543
f 1544//1544 1545//1545 1640//1640
f 1545//1545 1546//1546 1642//1642
f 1641//1641 1640//1640 1545//1545
f 1642//1642 1641//1641 1545//1545
f 1546//1546 1547//1547 1643//1643
f 1643//1643 1642//1642 1546//1546
f 1547//1547 1548//1548 1644//1644
f 1638//1638 1637//1637 1542//1542
f 1548//1548 1549//1549 1645//1645
f 1645//1645 1644//1644 1548//1548
f 1549//1549 1550//1550 1645//1645
f 1550//1550 1551//1551 1646//1646
f 1646//1646 1645//1645 1550//1550
f 1647//1647 1646//1646 1551//1551
f 1552//1552 1553//1553 1558//1558
f 1666//1666 1553//1553 1552//1552
f 1552//1552 1558//1558 1666//1666
f 1634//1634 1541//1541 1538//1538
f 1630//1630 1536//1536 1534//1534
f 1534//1534 1628//1628 1630//1630
f 1535//1535 1537//1537 1633//1633
f 1631//1631 1629//1629 1535//1535
f 1633//1633 1631//1631 1535//1535
f 1634//1634 1538//1538 1536//1536
f 1536//1536 1630//1630 1632//1632
f 1536//1536 1632//1632 1634//1634
f 1537//1537 1539//1539 1633//1633
f 1434//1434 1528//1528 1530//1530
f 1539//1539 1540//1540 1542//1542
f 1539//1539 1542//1542 1637//1637
f 1635//1635 1633//1633 1539//1539
f 1637//1637 1635//1635 1539//1539
f 1551//1551 1550//1550 1541//1541
f 1647//1647 1551//1551 1541//1541
f 1541//1541 1634//1634 1636//1636
f 1541//1541 1636//1636 1647//1647
f 1542//1542 1543//1543 1639//1639
f 1395//1395 1326//1326 1325//1325
f 1322//1322 1400//1400 1401//1401
f 1323//1323 1324//1324 1333//1333
f 1394//1394 1324//1324 1323//1323
f 1332//1332 1331//1331 1323//1323
f 1333//1333 1332//1332 1323//1323
f 1401//1401 1393//1393 1323//1323
f 1324//1324 1325//1325 1333//1333
f 1395//1395 1325//1325 1324//1324
f 1324//1324 1394//1394 1395//1395
f 1325//1325 1326//1326 1334//1334
f 1322//1322 1331//1331 1400//1400
f 1334//1334 1333//1333 1325//1325
f 1326//1326 1327//1327 1335//1335
f 1396//1396 1327//1327 1326//1326
f 1335//1335 1334//1334 1326//1326
f 1327//1327 1328//1328 1337//1337
f 1336//1336 1335//1335 1327//1327
f 1337//1337 1336//1336 1327//1327
f 1327//1327 1396//1396 1397//1397
f 1328//1328 1329//1329 1338//1338
f 1319//1319 1393//1393 1394//1394
f 1315//1315 1316//1316 1388//1388
f 1316//1316 1317//1317 1390//1390
f 1389//1389 1388//1388 1316//1316
f 1390//1390 1389//1389 1316//1316
f 1317//1317 1318//1318 1391//1391
f 1391//1391 1390//1390 1317//1317
f 1318//1318 1381//1381 1391//1391
f 1319//1319 1323//1323 1393//1393
f 1394//1394 1323//1323 1319//1319
f 1403//1403 1329//1329 1328//1328
f 1320//1320 1326//1326 1395//1395
f 1396//1396 1326//1326 1320//1320
f 1320//1320 1395//1395 1396//1396
f 1328//1328 1327//1327 1321//1321
f 1321//1321 1327//1327 1397//1397
f 1398//1398 1328//1328 1321//1321
f 1321//1321 1397//1397 1398//1398
f 1322//1322 1323//1323 1331//1331
f 1401//1401 1323//1323 1322//1322
f 1349//1349 1352//1352 1414//1414
f 1406//1406 1346//1346 1339//1339
f 1339//1339 1404//1404 1406//1406
f 1340//1340 1347//1347 1409//1409
f 1409//1409 1407//1407 1340//1340
f 1410//1410 1348//1348 1346//1346
f 1346//1346 1406//1406 1408//1408
f 1346//1346 1408//1408 1410//1410
f 1347//1347 1349//1349 1409//1409
f 1412//1412 1350//1350 1348//1348
f 1348//1348 1410//1410 1412//1412
f 1346//1346 1345//1345 1338//1338
f 1411//1411 1409//1409 1349//1349
f 1414//1414 1411//1411 1349//1349
f 1412//1412 1353//1353 1350//1350
f 1413//1413 1352//1352 1351//1351
f 1351//1351 1355//1355 1417//1417
f 1417//1417 1413//1413 1351//1351
f 1352//1352 1413//1413 1414//1414
f 1415//1415 1354//1354 1353//1353
f 1353//1353 1412//1412 1415//1415
f 1405//1405 1400//1400 1331//1331
f 1338//1338 1337//1337 1328//1328
f 1328//1328 1398//1398 1402//1402
f 1328//1328 1402//1402 1403//1403
f 1329//1329 1330//1330 1339//1339
f 1404//1404 1330//1330 1329//1329
f 1339//1339 1338//1338 1329//1329
f 1329//1329 1403//1403 1404//1404
f 1404//1404 1339//1339 1330//1330
f 1331//1331 1340//1340 1407//1407
f 1388//1388 1387//1387 1314//1314
f 1407//1407 1405//1405 1331//1331
f 1334//1334 1335//1335 1341//1341
f 1335//1335 1336//1336 1342//1342
f 1336//1336 1337//1337 1344//1344
f 1343//1343 1342//1342 1336//1336
f 1344//1344 1343//1343 1336//1336
f 1337//1337 1338//1338 1344//1344
f 1338//1338 1339//1339 1346//1346
f 1345//1345 1344//1344 1338//1338
f 1290//1290 1370//1370 1372//1372
f 1285//1285 1287//1287 1369//1369
f 1367//1367 1365//1365 1285//1285
f 1369//1369 1367//1367 1285//1285
f 1368//1368 1288//1288 1286//1286
f 1287//1287 1289//1289 1371//1371
f 1371//1371 1369//1369 1287//1287
f 1370//1370 1290//1290 1288//1288
f 1288//1288 1368//1368 1370//1370
f 1289//1289 1291//1291 1371//1371
f 1374//1374 1292//1292 1290//1290
f 1284//1284 1366//1366 1368//1368
f 1290//1290 1372//1372 1374//1374
f 1291//1291 1293//1293 1375//1375
f 1373//1373 1371//1371 1291//1291
f 1375//1375 1373//1373 1291//1291
f 1376//1376 1294//1294 1292//1292
f 1292//1292 1374//1374 1376//1376
f 1293//1293 1295//1295 1377//1377
f 1377//1377 1375//1375 1293//1293
f 1378//1378 1297//1297 1294//1294
f 1279//1279 1281//1281 1363//1363
f 1275//1275 1277//1277 1359//1359
f 1357//1357 1355//1355 1275//1275
f 1359//1359 1357//1357 1275//1275
f 1360//1360 1278//1278 1276//1276
f 1276//1276 1358//1358 1360//1360
f 1277//1277 1279//1279 1361//1361
f 1361//1361 1359//1359 1277//1277
f 1362//1362 1280//1280 1278//1278
f 1278//1278 1360//1360 1362//1362
f 1294//1294 1376//1376 1378//1378
f 1363//1363 1361//1361 1279//1279
f 1364//1364 1282//1282 1280//1280
f 1280//1280 1362//1362 1364//1364
f 1281//1281 1283//1283 1363//1363
f 1364//1364 1284//1284 1282//1282
f 1283//1283 1285//1285 1365//1365
f 1365//1365 1363//1363 1283//1283
f 1368//1368 1286//1286 1284//1284
f 1284//1284 1364//1364 1366//1366
f 1310//1310 1311//1311 1383//1383
f 1315//1315 1314//1314 1304//1304
f 1305//1305 1306//1306 1316//1316
f 1316//1316 1315//1315 1305//1305
f 1306//1306 1307//1307 1317//1317
f 1317//1317 1316//1316 1306//1306
f 1307//1307 1308//1308 1317//1317
f 1318//1318 1317//1317 1308//1308
f 1381//1381 1318//1318 1308//1308
f 1309//1309 1310//1310 1382//1382
f 1382//1382 1380//1380 1309//1309
f 1304//1304 1305//1305 1315//1315
f 1383//1383 1382//1382 1310//1310
f 1311//1311 1312//1312 1385//1385
f 1384//1384 1383//1383 1311//1311
f 1385//1385 1384//1384 1311//1311
f 1312//1312 1313//1313 1386//1386
f 1386//1386 1385//1385 1312//1312
f 1313//1313 1314//1314 1387//1387
f 1387//1387 1386//1386 1313//1313
f 1314//1314 1315//1315 1388//1388
f 1380//1380 1379//1379 1299//1299
f 1295//1295 1296//1296 1299//1299
f 1299//1299 1298//1298 1295//1295
f 1295//1295 1298//1298 1377//1377
f 1381//1381 1308//1308 1297//1297
f 1297//1297 1378//1378 1381//1381
f 1298//1298 1299//1299 1379//1379
f 1379//1379 1377//1377 1298//1298
f 1299//1299 1300//1300 1309//1309
f 1299//1299 1309//1309 1380//1380
f 1416//1416 1356//1356 1354//1354
f 1300//1300 1301//1301 1310//1310
f 1310//1310 1309//1309 1300//1300
f 1301//1301 1302//1302 1311//1311
f 1311//1311 1310//1310 1301//1301
f 1302//1302 1303//1303 1312//1312
f 1312//1312 1311//1311 1302//1302
f 1303//1303 1304//1304 1314//1314
f 1313//1313 1312//1312 1303//1303
f 1314//1314 1313//1313 1303//1303
f 1408//1408 1504//1504 1506//1506
f 1501//1501 1499//1499 1400//1400
f 1500//1500 1406//1406 1404//1404
f 1404//1404 1498//1498 1500//1500
f 1405//1405 1407//1407 1503//1503
f 1503//1503 1501//1501 1405//1405
f 1502//1502 1408//1408 1406//1406
f 1406//1406 1500//1500 1502//1502
f 1407//1407 1409//1409 1503//1503
f 1506//1506 1410//1410 1408//1408
f 1408//1408 1502//1502 1504//1504
f 1499//1499 1491//1491 1400//1400
f 1409//1409 1411//1411 1507//1507
f 1505//1505 1503//1503 1409//1409
f 1507//1507 1505//1505 1409//1409
f 1508//1508 1412//1412 1410//1410
f 1410//1410 1506//1506 1508//1508
f 1411//1411 1414//1414 1510//1510
f 1510//1510 1507//1507 1411//1411
f 1511//1511 1415//1415 1412//1412
f 1412//1412 1508//1508 1511//1511
f 1396//1396 1488//1488 1496//1496
f 1393//1393 1491//1491 1492//1492
f 1494//1494 1395//1395 1394//1394
f 1493//1493 1486//1486 1394//1394
f 1394//1394 1486//1486 1494//1494
f 1495//1495 1396//1396 1395//1395
f 1395//1395 1494//1494 1495//1495
f 1496//1496 1397//1397 1396//1396
f 1396//1396 1487//1487 1488//1488
f 1495//1495 1487//1487 1396//1396
f 1509//1509 1414//1414 1413//1413
f 1497//1497 1398//1398 1397//1397
f 1397//1397 1496//1496 1497//1497
f 1398//1398 1399//1399 1402//1402
f 1497//1497 1399//1399 1398//1398
f 1403//1403 1402//1402 1399//1399
f 1404//1404 1403//1403 1399//1399
f 1498//1498 1404//1404 1399//1399
f 1399//1399 1497//1497 1498//1498
f 1400//1400 1405//1405 1501//1501
f 1525//1525 1523//1523 1429//1429
f 1521//1521 1519//1519 1423//1423
f 1520//1520 1426//1426 1424//1424
f 1425//1425 1427//1427 1523//1523
f 1523//1523 1521//1521 1425//1425
f 1522//1522 1428//1428 1426//1426
f 1426//1426 1520//1520 1522//1522
f 1427//1427 1429//1429 1523//1523
f 1524//1524 1430//1430 1428//1428
f 1428//1428 1522//1522 1524//1524
f 1429//1429 1431//1431 1527//1527
f 1519//1519 1517//1517 1423//1423
f 1527//1527 1525//1525 1429//1429
f 1528//1528 1432//1432 1430//1430
f 1430//1430 1524//1524 1526//1526
f 1430//1430 1526//1526 1528//1528
f 1431//1431 1433//1433 1527//1527
f 1528//1528 1434//1434 1432//1432
f 1433//1433 1435//1435 1529//1529
f 1529//1529 1527//1527 1433//1433
f 1532//1532 1436//1436 1434//1434
f 1418//1418 1513//1513 1514//1514
f 1413//1413 1417//1417 1509//1509
f 1414//1414 1509//1509 1510//1510
f 1418//1418 1416//1416 1415//1415
f 1513//1513 1418//1418 1415//1415
f 1415//1415 1511//1511 1513//1513
f 1417//1417 1419//1419 1515//1515
f 1512//1512 1509//1509 1417//1417
f 1515//1515 1512//1512 1417//1417
f 1514//1514 1420//1420 1418//1418
f 1393//1393 1484//1484 1493//1493
f 1419//1419 1421//1421 1517//1517
f 1517//1517 1515//1515 1419//1419
f 1516//1516 1422//1422 1420//1420
f 1420//1420 1514//1514 1516//1516
f 1421//1421 1423//1423 1517//1517
f 1520//1520 1424//1424 1422//1422
f 1422//1422 1516//1516 1518//1518
f 1422//1422 1518//1518 1520//1520
f 1423//1423 1425//1425 1521//1521
f 1432//1432 1372//1372 1370//1370
f 1364//1364 1424//1424 1426//1426
f 1364//1364 1426//1426 1428//1428
f 1365//1365 1367//1367 1429//1429
f 1429//1429 1427//1427 1365//1365
f 1430//1430 1368//1368 1366//1366
f 1366//1366 1428//1428 1430//1430
f 1367//1367 1369//1369 1429//1429
f 1430//1430 1370//1370 1368//1368
f 1369//1369 1371//1371 1431//1431
f 1431//1431 1429//1429 1369//1369
f 1428//1428 1366//1366 1364//1364
f 1370//1370 1430//1430 1432//1432
f 1371//1371 1373//1373 1433//1433
f 1433//1433 1431//1431 1371//1371
f 1436//1436 1374//1374 1372//1372
f 1372//1372 1432//1432 1434//1434
f 1372//1372 1434//1434 1436//1436
f 1373//1373 1375//1375 1437//1437
f 1435//1435 1433//1433 1373//1373
f 1437//1437 1435//1435 1373//1373
f 1421//1421 1419//1419 1359//1359
f 1354//1354 1415//1415 1416//1416
f 1355//1355 1357//1357 1419//1419
f 1419//1419 1417//1417 1355//1355
f 1420//1420 1358//1358 1356//1356
f 1356//1356 1416//1416 1418//1418
f 1356//1356 1418//1418 1420//1420
f 1357//1357 1359//1359 1419//1419
f 1420//1420 1360//1360 1358//1358
f 1359//1359 1361//1361 1423//1423
f 1436//1436 1376//1376 1374//1374
f 1423//1423 1421//1421 1359//1359
f 1424//1424 1362//1362 1360//1360
f 1360//1360 1420//1420 1422//1422
f 1360//1360 1422//1422 1424//1424
f 1361//1361 1363//1363 1425//1425
f 1425//1425 1423//1423 1361//1361
f 1424//1424 1364//1364 1362//1362
f 1363//1363 1365//1365 1427//1427
f 1427//1427 1425//1425 1363//1363
f 1390//1390 1391//1391 1453//1453
f 1447//1447 1446//1446 1385//1385
f 1448//1448 1447//1447 1385//1385
f 1386//1386 1387//1387 1448//1448
f 1387//1387 1388//1388 1450//1450
f 1449//1449 1448//1448 1387//1387
f 1450//1450 1449//1449 1387//1387
f 1388//1388 1389//1389 1451//1451
f 1451//1451 1450//1450 1388//1388
f 1389//1389 1390//1390 1451//1451
f 1385//1385 1386//1386 1448//1448
f 1452//1452 1451//1451 1390//1390
f 1453//1453 1452//1452 1390//1390
f 1391//1391 1442//1442 1453//1453
f 1392//1392 1393//1393 1400//1400
f 1491//1491 1393//1393 1392//1392
f 1392//1392 1400//1400 1491//1491
f 1493//1493 1394//1394 1393//1393
f 1401//1401 1400//1400 1393//1393
f 1492//1492 1484//1484 1393//1393
f 1443//1443 1441//1441 1379//1379
f 1375//1375 1377//1377 1439//1439
f 1439//1439 1437//1437 1375//1375
f 1438//1438 1378//1378 1376//1376
f 1376//1376 1436//1436 1438//1438
f 1377//1377 1379//1379 1441//1441
f 1441//1441 1439//1439 1377//1377
f 1440//1440 1381//1381 1378//1378
f 1378//1378 1438//1438 1440//1440
f 1379//1379 1380//1380 1443//1443
f 1685//1685 1579//1579 1578//1578
f 1380//1380 1382//1382 1443//1443
f 1442//1442 1391//1391 1381//1381
f 1381//1381 1440//1440 1442//1442
f 1382//1382 1383//1383 1445//1445
f 1444//1444 1443//1443 1382//1382
f 1445//1445 1444//1444 1382//1382
f 1383//1383 1384//1384 1445//1445
f 1384//1384 1385//1385 1446//1446
f 1446//1446 1445//1445 1384//1384
f 1781//1781 1780//1780 1777//1777
f 1769//1769 1880//1880 1884//1884
f 1769//1769 1884//1884 1885//1885
f 1777//1777 1776//1776 1770//1770
f 1888//1888 1777//1777 1770//1770
f 1770//1770 1885//1885 1888//1888
f 1771//1771 1772//1772 1778//1778
f 1887//1887 1772//1772 1771//1771
f 1771//1771 1778//1778 1887//1887
f 1779//1779 1778//1778 1772//1772
f 1776//1776 1777//1777 1780//1780
f 1885//1885 1770//1770 1769//1769
f 1888//1888 1781//1781 1777//1777
f 1778//1778 1784//1784 1891//1891
f 1891//1891 1887//1887 1778//1778
f 1781//1781 1782//1782 1785//1785
f 1893//1893 1782//1782 1781//1781
f 1781//1781 1888//1888 1892//1892
f 1781//1781 1892//1892 1893//1893
f 1786//1786 1785//1785 1782//1782
f 1893//1893 1786//1786 1782//1782
f 1883//1883 1876//1876 1765//1765
f 1768//1768 1767//1767 1762//1762
f 1762//1762 1878//1878 1879//1879
f 1763//1763 1764//1764 1769//1769
f 1880//1880 1764//1764 1763//1763
f 1769//1769 1768//1768 1763//1763
f 1763//1763 1879//1879 1880//1880
f 1880//1880 1769//1769 1764//1764
f 1765//1765 1766//1766 1772//1772
f 1765//1765 1772//1772 1887//1887
f 1783//1783 1784//1784 1788//1788
f 1887//1887 1883//1883 1765//1765
f 1766//1766 1767//1767 1773//1773
f 1773//1773 1772//1772 1766//1766
f 1767//1767 1768//1768 1775//1775
f 1774//1774 1773//1773 1767//1767
f 1775//1775 1774//1774 1767//1767
f 1768//1768 1769//1769 1776//1776
f 1776//1776 1775//1775 1768//1768
f 1769//1769 1770//1770 1776//1776
f 1799//1799 1800//1800 1907//1907
f 1902//1902 1796//1796 1794//1794
f 1795//1795 1797//1797 1905//1905
f 1903//1903 1901//1901 1795//1795
f 1905//1905 1903//1903 1795//1795
f 1904//1904 1798//1798 1796//1796
f 1796//1796 1902//1902 1904//1904
f 1797//1797 1799//1799 1907//1907
f 1907//1907 1905//1905 1797//1797
f 1906//1906 1802//1802 1798//1798
f 1798//1798 1904//1904 1906//1906
f 1901//1901 1899//1899 1793//1793
f 1800//1800 1803//1803 1908//1908
f 1908//1908 1907//1907 1800//1800
f 1801//1801 1802//1802 1910//1910
f 1913//1913 1804//1804 1801//1801
f 1910//1910 1909//1909 1801//1801
f 1801//1801 1909//1909 1913//1913
f 1802//1802 1906//1906 1910//1910
f 1803//1803 1806//1806 1915//1915
f 1912//1912 1908//1908 1803//1803
f 1786//1786 1893//1893 1896//1896
f 1894//1894 1784//1784 1783//1783
f 1788//1788 1787//1787 1783//1783
f 1783//1783 1787//1787 1897//1897
f 1897//1897 1894//1894 1783//1783
f 1895//1895 1891//1891 1784//1784
f 1784//1784 1894//1894 1895//1895
f 1785//1785 1786//1786 1790//1790
f 1790//1790 1789//1789 1785//1785
f 1896//1896 1790//1790 1786//1786
f 1767//1767 1766//1766 1762//1762
f 1787//1787 1791//1791 1899//1899
f 1899//1899 1897//1897 1787//1787
f 1898//1898 1792//1792 1790//1790
f 1790//1790 1896//1896 1898//1898
f 1791//1791 1793//1793 1899//1899
f 1902//1902 1794//1794 1792//1792
f 1792//1792 1898//1898 1900//1900
f 1792//1792 1900//1900 1902//1902
f 1793//1793 1795//1795 1901//1901
f 1847//1847 1741//1741 1739//1739
f 1842//1842 1840//1840 1734//1734
f 1844//1844 1842//1842 1734//1734
f 1845//1845 1737//1737 1735//1735
f 1696//1696 1592//1592 1589//1589
f 1735//1735 1843//1843 1845//1845
f 1736//1736 1738//1738 1844//1844
f 1845//1845 1739//1739 1737//1737
f 1738//1738 1740//1740 1848//1848
f 1846//1846 1844//1844 1738//1738
f 1848//1848 1846//1846 1738//1738
f 1734//1734 1736//1736 1844//1844
f 1739//1739 1845//1845 1847//1847
f 1740//1740 1742//1742 1850//1850
f 1850//1850 1848//1848 1740//1740
f 1849//1849 1749//1749 1741//1741
f 1741//1741 1847//1847 1849//1849
f 1742//1742 1743//1743 1850//1850
f 1743//1743 1750//1750 1854//1854
f 1851//1851 1850//1850 1743//1743
f 1854//1854 1851//1851 1743//1743
f 1837//1837 1731//1731 1729//1729
f 1832//1832 1830//1830 1724//1724
f 1834//1834 1832//1832 1724//1724
f 1833//1833 1727//1727 1725//1725
f 1725//1725 1831//1831 1833//1833
f 1726//1726 1728//1728 1836//1836
f 1836//1836 1834//1834 1726//1726
f 1835//1835 1729//1729 1727//1727
f 1727//1727 1833//1833 1835//1835
f 1728//1728 1730//1730 1836//1836
f 1755//1755 1754//1754 1744//1744
f 1729//1729 1835//1835 1837//1837
f 1730//1730 1732//1732 1838//1838
f 1838//1838 1836//1836 1730//1730
f 1839//1839 1733//1733 1731//1731
f 1731//1731 1837//1837 1839//1839
f 1732//1732 1734//1734 1840//1840
f 1840//1840 1838//1838 1732//1732
f 1841//1841 1735//1735 1733//1733
f 1733//1733 1839//1839 1841//1841
f 1760//1760 1761//1761 1765//1765
f 1755//1755 1756//1756 1859//1859
f 1859//1859 1858//1858 1755//1755
f 1756//1756 1757//1757 1860//1860
f 1860//1860 1859//1859 1756//1756
f 1757//1757 1758//1758 1862//1862
f 1861//1861 1860//1860 1757//1757
f 1862//1862 1861//1861 1757//1757
f 1758//1758 1759//1759 1862//1862
f 1863//1863 1862//1862 1759//1759
f 1858//1858 1857//1857 1754//1754
f 1877//1877 1761//1761 1760//1760
f 1760//1760 1765//1765 1876//1876
f 1760//1760 1876//1876 1877//1877
f 1761//1761 1762//1762 1766//1766
f 1878//1878 1762//1762 1761//1761
f 1766//1766 1765//1765 1761//1761
f 1761//1761 1877//1877 1878//1878
f 1762//1762 1763//1763 1768//1768
f 1879//1879 1763//1763 1762//1762
f 1749//1749 1849//1849 1852//1852
f 1745//1745 1746//1746 1755//1755
f 1746//1746 1747//1747 1756//1756
f 1756//1756 1755//1755 1746//1746
f 1747//1747 1748//1748 1758//1758
f 1757//1757 1756//1756 1747//1747
f 1758//1758 1757//1757 1747//1747
f 1748//1748 1749//1749 1758//1758
f 1759//1759 1758//1758 1749//1749
f 1863//1863 1759//1759 1749//1749
f 1915//1915 1912//1912 1803//1803
f 1749//1749 1852//1852 1863//1863
f 1750//1750 1751//1751 1855//1855
f 1855//1855 1854//1854 1750//1750
f 1751//1751 1752//1752 1856//1856
f 1856//1856 1855//1855 1751//1751
f 1752//1752 1753//1753 1857//1857
f 1857//1857 1856//1856 1752//1752
f 1753//1753 1754//1754 1857//1857
f 1754//1754 1755//1755 1858//1858
f 1860//1860 1861//1861 1967//1967
f 1962//1962 1961//1961 1855//1855
f 1856//1856 1857//1857 1964//1964
f 1963//1963 1962//1962 1856//1856
f 1964//1964 1963//1963 1856//1856
f 1857//1857 1858//1858 1964//1964
f 1858//1858 1859//1859 1965//1965
f 1965//1965 1964//1964 1858//1858
f 1859//1859 1860//1860 1967//1967
f 1966//1966 1965//1965 1859//1859
f 1967//1967 1966//1966 1859//1859
f 1855//1855 1856//1856 1962//1962
f 1861//1861 1862//1862 1968//1968
f 1968//1968 1967//1967 1861//1861
f 1862//1862 1863//1863 1970//1970
f 1969//1969 1968//1968 1862//1862
f 1970//1970 1969//1969 1862//1862
f 1864//1864 1865//1865 1870//1870
f 1987//1987 1865//1865 1864//1864
f 1870//1870 1869//1869 1864//1864
f 1864//1864 1869//1869 1987//1987
f 1850//1850 1851//1851 1854//1854
f 1956//1956 1847//1847 1845//1845
f 1845//1845 1952//1952 1954//1954
f 1845//1845 1954//1954 1956//1956
f 1846//1846 1848//1848 1957//1957
f 1957//1957 1955//1955 1846//1846
f 1956//1956 1849//1849 1847//1847
f 1848//1848 1850//1850 1957//1957
f 1958//1958 1852//1852 1849//1849
f 1849//1849 1956//1956 1958//1958
f 1865//1865 1866//1866 1871//1871
f 1854//1854 1853//1853 1850//1850
f 1850//1850 1853//1853 1959//1959
f 1959//1959 1957//1957 1850//1850
f 1970//1970 1863//1863 1852//1852
f 1852//1852 1958//1958 1960//1960
f 1852//1852 1960//1960 1970//1970
f 1853//1853 1854//1854 1959//1959
f 1854//1854 1855//1855 1961//1961
f 1961//1961 1959//1959 1854//1854
f 1881//1881 1880//1880 1874//1874
f 1871//1871 1872//1872 1878//1878
f 1878//1878 1877//1877 1871//1871
f 1872//1872 1873//1873 1880//1880
f 1879//1879 1878//1878 1872//1872
f 1880//1880 1879//1879 1872//1872
f 1873//1873 1874//1874 1880//1880
f 1996//1996 1874//1874 1873//1873
f 1873//1873 1991//1991 1995//1995
f 1873//1873 1995//1995 1996//1996
f 1877//1877 1876//1876 1870//1870
f 1998//1998 1881//1881 1874//1874
f 1874//1874 1996//1996 1998//1998
f 1875//1875 1876//1876 1882//1882
f 1997//1997 1876//1876 1875//1875
f 1875//1875 1882//1882 1997//1997
f 1883//1883 1882//1882 1876//1876
f 1880//1880 1881//1881 1884//1884
f 1885//1885 1884//1884 1881//1881
f 2002//2002 1885//1885 1881//1881
f 1991//1991 1868//1868 1867//1867
f 1988//1988 1866//1866 1865//1865
f 1871//1871 1870//1870 1865//1865
f 1865//1865 1987//1987 1988//1988
f 1866//1866 1867//1867 1871//1871
f 1990//1990 1867//1867 1866//1866
f 1988//1988 1983//1983 1866//1866
f 1866//1866 1983//1983 1989//1989
f 1866//1866 1989//1989 1990//1990
f 1867//1867 1868//1868 1872//1872
f 1955//1955 1953//1953 1844//1844
f 1872//1872 1871//1871 1867//1867
f 1867//1867 1990//1990 1991//1991
f 1873//1873 1872//1872 1868//1868
f 1991//1991 1873//1873 1868//1868
f 1869//1869 1870//1870 1876//1876
f 1869//1869 1876//1876 1997//1997
f 1994//1994 1987//1987 1869//1869
f 1997//1997 1994//1994 1869//1869
f 1870//1870 1871//1871 1877//1877
f 1930//1930 1820//1820 1819//1819
f 1926//1926 1816//1816 1814//1814
f 1814//1814 1924//1924 1926//1926
f 1815//1815 1817//1817 1925//1925
f 1928//1928 1818//1818 1816//1816
f 1816//1816 1926//1926 1928//1928
f 1817//1817 1820//1820 1930//1930
f 1927//1927 1925//1925 1817//1817
f 1930//1930 1927//1927 1817//1817
f 1931//1931 1821//1821 1818//1818
f 1818//1818 1928//1928 1931//1931
f 1925//1925 1923//1923 1813//1813
f 1819//1819 1822//1822 1932//1932
f 1819//1819 1929//1929 1930//1930
f 1932//1932 1929//1929 1819//1819
f 1933//1933 1823//1823 1821//1821
f 1821//1821 1931//1931 1933//1933
f 1822//1822 1824//1824 1932//1932
f 1933//1933 1825//1825 1823//1823
f 1824//1824 1827//1827 1936//1936
f 1934//1934 1932//1932 1824//1824
f 1809//1809 1811//1811 1917//1917
f 1913//1913 1807//1807 1804//1804
f 1915//1915 1806//1806 1805//1805
f 1805//1805 1809//1809 1917//1917
f 1805//1805 1914//1914 1915//1915
f 1917//1917 1914//1914 1805//1805
f 1810//1810 1808//1808 1807//1807
f 1919//1919 1810//1810 1807//1807
f 1807//1807 1913//1913 1916//1916
f 1807//1807 1916//1916 1919//1919
f 1936//1936 1934//1934 1824//1824
f 1920//1920 1812//1812 1810//1810
f 1810//1810 1919//1919 1920//1920
f 1811//1811 1813//1813 1923//1923
f 1921//1921 1917//1917 1811//1811
f 1923//1923 1921//1921 1811//1811
f 1924//1924 1814//1814 1812//1812
f 1812//1812 1920//1920 1922//1922
f 1812//1812 1922//1922 1924//1924
f 1813//1813 1815//1815 1925//1925
f 1840//1840 1842//1842 1951//1951
f 1835//1835 1942//1942 1944//1944
f 1835//1835 1944//1944 1946//1946
f 1836//1836 1838//1838 1947//1947
f 1945//1945 1943//1943 1836//1836
f 1947//1947 1945//1945 1836//1836
f 1948//1948 1839//1839 1837//1837
f 1837//1837 1946//1946 1948//1948
f 1838//1838 1840//1840 1947//1947
f 1948//1948 1841//1841 1839//1839
f 1946//1946 1837//1837 1835//1835
f 1949//1949 1947//1947 1840//1840
f 1951//1951 1949//1949 1840//1840
f 1950//1950 1843//1843 1841//1841
f 1841//1841 1948//1948 1950//1950
f 1842//1842 1844//1844 1951//1951
f 1952//1952 1845//1845 1843//1843
f 1843//1843 1950//1950 1952//1952
f 1844//1844 1846//1846 1955//1955
f 1953//1953 1951//1951 1844//1844
f 1829//1829 1937//1937 1938//1938
f 1829//1829 1826//1826 1825//1825
f 1825//1825 1828//1828 1829//1829
f 1937//1937 1828//1828 1825//1825
f 1825//1825 1933//1933 1935//1935
f 1825//1825 1935//1935 1937//1937
f 1827//1827 1830//1830 1939//1939
f 1939//1939 1936//1936 1827//1827
f 1937//1937 1829//1829 1828//1828
f 1940//1940 1831//1831 1829//1829
f 1735//1735 1841//1841 1843//1843
f 1829//1829 1938//1938 1940//1940
f 1830//1830 1832//1832 1941//1941
f 1941//1941 1939//1939 1830//1830
f 1940//1940 1833//1833 1831//1831
f 1832//1832 1834//1834 1941//1941
f 1942//1942 1835//1835 1833//1833
f 1833//1833 1940//1940 1942//1942
f 1834//1834 1836//1836 1943//1943
f 1943//1943 1941//1941 1834//1834
f 1655//1655 1656//1656 1662//1662
f 1720//1720 1717//1717 1613//1613
f 1717//1717 1714//1714 1613//1613
f 1613//1613 1615//1615 1720//1720
f 1773//1773 1655//1655 1654//1654
f 1716//1716 1614//1614 1612//1612
f 1611//1611 1715//1715 1716//1716
f 1716//1716 1612//1612 1611//1611
f 1714//1714 1711//1711 1610//1610
f 1719//1719 1616//1616 1614//1614
f 1775//1775 1656//1656 1655//1655
f 1661//1661 1660//1660 1655//1655
f 1610//1610 1613//1613 1714//1714
f 1662//1662 1661//1661 1655//1655
f 1609//1609 1611//1611 1612//1612
f 1655//1655 1773//1773 1774//1774
f 1608//1608 1713//1713 1715//1715
f 1655//1655 1774//1774 1775//1775
f 1653//1653 1654//1654 1660//1660
f 1721//1721 1618//1618 1616//1616
f 1649//1649 1650//1650 1752//1752
f 1751//1751 1750//1750 1649//1649
f 1752//1752 1751//1751 1649//1649
f 1650//1650 1651//1651 1753//1753
f 1753//1753 1752//1752 1650//1650
f 1651//1651 1652//1652 1754//1754
f 1754//1754 1753//1753 1651//1651
f 1715//1715 1611//1611 1608//1608
f 1773//1773 1654//1654 1653//1653
f 1660//1660 1659//1659 1653//1653
f 1653//1653 1659//1659 1772//1772
f 1653//1653 1772//1772 1773//1773
f 1654//1654 1655//1655 1660//1660
f 1615//1615 1617//1617 1720//1720
f 1614//1614 1716//1716 1719//1719
f 1663//1663 1780//1780 1781//1781
f 1669//1669 1668//1668 1661//1661
f 1662//1662 1663//1663 1669//1669
f 1663//1663 1664//1664 1671//1671
f 1781//1781 1664//1664 1663//1663
f 1611//1611 1609//1609 1608//1608
f 1670//1670 1669//1669 1663//1663
f 1671//1671 1670//1670 1663//1663
f 1663//1663 1776//1776 1780//1780
f 1668//1668 1667//1667 1661//1661
f 1781//1781 1671//1671 1664//1664
f 1665//1665 1666//1666 1673//1673
f 1665//1665 1673//1673 1784//1784
f 1674//1674 1673//1673 1666//1666
f 1607//1607 1610//1610 1711//1711
f 1670//1670 1671//1671 1676//1676
f 1676//1676 1675//1675 1670//1670
f 1658//1658 1778//1778 1779//1779
f 1656//1656 1657//1657 1663//1663
f 1776//1776 1657//1657 1656//1656
f 1663//1663 1662//1662 1656//1656
f 1656//1656 1775//1775 1776//1776
f 1776//1776 1663//1663 1657//1657
f 1658//1658 1659//1659 1665//1665
f 1779//1779 1659//1659 1658//1658
f 1658//1658 1665//1665 1784//1784
f 1616//1616 1719//1719 1721//1721
f 1784//1784 1778//1778 1658//1658
f 1659//1659 1660//1660 1667//1667
f 1666//1666 1665//1665 1659//1659
f 1667//1667 1666//1666 1659//1659
f 1779//1779 1772//1772 1659//1659
f 1660//1660 1661//1661 1667//1667
f 1661//1661 1662//1662 1669//1669
f 1738//1738 1736//1736 1631//1631
f 1733//1733 1630//1630 1628//1628
f 1628//1628 1731//1731 1733//1733
f 1629//1629 1631//1631 1736//1736
f 1736//1736 1734//1734 1629//1629
f 1737//1737 1632//1632 1630//1630
f 1630//1630 1733//1733 1735//1735
f 1630//1630 1735//1735 1737//1737
f 1631//1631 1633//1633 1738//1738
f 1734//1734 1732//1732 1627//1627
f 1737//1737 1634//1634 1632//1632
f 1633//1633 1635//1635 1738//1738
f 1741//1741 1636//1636 1634//1634
f 1634//1634 1737//1737 1739//1739
f 1634//1634 1739//1739 1741//1741
f 1635//1635 1637//1637 1742//1742
f 1740//1740 1738//1738 1635//1635
f 1742//1742 1740//1740 1635//1635
f 1625//1625 1627//1627 1730//1730
f 1727//1727 1624//1624 1622//1622
f 1621//1621 1623//1623 1726//1726
f 1622//1622 1725//1725 1727//1727
f 1623//1623 1625//1625 1728//1728
f 1728//1728 1726//1726 1623//1623
f 1731//1731 1626//1626 1624//1624
f 1624//1624 1727//1727 1729//1729
f 1624//1624 1729//1729 1731//1731
f 1749//1749 1647//1647 1636//1636
f 1730//1730 1728//1728 1625//1625
f 1731//1731 1628//1628 1626//1626
f 1725//1725 1622//1622 1620//1620
f 1726//1726 1724//1724 1619//1619
f 1627//1627 1629//1629 1734//1734
f 1619//1619 1621//1621 1726//1726
f 1732//1732 1730//1730 1627//1627
f 1645//1645 1646//1646 1747//1747
f 1643//1643 1644//1644 1745//1745
f 1755//1755 1744//1744 1643//1643
f 1643//1643 1745//1745 1755//1755
f 1644//1644 1645//1645 1747//1747
f 1746//1746 1745//1745 1644//1644
f 1747//1747 1746//1746 1644//1644
f 1618//1618 1721//1721 1723//1723
f 1725//1725 1620//1620 1618//1618
f 1642//1642 1744//1744 1754//1754
f 1724//1724 1722//1722 1617//1617
f 1646//1646 1647//1647 1749//1749
f 1722//1722 1720//1720 1617//1617
f 1748//1748 1747//1747 1646//1646
f 1749//1749 1748//1748 1646//1646
f 1617//1617 1619//1619 1724//1724
f 1648//1648 1649//1649 1750//1750
f 1650//1650 1649//1649 1639//1639
f 1636//1636 1741//1741 1749//1749
f 1637//1637 1638//1638 1742//1742
f 1638//1638 1639//1639 1649//1649
f 1649//1649 1648//1648 1638//1638
f 1638//1638 1648//1648 1750//1750
f 1743//1743 1742//1742 1638//1638
f 1750//1750 1743//1743 1638//1638
f 1639//1639 1640//1640 1650//1650
f 1785//1785 1676//1676 1671//1671
f 1640//1640 1641//1641 1651//1651
f 1651//1651 1650//1650 1640//1640
f 1641//1641 1642//1642 1652//1652
f 1652//1652 1651//1651 1641//1641
f 1618//1618 1723//1723 1725//1725
f 1642//1642 1643//1643 1744//1744
f 1754//1754 1652//1652 1642//1642
f 1815//1815 1813//1813 1707//1707
f 1703//1703 1705//1705 1813//1813
f 1813//1813 1811//1811 1703//1703
f 1814//1814 1706//1706 1704//1704
f 1704//1704 1812//1812 1814//1814
f 1705//1705 1707//1707 1813//1813
f 1816//1816 1708//1708 1706//1706
f 1706//1706 1814//1814 1816//1816
f 1707//1707 1709//1709 1817//1817
f 1702//1702 1810//1810 1812//1812
f 1817//1817 1815//1815 1707//1707
f 1816//1816 1710//1710 1708//1708
f 1594//1594 1696//1696 1699//1699
f 1699//1699 1595//1595 1594//1594
f 1709//1709 1711//1711 1712//1712
f 1709//1709 1712//1712 1820//1820
f 1820//1820 1817//1817 1709//1709
f 1821//1821 1713//1713 1710//1710
f 1809//1809 1805//1805 1701//1701
f 1671//1671 1781//1781 1785//1785
f 1704//1704 1601//1601 1599//1599
f 1705//1705 1703//1703 1598//1598
f 1700//1700 1807//1807 1808//1808
f 1598//1598 1600//1600 1705//1705
f 1702//1702 1599//1599 1597//1597
f 1701//1701 1703//1703 1811//1811
f 1703//1703 1701//1701 1596//1596
f 1710//1710 1816//1816 1818//1818
f 1811//1811 1809//1809 1701//1701
f 1596//1596 1598//1598 1703//1703
f 1812//1812 1704//1704 1702//1702
f 1595//1595 1700//1700 1702//1702
f 1595//1595 1699//1699 1700//1700
f 1702//1702 1808//1808 1810//1810
f 1702//1702 1597//1597 1595//1595
f 1831//1831 1723//1723 1721//1721
f 1715//1715 1823//1823 1825//1825
f 1717//1717 1720//1720 1827//1827
f 1827//1827 1824//1824 1717//1717
f 1825//1825 1719//1719 1718//1718
f 1826//1826 1721//1721 1719//1719
f 1719//1719 1825//1825 1826//1826
f 1720//1720 1722//1722 1830//1830
f 1830//1830 1827//1827 1720//1720
f 1715//1715 1821//1821 1823//1823
f 1721//1721 1826//1826 1829//1829
f 1695//1695 1591//1591 1590//1590
f 1721//1721 1829//1829 1831//1831
f 1722//1722 1724//1724 1830//1830
f 1831//1831 1725//1725 1723//1723
f 1724//1724 1726//1726 1834//1834
f 1589//1589 1693//1693 1696//1696
f 1714//1714 1717//1717 1824//1824
f 1710//1710 1818//1818 1821//1821
f 1820//1820 1712//1712 1711//1711
f 1711//1711 1714//1714 1822//1822
f 1701//1701 1697//1697 1593//1593
f 1593//1593 1596//1596 1701//1701
f 1711//1711 1819//1819 1820//1820
f 1822//1822 1819//1819 1711//1711
f 1821//1821 1715//1715 1713//1713
f 1808//1808 1702//1702 1700//1700
f 1696//1696 1594//1594 1592//1592
f 1824//1824 1822//1822 1714//1714
f 1719//1719 1716//1716 1715//1715
f 1715//1715 1718//1718 1719//1719
f 1697//1697 1695//1695 1590//1590
f 1590//1590 1593//1593 1697//1697
f 1825//1825 1718//1718 1715//1715
f 1604//1604 1607//1607 1711//1711
f 1678//1678 1682//1682 1793//1793
f 1793//1793 1791//1791 1678//1678
f 1713//1713 1608//1608 1606//1606
f 1680//1680 1681//1681 1684//1684
f 1685//1685 1684//1684 1681//1681
f 1794//1794 1685//1685 1681//1681
f 1711//1711 1709//1709 1604//1604
f 1681//1681 1790//1790 1792//1792
f 1683//1683 1682//1682 1678//1678
f 1681//1681 1792//1792 1794//1794
f 1682//1682 1686//1686 1795//1795
f 1795//1795 1793//1793 1682//1682
f 1794//1794 1687//1687 1685//1685
f 1686//1686 1688//1688 1797//1797
f 1797//1797 1795//1795 1686//1686
f 1709//1709 1605//1605 1604//1604
f 1796//1796 1691//1691 1687//1687
f 1606//1606 1710//1710 1713//1713
f 1672//1672 1673//1673 1679//1679
f 1788//1788 1673//1673 1672//1672
f 1672//1672 1679//1679 1791//1791
f 1672//1672 1787//1787 1788//1788
f 1791//1791 1787//1787 1672//1672
f 1788//1788 1784//1784 1673//1673
f 1676//1676 1677//1677 1681//1681
f 1790//1790 1677//1677 1676//1676
f 1699//1699 1804//1804 1807//1807
f 1606//1606 1708//1708 1710//1710
f 1681//1681 1680//1680 1676//1676
f 1676//1676 1785//1785 1789//1789
f 1676//1676 1789//1789 1790//1790
f 1790//1790 1681//1681 1677//1677
f 1678//1678 1679//1679 1683//1683
f 1791//1791 1679//1679 1678//1678
f 1696//1696 1801//1801 1804//1804
f 1803//1803 1800//1800 1692//1692
f 1693//1693 1694//1694 1801//1801
f 1801//1801 1696//1696 1693//1693
f 1802//1802 1801//1801 1694//1694
f 1695//1695 1697//1697 1698//1698
f 1695//1695 1698//1698 1803//1803
f 1706//1706 1603//1603 1601//1601
f 1804//1804 1699//1699 1696//1696
f 1603//1603 1706//1706 1708//1708
f 1600//1600 1602//1602 1705//1705
f 1805//1805 1698//1698 1697//1697
f 1697//1697 1701//1701 1805//1805
f 1806//1806 1803//1803 1698//1698
f 1698//1698 1805//1805 1806//1806
f 1807//1807 1700//1700 1699//1699
f 1599//1599 1702//1702 1704//1704
f 1692//1692 1695//1695 1803//1803
f 1687//1687 1794//1794 1796//1796
f 1708//1708 1606//1606 1603//1603
f 1688//1688 1689//1689 1692//1692
f 1688//1688 1692//1692 1799//1799
f 1799//1799 1797//1797 1688//1688
f 1709//1709 1707//1707 1602//1602
f 1690//1690 1691//1691 1693//1693
f 1707//1707 1705//1705 1602//1602
f 1694//1694 1693//1693 1691//1691
f 1802//1802 1694//1694 1691//1691
f 1691//1691 1796//1796 1798//1798
f 1691//1691 1798//1798 1802//1802
f 1602//1602 1605//1605 1709//1709
f 1601//1601 1704//1704 1706//1706
f 1800//1800 1799//1799 1692//1692
f 5202//5202 5203//5203 5206//5206
f 5201//5201 5199//5199 5198//5198
f 5201//5201 5192//5192 5191//5191
f 5191//5191 5190//5190 5186//5186
f 5196//5196 5195//5195 5194//5194
f 5185//5185 5183//5183 5182//5182
f 5185//5185 5179//5179 5177//5177
f 5177//5177 5176//5176 5173//5173
f 5172//5172 5174//5174 5175//5175
f 5168//5168 5167//5167 5166//5166
f 5164//5164 5163//5163 5160//5160
f 5152//5152 5156//5156 5157//5157
f 5152//5152 5151//5151 5148//5148
f 5153//5153 5154//5154 5155//5155
f 5133//5133 5138//5138 5139//5139
f 5135//5135 5136//5136 5137//5137
f 5126//5126 5127//5127 5128//5128
f 5117//5117 5118//5118 5125//5125
f 5117//5117 5120//5120 5116//5116
f 5120//5120 5123//5123 5119//5119
f 5121//5121 5122//5122 5123//5123


